"발생년","발생년월일시","발생분","주야","요일","사망자수","사상자수","중상자수","경상자수","부상신고자수","발생지시도","발생지시군구","사고유형_대분류","사고유형_중분류","사고유형","법규위반_대분류","법규위반","도로형태_대분류","도로형태","당사자종별_1당_대분류","당사자종별_1당","당사자종별_2당_대분류","당사자종별_2당","발생위치X_UTMK","발생위치Y_UTMK","경도","위도"
"2017","2017-01-11 16","35","주간","수","1","4","1","2","0","충남","서천군","차대사람","길가장자리구역통행중","길가장자리구역통행중","운전자법규위반","안전운전 의무 불이행","단일로","기타단일로","승합차","승합차","보행자","보행자","929286","1789463","126.71442034","36.09957062"
"2017","2017-01-11 18","10","야간","수","1","1","0","0","0","경남","거제시","차대사람","횡단중","횡단중","운전자법규위반","안전운전 의무 불이행","단일로","기타단일로","승용차","승용차","보행자","보행자","1089492","1652465","128.47906994","34.86293209"
"2017","2017-01-11 18","40","야간","수","1","1","0","0","0","전남","담양군","차대사람","기타","기타","운전자법규위반","안전운전 의무 불이행","단일로","교량위","승용차","승용차","보행자","보행자","958440","1705399","127.04263924","35.34332935"
"2017","2017-01-11 20","05","야간","수","1","1","0","0","0","울산","동구","차량단독","전도전복","전도전복","운전자법규위반","안전운전 의무 불이행","단일로","기타단일로","원동기장치자전거","원동기장치자전거","없음","없음","1173237","1722746","129.40968575","35.48549476"
"2017","2017-01-12 05","20","야간","목","1","1","0","0","0","전남","여수시","차대사람","횡단중","횡단중","운전자법규위반","과속","단일로","기타단일로","승용차","승용차","보행자","보행자","1016034","1641146","127.67521165","34.76467606"
"2017","2017-01-12 06","45","주간","목","1","1","0","0","0","경기","부천시","차대차","측면충돌","측면충돌","운전자법규위반","안전운전 의무 불이행","교차로","교차로내","승용차","승용차","자전거","자전거","937107","1948336","126.78897113","37.53221928"
"2017","2017-01-12 08","50","주간","목","1","1","0","0","0","서울","송파구","차대차","정면충돌","정면충돌","운전자법규위반","중앙선 침범","단일로","기타단일로","자전거","자전거","승합차","승합차","968349","1944620","127.14191597","37.50030167"
"2017","2017-01-12 12","45","주간","목","1","1","0","0","0","충북","진천군","차대사람","횡단중","횡단중","운전자법규위반","안전운전 의무 불이행","주차장","주차장","화물차","화물차","보행자","보행자","994816","1887858","127.4417454","36.98917424"
"2017","2017-01-12 18","35","야간","목","1","1","0","0","0","충북","청주시","차대사람","횡단중","횡단중","운전자법규위반","과속","단일로","기타단일로","승용차","승용차","보행자","보행자","1006879","1842270","127.57689029","36.57819892"
"2017","2017-01-12 22","00","야간","목","1","1","0","0","0","경남","진주시","차량단독","도로이탈","도로이탈 추락","운전자법규위반","안전운전 의무 불이행","단일로","기타단일로","화물차","화물차","없음","없음","1058668","1700260","128.14525409","35.2961352"
"2017","2017-01-13 01","17","야간","금","1","1","0","0","0","경기","김포시","차량단독","전도전복","전도전복","운전자법규위반","안전운전 의무 불이행","교차로","교차로부근","이륜차","이륜차","없음","없음","927709","1960838","126.68056565","37.64418029"
"2017","2017-01-13 06","30","주간","금","1","1","0","0","0","서울","동작구","차대사람","횡단중","횡단중","운전자법규위반","신호위반","교차로","교차로내","승합차","승합차","보행자","보행자","949772","1946151","126.93164793","37.51327688"
"2017","2017-01-13 07","10","주간","금","1","2","0","1","0","충남","논산시","차대사람","횡단중","횡단중","운전자법규위반","과속","교차로","교차로부근","승용차","승용차","보행자","보행자","962807","1799724","127.08631544","36.19394133"
"2017","2017-01-13 11","45","주간","금","1","1","0","0","0","서울","서초구","차대사람","횡단중","횡단중","운전자법규위반","안전운전 의무 불이행","교차로","교차로부근","특수차","특수차","보행자","보행자","954182","1942122","126.98179806","37.47719185"
"2017","2017-01-13 12","25","주간","금","1","1","0","0","0","충남","서산시","차대사람","횡단중","횡단중","운전자법규위반","안전운전 의무 불이행","단일로","기타단일로","승용차","승용차","보행자","보행자","900814","1860719","126.38905135","36.7393547"
"2017","2017-01-13 18","13","야간","금","1","6","2","3","0","부산","금정구","차대차","추돌","추돌","운전자법규위반","안전거리 미확보","단일로","기타단일로","승용차","승용차","승용차","승용차","1146467","1695143","129.10974629","35.24101113"
"2017","2017-01-13 18","50","야간","금","1","1","0","0","0","경기","안산시","차대사람","횡단중","횡단중","운전자법규위반","신호위반","교차로","교차로부근","승합차","승합차","보행자","보행자","935871","1924364","126.77625424","37.31604745"
"2017","2017-01-13 18","05","야간","금","1","3","0","2","0","강원","평창군","차대사람","횡단중","횡단중","운전자법규위반","안전운전 의무 불이행","단일로","기타단일로","승용차","승용차","보행자","보행자","1079256","1930618","128.39511739","37.37124632"
"2017","2017-01-14 03","20","야간","토","1","2","0","1","0","경기","화성시","차대차","정면충돌","정면충돌","운전자법규위반","중앙선 침범","단일로","기타단일로","승용차","승용차","건설기계","건설기계","966330","1908107","127.12073282","37.1711123"
"2017","2017-01-14 04","03","야간","토","1","1","0","0","0","대구","남구","차대사람","기타","기타","운전자법규위반","안전운전 의무 불이행","단일로","기타단일로","승용차","승용차","보행자","보행자","1097239","1760778","128.57669497","35.83869882"
"2017","2017-01-14 06","50","주간","토","1","1","0","0","0","경기","안산시","차대사람","기타","기타","운전자법규위반","과속","단일로","기타단일로","화물차","화물차","보행자","보행자","945507","1921817","126.88518472","37.29370535"
"2017","2017-01-14 07","10","주간","토","1","1","0","0","0","전남","무안군","차대사람","기타","기타","운전자법규위반","안전운전 의무 불이행","단일로","기타단일로","건설기계","건설기계","보행자","보행자","890336","1680404","126.29660034","35.11283853"
"2017","2017-01-14 07","05","주간","토","1","1","0","0","0","경기","오산시","차대사람","횡단중","횡단중","운전자법규위반","안전운전 의무 불이행","단일로","기타단일로","승용차","승용차","보행자","보행자","962092","1906390","127.07308313","37.15547298"
"2017","2017-01-14 09","52","주간","토","1","1","0","0","0","충북","보은군","차량단독","전도전복","전도전복","운전자법규위반","안전운전 의무 불이행","단일로","기타단일로","승용차","승용차","없음","없음","1022127","1833268","127.74706614","36.49681369"
"2017","2017-01-14 13","30","주간","토","2","2","0","0","0","경북","구미시","차대사람","횡단중","횡단중","운전자법규위반","안전운전 의무 불이행","단일로","기타단일로","승용차","승용차","보행자","보행자","1075185","1793441","128.33562441","36.13509561"
"2017","2017-01-14 19","01","야간","토","1","1","0","0","0","경북","울진군","차대차","정면충돌","정면충돌","운전자법규위반","중앙선 침범","단일로","기타단일로","원동기장치자전거","원동기장치자전거","승용차","승용차","1173985","1867194","129.44987841","36.78692552"
"2017","2017-01-14 19","35","야간","토","1","1","0","0","0","충남","홍성군","차대사람","차도통행중","차도통행중","운전자법규위반","안전운전 의무 불이행","단일로","기타단일로","승용차","승용차","보행자","보행자","914929","1845363","126.54883245","36.60231141"
"2017","2017-01-14 23","10","야간","토","1","2","1","0","0","충남","아산시","차대차","측면충돌","측면충돌","운전자법규위반","안전운전 의무 불이행","불명","불명","승용차","승용차","승용차","승용차","954557","1878058","126.98993789","36.89975148"
"2017","2017-01-14 23","06","야간","토","1","3","2","0","0","광주","북구","차대사람","횡단중","횡단중","운전자법규위반","과속","단일로","기타단일로","승용차","승용차","보행자","보행자","941491","1686712","126.85745861","35.17398868"
"2017","2017-01-15 04","54","야간","일","1","1","0","0","0","전남","진도군","차대사람","횡단중","횡단중","운전자법규위반","안전운전 의무 불이행","교차로","교차로내","화물차","화물차","보행자","보행자","886798","1610332","126.26722782","34.48071788"
"2017","2017-01-15 06","15","주간","일","1","1","0","0","0","울산","남구","차대사람","횡단중","횡단중","운전자법규위반","과속","교차로","교차로횡단보도내","화물차","화물차","보행자","보행자","1159345","1728581","129.25776","35.54040833"
"2017","2017-01-15 07","45","주간","일","1","1","0","0","0","전북","전주시","차대사람","횡단중","횡단중","운전자법규위반","보행자 보호의무 위반","단일로","기타단일로","승용차","승용차","보행자","보행자","962217","1763244","127.0814965","35.86502728"
"2017","2017-01-15 07","05","주간","일","1","1","0","0","0","경북","경주시","차대사람","횡단중","횡단중","운전자법규위반","신호위반","단일로","기타단일로","승용차","승용차","보행자","보행자","1157983","1759182","129.24875026","35.81640962"
"2017","2017-01-15 09","35","주간","일","1","1","0","0","0","서울","양천구","차대사람","횡단중","횡단중","운전자법규위반","신호위반","단일로","기타단일로","승용차","승용차","보행자","보행자","943719","1949882","126.86287325","37.5465552"
"2017","2017-01-15 13","50","주간","일","1","1","0","0","0","전남","여수시","차대사람","횡단중","횡단중","운전자법규위반","안전운전 의무 불이행","단일로","기타단일로","승용차","승용차","보행자","보행자","1021100","1638456","127.73050264","34.74032611"
"2017","2017-01-15 14","40","주간","일","1","1","0","0","0","전남","순천시","차대차","정면충돌","정면충돌","운전자법규위반","중앙선 침범","단일로","기타단일로","이륜차","이륜차","승용차","승용차","996976","1659282","127.46688971","34.92834207"
"2017","2017-01-15 18","36","야간","일","1","1","0","0","0","충남","청양군","차대사람","기타","기타","운전자법규위반","안전운전 의무 불이행","단일로","기타단일로","승용차","승용차","보행자","보행자","933259","1822979","126.75569386","36.40199208"
"2017","2017-01-15 19","49","야간","일","1","1","0","0","0","경북","김천시","차대사람","기타","기타","운전자법규위반","안전운전 의무 불이행","단일로","기타단일로","특수차","특수차","보행자","보행자","1068427","1799053","128.26100943","36.18618769"
"2017","2017-01-15 19","15","야간","일","1","4","1","2","0","강원","인제군","차대차","정면충돌","정면충돌","운전자법규위반","중앙선 침범","단일로","기타단일로","승용차","승용차","승합차","승합차","1063192","2014471","128.22100107","38.12821166"
"2017","2017-01-15 20","40","야간","일","1","2","0","1","0","경북","경산시","차대차","측면충돌","측면충돌","운전자법규위반","중앙선 침범","교차로","교차로부근","이륜차","이륜차","이륜차","이륜차","1114342","1761255","128.76610073","35.84115281"
"2017","2017-01-16 05","20","야간","월","1","1","0","0","0","경남","창원시(통합)","차대사람","횡단중","횡단중","운전자법규위반","안전운전 의무 불이행","교차로","교차로내","승용차","승용차","보행자","보행자","1108157","1698819","128.68928325","35.27901656"
"2017","2017-01-16 05","12","야간","월","1","3","1","1","0","서울","강남구","차대차","기타","기타","운전자법규위반","안전운전 의무 불이행","교차로","교차로내","승용차","승용차","이륜차","이륜차","958239","1944403","127.0275518","37.49794369"
"2017","2017-01-16 05","52","야간","월","1","1","0","0","0","경기","구리시","차대사람","횡단중","횡단중","운전자법규위반","안전운전 의무 불이행","단일로","기타단일로","승용차","승용차","보행자","보행자","968554","1955925","127.14375053","37.60220532"
"2017","2017-01-16 06","21","주간","월","1","1","0","0","0","서울","강서구","차대사람","횡단중","횡단중","운전자법규위반","안전운전 의무 불이행","단일로","기타단일로","승용차","승용차","보행자","보행자","942464","1949674","126.84868321","37.54460299"
"2017","2017-01-16 07","10","주간","월","1","1","0","0","0","전북","장수군","차대사람","횡단중","횡단중","운전자법규위반","과속","교차로","교차로내","승합차","승합차","보행자","보행자","999319","1729142","127.49248573","35.55827946"
"2017","2017-01-16 07","30","주간","월","1","4","3","0","0","경남","양산시","차대차","측면충돌","측면충돌","운전자법규위반","안전운전 의무 불이행","교차로","교차로부근","화물차","화물차","승용차","승용차","1139949","1705057","129.0398304","35.3313031"
"2017","2017-01-16 07","15","주간","월","1","1","0","0","0","울산","동구","차대차","정면충돌","정면충돌","운전자법규위반","중앙선 침범","단일로","기타단일로","이륜차","이륜차","승용차","승용차","1175066","1725478","129.43042677","35.50979366"
"2017","2017-01-16 08","30","주간","월","1","1","0","0","0","충북","진천군","차대사람","기타","기타","운전자법규위반","안전운전 의무 불이행","단일로","기타단일로","승용차","승용차","보행자","보행자","994373","1872532","127.43688121","36.85101476"
"2017","2017-01-16 08","11","주간","월","1","2","1","0","0","제주","서귀포시","차대차","정면충돌","정면충돌","운전자법규위반","안전운전 의무 불이행","단일로","기타단일로","승합차","승합차","이륜차","이륜차","881332","1473256","126.22620303","33.24409439"
"2017","2017-01-16 10","40","주간","월","1","2","1","0","0","제주","제주시","차대차","추돌","추돌","운전자법규위반","안전운전 의무 불이행","단일로","기타단일로","화물차","화물차","승용차","승용차","917562","1499530","126.61264883","33.48442835"
"2017","2017-01-16 11","45","주간","월","1","1","0","0","0","충남","당진시","차대차","정면충돌","정면충돌","운전자법규위반","교차로 통행방법 위반","교차로","교차로내","승용차","승용차","이륜차","이륜차","940852","1867665","126.83692794","36.80530856"
"2017","2017-01-16 12","05","주간","월","1","2","0","1","0","전북","익산시","차대차","측면충돌","측면충돌","운전자법규위반","신호위반","교차로","교차로내","화물차","화물차","승용차","승용차","956600","1794233","127.01758271","36.14417944"
"2017","2017-01-16 13","45","주간","월","1","1","0","0","0","대전","동구","차대사람","횡단중","횡단중","운전자법규위반","보행자 보호의무 위반","단일로","기타단일로","화물차","화물차","보행자","보행자","993026","1816644","127.42227876","36.34717376"
"2017","2017-01-16 14","50","주간","월","1","1","0","0","0","전남","화순군","차대차","측면충돌","측면충돌","운전자법규위반","안전운전 의무 불이행","교차로","교차로횡단보도내","자전거","자전거","화물차","화물차","954213","1674620","126.99783476","35.06561667"
"2017","2017-01-16 15","12","주간","월","1","3","1","1","0","전남","여수시","차대사람","기타","기타","운전자법규위반","안전운전 의무 불이행","단일로","교량위","화물차","화물차","보행자","보행자","1018700","1655538","127.70466508","34.89441249"
"2017","2017-01-16 15","49","주간","월","1","1","0","0","0","광주","광산구","차대사람","횡단중","횡단중","운전자법규위반","중앙선 침범","교차로","교차로부근","승용차","승용차","보행자","보행자","935909","1682432","126.79694652","35.13499317"
"2017","2017-01-16 18","50","야간","월","1","1","0","0","0","경북","포항시","차대사람","기타","기타","운전자법규위반","안전운전 의무 불이행","단일로","기타단일로","승용차","승용차","보행자","보행자","1156504","1786150","129.2376987","36.05967934"
"2017","2017-01-16 20","53","야간","월","1","1","0","0","0","서울","관악구","차대사람","횡단중","횡단중","운전자법규위반","안전운전 의무 불이행","단일로","기타단일로","승용차","승용차","보행자","보행자","949781","1943312","126.93194366","37.48768884"
"2017","2017-01-17 00","45","야간","화","1","1","0","0","0","경북","칠곡군","차량단독","전도전복","전도전복","운전자법규위반","안전운전 의무 불이행","단일로","기타단일로","승용차","승용차","없음","없음","1081118","1782454","128.40042789","36.03557296"
"2017","2017-01-17 05","24","야간","화","1","1","0","0","0","강원","춘천시","차대사람","횡단중","횡단중","운전자법규위반","안전운전 의무 불이행","단일로","기타단일로","승용차","승용차","보행자","보행자","1020041","1985290","127.72785392","37.86719827"
"2017","2017-01-17 06","07","주간","화","1","1","0","0","0","경기","광명시","차대사람","차도통행중","차도통행중","운전자법규위반","안전운전 의무 불이행","단일로","기타단일로","화물차","화물차","보행자","보행자","944648","1940195","126.87411865","37.45930136"
"2017","2017-01-17 06","17","주간","화","1","1","0","0","0","서울","관악구","차대사람","횡단중","횡단중","운전자법규위반","안전운전 의무 불이행","단일로","기타단일로","승합차","승합차","보행자","보행자","948061","1941725","126.91260064","37.47328971"
"2017","2017-01-17 08","10","주간","화","2","2","0","0","0","경남","하동군","차대차","정면충돌","정면충돌","운전자법규위반","중앙선 침범","단일로","기타단일로","화물차","화물차","화물차","화물차","1028214","1670188","127.80928738","35.02629704"
"2017","2017-01-17 12","50","주간","화","1","1","0","0","0","강원","원주시","차량단독","전도전복","전도전복","운전자법규위반","안전운전 의무 불이행","단일로","기타단일로","이륜차","이륜차","없음","없음","1026369","1913868","127.79723159","37.22327667"
"2017","2017-01-17 12","50","주간","화","1","1","0","0","0","부산","강서구","차대차","정면충돌","정면충돌","운전자법규위반","안전운전 의무 불이행","단일로","기타단일로","승용차","승용차","화물차","화물차","1121282","1674658","128.83928928","35.0840284"
"2017","2017-01-17 16","13","주간","화","1","2","1","0","0","경남","창원시(통합)","차대차","측면충돌","측면충돌","운전자법규위반","안전거리 미확보","교차로","교차로부근","승용차","승용차","승합차","승합차","1119108","1679991","128.80695107","35.10804238"
"2017","2017-01-17 16","30","주간","화","1","1","0","0","0","경기","고양시","차대사람","횡단중","횡단중","운전자법규위반","안전운전 의무 불이행","교차로","교차로부근","승합차","승합차","보행자","보행자","946775","1961752","126.89660334","37.65372126"
"2017","2017-01-17 17","08","주간","화","1","5","2","1","1","울산","울주군","차대차","측면충돌","측면충돌","운전자법규위반","신호위반","교차로","교차로내","승용차","승용차","승용차","승용차","1166427","1719352","129.33395562","35.4560722"
"2017","2017-01-17 18","30","야간","화","1","1","0","0","0","경기","하남시","차대차","정면충돌","정면충돌","운전자법규위반","중앙선 침범","단일로","기타단일로","화물차","화물차","이륜차","이륜차","973217","1945852","127.1969445","37.51156044"
"2017","2017-01-17 18","45","야간","화","1","3","1","1","0","경북","경주시","차대차","측면충돌","측면충돌","운전자법규위반","안전운전 의무 불이행","단일로","기타단일로","승용차","승용차","승합차","승합차","1152940","1758535","129.19282654","35.81137772"
"2017","2017-01-17 19","33","야간","화","1","1","0","0","0","경기","용인시","차대사람","횡단중","횡단중","운전자법규위반","안전운전 의무 불이행","단일로","기타단일로","승용차","승용차","보행자","보행자","976526","1922751","127.23512026","37.30342482"
"2017","2017-01-17 23","20","야간","화","1","1","0","0","0","충남","아산시","차대차","추돌","추돌","운전자법규위반","신호위반","단일로","기타단일로","승용차","승용차","화물차","화물차","956184","1861933","127.0091285","36.75447191"
"2017","2017-01-18 01","10","야간","수","1","1","0","0","0","전북","전주시","차대사람","보도통행중","보도통행중","운전자법규위반","보행자 보호의무 위반","단일로","기타단일로","승용차","승용차","보행자","보행자","964672","1758135","127.1089149","35.81905633"
"2017","2017-01-18 04","50","야간","수","1","8","5","2","0","강원","춘천시","차대차","추돌","추돌","운전자법규위반","안전운전 의무 불이행","교차로","교차로부근","승용차","승용차","화물차","화물차","1022097","1985688","127.75124136","37.8707379"
"2017","2017-01-18 05","30","야간","수","1","1","0","0","0","인천","남동구","차량단독","전도전복","전도전복","운전자법규위반","안전운전 의무 불이행","교차로","교차로내","승용차","승용차","없음","없음","933440","1937649","126.74762551","37.43561523"
"2017","2017-01-18 06","50","주간","수","1","1","0","0","0","경기","성남시","차대사람","횡단중","횡단중","운전자법규위반","안전운전 의무 불이행","단일로","기타단일로","승합차","승합차","보행자","보행자","967350","1936749","127.13096286","37.42932135"
"2017","2017-01-18 06","23","주간","수","1","2","0","1","0","전남","장성군","차대차","측면충돌","측면충돌","운전자법규위반","안전운전 의무 불이행","교차로","교차로내","화물차","화물차","화물차","화물차","938376","1715376","126.8210965","35.43224725"
"2017","2017-01-18 06","20","주간","수","1","1","0","0","0","전남","목포시","차대사람","횡단중","횡단중","운전자법규위반","과속","단일로","기타단일로","승용차","승용차","보행자","보행자","901524","1646155","126.42339794","34.80520957"
"2017","2017-01-18 07","00","주간","수","1","1","0","0","0","전남","영광군","차대사람","횡단중","횡단중","운전자법규위반","안전운전 의무 불이행","단일로","기타단일로","승용차","승용차","보행자","보행자","904378","1707313","126.44753645","35.35687018"
"2017","2017-01-18 08","19","주간","수","1","1","0","0","0","경기","의정부시","차대차","정면충돌","정면충돌","운전자법규위반","안전운전 의무 불이행","단일로","기타단일로","승용차","승용차","승합차","승합차","961869","1970629","127.0672496","37.7344818"
"2017","2017-01-18 11","35","주간","수","1","1","0","0","0","경북","성주군","차대차","측면충돌","측면충돌","운전자법규위반","안전운전 의무 불이행","불명","불명","이륜차","이륜차","화물차","화물차","1068782","1775473","128.2629009","35.97358836"
"2017","2017-01-18 11","50","주간","수","1","2","0","1","0","경기","양평군","차대차","측면충돌","측면충돌","운전자법규위반","중앙선 침범","단일로","기타단일로","승용차","승용차","건설기계","건설기계","1005786","1942511","127.56544397","37.48181641"
"2017","2017-01-18 14","20","주간","수","1","1","0","0","0","강원","화천군","차대차","측면충돌","측면충돌","운전자법규위반","안전운전 의무 불이행","단일로","기타단일로","화물차","화물차","이륜차","이륜차","1014459","2006559","127.66481818","38.05899977"
"2017","2017-01-18 14","58","주간","수","1","1","0","0","0","서울","서대문구","차대사람","횡단중","횡단중","운전자법규위반","안전운전 의무 불이행","단일로","기타단일로","승용차","승용차","보행자","보행자","949586","1952686","126.92909438","37.57216769"
"2017","2017-01-18 16","00","주간","수","2","2","0","0","0","광주","광산구","차대차","추돌","추돌","운전자법규위반","안전운전 의무 불이행","단일로","기타단일로","화물차","화물차","건설기계","건설기계","925573","1685489","126.68277281","35.16190842"
"2017","2017-01-18 17","24","주간","수","1","6","1","4","0","대구","북구","차대차","추돌","추돌","운전자법규위반","안전운전 의무 불이행","단일로","기타단일로","화물차","화물차","승용차","승용차","1094695","1767235","128.54929755","35.89715533"
"2017","2017-01-18 18","21","야간","수","1","1","0","0","0","전북","익산시","차대사람","횡단중","횡단중","운전자법규위반","보행자 보호의무 위반","교차로","교차로횡단보도내","화물차","화물차","보행자","보행자","951388","1774444","126.96958844","35.94602655"
"2017","2017-01-18 18","24","야간","수","1","1","0","0","0","대구","동구","차대사람","횡단중","횡단중","운전자법규위반","보행자 보호의무 위반","교차로","교차로횡단보도내","승용차","승용차","보행자","보행자","1100816","1764480","128.61676323","35.87170894"
"2017","2017-01-18 23","56","야간","수","1","1","0","0","0","인천","남동구","차대사람","횡단중","횡단중","운전자법규위반","안전운전 의무 불이행","단일로","기타단일로","승용차","승용차","보행자","보행자","932389","1939065","126.73561645","37.44830135"
"2017","2017-01-19 00","54","야간","목","1","3","2","0","0","경남","김해시","차대차","정면충돌","정면충돌","운전자법규위반","중앙선 침범","단일로","기타단일로","승용차","승용차","승용차","승용차","1124227","1691507","128.86484035","35.21123649"
"2017","2017-01-19 01","50","야간","목","1","1","0","0","0","경남","양산시","차량단독","전도","전도","운전자법규위반","안전운전 의무 불이행","단일로","기타단일로","화물차","화물차","없음","없음","1135430","1714405","128.9916741","35.41618732"
"2017","2017-01-19 01","43","야간","목","1","1","0","0","0","대구","달성군","차량단독","공작물충돌","공작물충돌","운전자법규위반","안전운전 의무 불이행","단일로","기타단일로","화물차","화물차","없음","없음","1088634","1750363","128.48027391","35.74562415"
"2017","2017-01-19 04","50","야간","목","2","2","0","0","0","경북","상주시","차량단독","공작물충돌","공작물충돌","운전자법규위반","안전운전 의무 불이행","단일로","기타단일로","승용차","승용차","없음","없음","1063292","1824757","128.20599008","36.41825362"
"2017","2017-01-19 05","34","야간","목","1","1","0","0","0","경기","화성시","차량단독","전도전복","전도전복","운전자법규위반","안전운전 의무 불이행","교차로","교차로부근","이륜차","이륜차","없음","없음","958656","1912352","127.03405831","37.20906787"
"2017","2017-01-19 06","40","주간","목","1","1","0","0","0","전남","무안군","차대사람","횡단중","횡단중","운전자법규위반","안전운전 의무 불이행","단일로","기타단일로","화물차","화물차","보행자","보행자","901986","1651684","126.42784238","34.85460503"
"2017","2017-01-19 06","25","주간","목","1","1","0","0","0","경남","남해군","차대사람","횡단중","횡단중","운전자법규위반","신호위반","교차로","교차로내","건설기계","건설기계","보행자","보행자","1034441","1655346","127.87693447","34.89226901"
"2017","2017-01-19 06","55","주간","목","1","1","0","0","0","경기","가평군","차대차","기타","기타","운전자법규위반","안전운전 의무 불이행","단일로","기타단일로","화물차","화물차","자전거","자전거","997586","1976060","127.47258499","37.78422402"
"2017","2017-01-19 06","55","주간","목","1","1","0","0","0","전남","장성군","차대사람","횡단중","횡단중","운전자법규위반","안전운전 의무 불이행","교차로","교차로횡단보도내","승합차","승합차","보행자","보행자","923477","1696487","126.65884138","35.26144245"
"2017","2017-01-19 12","24","주간","목","1","1","0","0","0","경기","부천시","차대사람","횡단중","횡단중","운전자법규위반","안전운전 의무 불이행","단일로","기타단일로","승용차","승용차","보행자","보행자","939646","1942597","126.81736623","37.48063769"
"2017","2017-01-19 13","53","주간","목","1","1","0","0","0","서울","마포구","차대사람","차도통행중","차도통행중","운전자법규위반","안전운전 의무 불이행","단일로","기타단일로","승합차","승합차","보행자","보행자","948043","1950095","126.91180536","37.54872896"
"2017","2017-01-19 16","40","주간","목","1","1","0","0","0","경기","군포시","차량단독","공작물충돌","공작물충돌","운전자법규위반","안전운전 의무 불이행","단일로","기타단일로","승용차","승용차","없음","없음","949271","1930468","126.92705801","37.37189386"
"2017","2017-01-19 18","30","야간","목","1","1","0","0","0","충남","아산시","차대차","추돌","추돌","운전자법규위반","안전운전 의무 불이행","불명","불명","화물차","화물차","화물차","화물차","957414","1865056","127.02273333","36.78268014"
"2017","2017-01-19 20","57","야간","목","1","1","0","0","0","경기","김포시","차대사람","길가장자리구역통행중","길가장자리구역통행중","운전자법규위반","안전운전 의무 불이행","단일로","기타단일로","승용차","승용차","보행자","보행자","919034","1961077","126.58221707","37.64561028"
"2017","2017-01-19 20","35","야간","목","1","1","0","0","0","경기","가평군","차대차","측면충돌","측면충돌","운전자법규위반","안전운전 의무 불이행","단일로","기타단일로","자전거","자전거","승용차","승용차","992092","1970357","127.41025359","37.73279036"
"2017","2017-01-20 01","12","야간","금","1","2","1","0","0","경기","시흥시","차대차","추돌","추돌","운전자법규위반","안전운전 의무 불이행","단일로","기타단일로","화물차","화물차","화물차","화물차","942128","1933419","126.84615732","37.39807367"
"2017","2017-01-20 02","50","야간","금","1","1","0","0","0","인천","서구","차대차","측면충돌","측면충돌","운전자법규위반","과속","교차로","교차로내","승용차","승용차","승용차","승용차","927832","1943610","126.68365607","37.4889201"
"2017","2017-01-20 02","35","야간","금","1","1","0","0","0","경북","구미시","차량단독","전도전복","전도전복","운전자법규위반","안전운전 의무 불이행","단일로","기타단일로","승용차","승용차","없음","없음","1076104","1792833","128.34577859","36.12954294"
"2017","2017-01-20 02","15","야간","금","1","2","0","0","1","경기","고양시","차대차","추돌","추돌","운전자법규위반","안전운전 의무 불이행","교차로","교차로내","승용차","승용차","승용차","승용차","932455","1963301","126.73413006","37.66673976"
"2017","2017-01-20 05","22","야간","금","1","5","1","3","0","충남","서산시","차대차","측면충돌","측면충돌","운전자법규위반","안전운전 의무 불이행","단일로","기타단일로","화물차","화물차","화물차","화물차","917611","1868766","126.57629448","36.81349462"
"2017","2017-01-20 09","25","주간","금","1","3","1","1","0","경북","영천시","차대차","정면충돌","정면충돌","운전자법규위반","중앙선 침범","단일로","기타단일로","화물차","화물차","승용차","승용차","1127656","1775570","128.91578423","35.96853522"
"2017","2017-01-20 09","20","주간","금","1","3","2","0","0","경기","포천시","차량단독","공작물충돌","공작물충돌","운전자법규위반","안전운전 의무 불이행","단일로","기타단일로","승용차","승용차","없음","없음","978116","1978484","127.25139842","37.80581293"
"2017","2017-01-20 10","51","주간","금","1","1","0","0","0","부산","동래구","차대차","측면충돌","측면충돌","운전자법규위반","교차로 통행방법 위반","교차로","교차로내","승용차","승용차","원동기장치자전거","원동기장치자전거","1144121","1693119","129.08362212","35.2231058"
"2017","2017-01-20 10","26","주간","금","1","1","0","0","0","서울","영등포구","차대사람","횡단중","횡단중","운전자법규위반","보행자 보호의무 위반","교차로","교차로내","승용차","승용차","보행자","보행자","946822","1945294","126.89833102","37.50538728"
"2017","2017-01-20 11","20","주간","금","1","2","1","0","0","서울","광진구","차대차","측면충돌","측면충돌","운전자법규위반","중앙선 침범","단일로","기타단일로","승용차","승용차","이륜차","이륜차","962129","1950299","127.07125472","37.55125436"
"2017","2017-01-20 12","15","주간","금","1","18","10","7","0","강원","원주시","차량단독","전도","전도","운전자법규위반","기타(운전자법규위반)","단일로","교량위","승합차","승합차","없음","없음","1043082","1934028","127.98678599","37.4043688"
"2017","2017-01-20 14","50","주간","금","2","5","2","1","0","강원","삼척시","차대차","측면충돌","측면충돌","운전자법규위반","과속","단일로","교량위","승합차","승합차","승용차","승용차","1163623","1908859","129.34283816","37.16416612"
"2017","2017-01-20 15","00","주간","금","1","1","0","0","0","대구","북구","차대사람","횡단중","횡단중","운전자법규위반","안전운전 의무 불이행","단일로","기타단일로","승용차","승용차","보행자","보행자","1098607","1766759","128.59257978","35.89247791"