"발생년","발생년월일시","발생분","주야","요일","사망자수","사상자수","중상자수","경상자수","부상신고자수","발생지시도","발생지시군구","사고유형_대분류","사고유형_중분류","사고유형","법규위반_대분류","법규위반","도로형태_대분류","도로형태","당사자종별_1당_대분류","당사자종별_1당","당사자종별_2당_대분류","당사자종별_2당","발생위치X_UTMK","발생위치Y_UTMK","경도","위도"
"2017","2017-01-20 16","40","주간","금","1","1","0","0","0","충북","옥천군","차량단독","전도","전도","운전자법규위반","안전운전 의무 불이행","단일로","기타단일로","화물차","화물차","없음","없음","1017276","1822185","127.69265385","36.3969979"
"2017","2017-01-20 18","46","야간","금","1","3","0","2","0","경기","파주시","차대차","기타","기타","운전자법규위반","신호위반","교차로","교차로내","승용차","승용차","승용차","승용차","931878","1970443","126.72681779","37.73107571"
"2017","2017-01-20 20","45","야간","금","1","1","0","0","0","경기","광주시","차대사람","기타","기타","운전자법규위반","안전운전 의무 불이행","단일로","기타단일로","승용차","승용차","보행자","보행자","979519","1933939","127.26858352","37.40434217"
"2017","2017-01-20 21","40","야간","금","1","1","0","0","0","인천","부평구","차대사람","횡단중","횡단중","운전자법규위반","안전운전 의무 불이행","단일로","기타단일로","승용차","승용차","보행자","보행자","931793","1944613","126.72836495","37.49826109"
"2017","2017-01-20 22","55","야간","금","1","1","0","0","0","전남","여수시","차대사람","기타","기타","운전자법규위반","안전운전 의무 불이행","단일로","기타단일로","승용차","승용차","보행자","보행자","1020616","1638285","127.72512835","34.73888339"
"2017","2017-01-20 23","46","야간","금","1","1","0","0","0","경기","군포시","차대사람","횡단중","횡단중","운전자법규위반","안전운전 의무 불이행","단일로","기타단일로","승합차","승합차","보행자","보행자","950701","1930437","126.94321003","37.37169157"
"2017","2017-01-21 02","40","야간","토","1","1","0","0","0","서울","성동구","차량단독","공작물충돌","공작물충돌","운전자법규위반","안전운전 의무 불이행","단일로","지하차도(도로)내","승용차","승용차","없음","없음","960547","1950283","127.05334593","37.55104375"
"2017","2017-01-21 03","30","야간","토","1","2","0","1","0","전북","익산시","차대차","추돌","추돌","운전자법규위반","안전운전 의무 불이행","단일로","기타단일로","승용차","승용차","이륜차","이륜차","951902","1772271","126.96670055","35.94595966"
"2017","2017-01-21 05","28","야간","토","1","1","0","0","0","경기","안산시","차대사람","차도통행중","차도통행중","운전자법규위반","안전운전 의무 불이행","단일로","기타단일로","승용차","승용차","보행자","보행자","946936","1922664","126.90124603","37.30142242"
"2017","2017-01-21 05","36","야간","토","1","1","0","0","0","부산","연제구","차대사람","횡단중","횡단중","운전자법규위반","보행자 보호의무 위반","교차로","교차로횡단보도내","건설기계","건설기계","보행자","보행자","1146340","1689276","129.10728093","35.18805552"
"2017","2017-01-21 06","00","주간","토","1","1","0","0","0","대구","서구","차대사람","횡단중","횡단중","운전자법규위반","안전운전 의무 불이행","교차로","교차로부근","승용차","승용차","보행자","보행자","1096967","1763427","128.57400568","35.86260539"
"2017","2017-01-21 07","05","주간","토","1","1","0","0","0","경북","포항시","차대차","기타","기타","운전자법규위반","신호위반","교차로","교차로내","승용차","승용차","자전거","자전거","1169229","1780494","129.37771098","36.00658197"
"2017","2017-01-21 15","20","주간","토","1","1","0","0","0","경기","연천군","차대차","측면충돌","측면충돌","운전자법규위반","안전운전 의무 불이행","단일로","기타단일로","건설기계","건설기계","화물차","화물차","951181","2004297","126.9436774","38.03741206"
"2017","2017-01-21 18","30","야간","토","1","1","0","0","0","경기","성남시","차대사람","횡단중","횡단중","운전자법규위반","보행자 보호의무 위반","교차로","교차로횡단보도내","승합차","승합차","보행자","보행자","965333","1931864","127.10839479","37.38521656"
"2017","2017-01-21 23","00","야간","토","1","2","1","0","0","전남","진도군","차량단독","공작물충돌","공작물충돌","운전자법규위반","안전운전 의무 불이행","단일로","기타단일로","화물차","화물차","없음","없음","888074","1604549","126.28187514","34.42870207"
"2017","2017-01-22 01","50","야간","일","1","1","0","0","0","광주","북구","차량단독","공작물충돌","공작물충돌","운전자법규위반","안전운전 의무 불이행","단일로","기타단일로","승용차","승용차","없음","없음","943306","1688890","126.87723981","35.19374813"
"2017","2017-01-22 04","50","야간","일","1","1","0","0","0","서울","종로구","차대사람","차도통행중","차도통행중","운전자법규위반","안전거리 미확보","단일로","기타단일로","승용차","승용차","보행자","보행자","956221","1952530","127.00423797","37.57110108"
"2017","2017-01-22 05","20","야간","일","1","2","0","1","0","서울","동작구","차대차","측면충돌","측면충돌","운전자법규위반","신호위반","교차로","교차로내","승용차","승용차","승합차","승합차","947795","1943863","126.90944083","37.49254496"
"2017","2017-01-22 06","20","주간","일","1","1","0","0","0","대전","유성구","차대차","추돌","추돌","운전자법규위반","안전운전 의무 불이행","단일로","기타단일로","승용차","승용차","이륜차","이륜차","985653","1816964","127.34010521","36.349977"
"2017","2017-01-22 10","30","주간","일","1","2","1","0","0","전북","정읍시","차량단독","전도","전도","운전자법규위반","안전운전 의무 불이행","단일로","기타단일로","승용차","승용차","없음","없음","943040","1737016","126.87095526","35.62763374"
"2017","2017-01-22 12","16","주간","일","2","4","1","1","0","경남","거제시","차대차","정면충돌","정면충돌","운전자법규위반","중앙선 침범","단일로","기타단일로","승용차","승용차","승합차","승합차","1110270","1663782","128.70784082","34.96291883"
"2017","2017-01-22 12","50","주간","일","1","1","0","0","0","경북","경산시","차량단독","공작물충돌","공작물충돌","운전자법규위반","안전운전 의무 불이행","단일로","기타단일로","승용차","승용차","없음","없음","1120624","1759111","128.83532048","35.82107442"
"2017","2017-01-22 12","00","주간","일","1","2","1","0","0","충북","제천시","차량단독","전도","전도","운전자법규위반","안전운전 의무 불이행","기타","기타","승용차","승용차","없음","없음","1061802","1882087","128.19399747","36.93513838"
"2017","2017-01-22 16","35","주간","일","1","9","0","8","0","경기","파주시","차대차","추돌","추돌","운전자법규위반","안전운전 의무 불이행","단일로","기타단일로","승합차","승합차","승합차","승합차","944142","1983125","126.8651117","37.8461939"
"2017","2017-01-22 16","10","주간","일","1","1","0","0","0","경기","화성시","차대사람","기타","기타","운전자법규위반","안전운전 의무 불이행","단일로","기타단일로","승합차","승합차","보행자","보행자","947339","1904461","126.90707875","37.13737059"
"2017","2017-01-22 17","50","주간","일","1","1","0","0","0","경북","영천시","차량단독","전도전복","전도전복","운전자법규위반","안전운전 의무 불이행","단일로","기타단일로","승용차","승용차","없음","없음","1125673","1784562","128.89522508","36.04983982"
"2017","2017-01-22 17","20","주간","일","1","2","1","0","0","경기","남양주시","차대차","기타","기타","운전자법규위반","안전운전 의무 불이행","단일로","기타단일로","승용차","승용차","화물차","화물차","975319","1952937","127.22049051","37.57547966"
"2017","2017-01-22 18","30","야간","일","1","1","0","0","0","경기","고양시","차대사람","횡단중","횡단중","운전자법규위반","안전운전 의무 불이행","단일로","기타단일로","승용차","승용차","보행자","보행자","947585","1969176","126.90525152","37.72067959"
"2017","2017-01-22 19","30","야간","일","1","1","0","0","0","제주","제주시","차대사람","보도통행중","보도통행중","운전자법규위반","보행자 보호의무 위반","교차로","교차로횡단보도내","승용차","승용차","보행자","보행자","905031","1499986","126.47773606","33.4875016"
"2017","2017-01-22 21","40","야간","일","1","1","0","0","0","충북","청주시","차대사람","횡단중","횡단중","운전자법규위반","기타(운전자법규위반)","단일로","기타단일로","승합차","승합차","보행자","보행자","993936","1847553","127.43217772","36.62583084"
"2017","2017-01-22 22","55","야간","일","1","1","0","0","0","경남","거제시","차대사람","기타","기타","운전자법규위반","안전운전 의무 불이행","단일로","기타단일로","승용차","승용차","보행자","보행자","1113020","1654947","128.73676096","34.88296407"
"2017","2017-01-23 06","10","주간","월","1","1","0","0","0","부산","사상구","차대사람","횡단중","횡단중","운전자법규위반","과속","교차로","교차로부근","승용차","승용차","보행자","보행자","1133752","1682206","128.96791899","35.12585711"
"2017","2017-01-23 07","45","주간","월","1","1","0","0","0","전남","곡성군","차대사람","횡단중","횡단중","운전자법규위반","안전운전 의무 불이행","교차로","교차로내","화물차","화물차","보행자","보행자","982919","1699052","127.31215665","35.28681801"
"2017","2017-01-23 09","45","주간","월","1","1","0","0","0","경남","진주시","차대사람","횡단중","횡단중","운전자법규위반","보행자 보호의무 위반","단일로","기타단일로","화물차","화물차","보행자","보행자","1053432","1688878","128.08692929","35.19380175"
"2017","2017-01-23 09","55","주간","월","1","1","0","0","0","인천","서구","차대사람","기타","기타","운전자법규위반","안전운전 의무 불이행","단일로","기타단일로","승용차","승용차","보행자","보행자","927225","1945938","126.67653635","37.5099585"
"2017","2017-01-23 10","05","주간","월","1","1","0","0","0","강원","태백시","차량단독","공작물충돌","공작물충돌","운전자법규위반","안전운전 의무 불이행","단일로","기타단일로","화물차","화물차","없음","없음","1134043","1909447","129.00990978","37.17417689"
"2017","2017-01-23 11","05","주간","월","1","1","0","0","0","부산","사상구","차대사람","횡단중","횡단중","운전자법규위반","안전운전 의무 불이행","단일로","기타단일로","승용차","승용차","보행자","보행자","1136153","1684621","128.99417773","35.14744913"
"2017","2017-01-23 16","50","주간","월","1","6","4","1","0","경기","안산시","차대차","기타","기타","운전자법규위반","중앙선 침범","단일로","지하차도(도로)내","화물차","화물차","승용차","승용차","948029","1923935","126.91348946","37.31294031"
"2017","2017-01-23 16","40","주간","월","1","1","0","0","0","전남","화순군","차대사람","기타","기타","운전자법규위반","보행자 보호의무 위반","교차로","교차로횡단보도내","승용차","승용차","보행자","보행자","953778","1654583","126.98434189","35.06209203"
"2017","2017-01-23 18","35","야간","월","1","1","0","0","0","충남","아산시","차대사람","횡단중","횡단중","운전자법규위반","안전운전 의무 불이행","교차로","교차로부근","승용차","승용차","보행자","보행자","958247","1878447","127.0313325","36.90342861"
"2017","2017-01-24 06","03","주간","화","1","1","0","0","0","경남","진주시","차량단독","공작물충돌","공작물충돌","운전자법규위반","안전운전 의무 불이행","단일로","기타단일로","승용차","승용차","없음","없음","1054179","1689163","128.09515314","35.19633145"
"2017","2017-01-24 06","51","주간","화","1","1","0","0","0","충남","아산시","차대사람","횡단중","횡단중","운전자법규위반","안전운전 의무 불이행","단일로","기타단일로","승용차","승용차","보행자","보행자","961089","1881005","127.06310089","36.92660873"
"2017","2017-01-24 10","30","주간","화","1","1","0","0","0","경기","화성시","차량단독","전도","전도","운전자법규위반","안전운전 의무 불이행","단일로","기타단일로","승용차","승용차","없음","없음","955402","1908031","126.99764545","37.16996935"
"2017","2017-01-24 13","10","주간","화","1","1","0","0","0","경북","의성군","차대차","측면충돌","측면충돌","운전자법규위반","과속","단일로","기타단일로","승용차","승용차","이륜차","이륜차","1114398","1813301","128.7742676","36.31026847"
"2017","2017-01-24 14","55","주간","화","1","1","0","0","0","충남","공주시","차대차","측면충돌","측면충돌","운전자법규위반","안전운전 의무 불이행","단일로","기타단일로","화물차","화물차","자전거","자전거","966329","1829315","127.1242098","36.46084075"
"2017","2017-01-24 15","56","주간","화","1","2","1","0","0","충남","아산시","차량단독","전도전복","전도전복","운전자법규위반","안전운전 의무 불이행","불명","불명","승용차","승용차","없음","없음","955881","1867946","127.00538591","36.8086616"
"2017","2017-01-24 15","55","주간","화","1","1","0","0","0","제주","제주시","차대차","측면충돌","측면충돌","운전자법규위반","안전운전 의무 불이행","기타","기타","이륜차","이륜차","화물차","화물차","889732","1497118","126.31343605","33.46017097"
"2017","2017-01-24 17","10","주간","화","1","1","0","0","0","강원","춘천시","차대사람","기타","기타","운전자법규위반","안전운전 의무 불이행","단일로","기타단일로","승용차","승용차","보행자","보행자","1020015","1985569","127.72756605","37.86971348"
"2017","2017-01-24 19","00","야간","화","1","1","0","0","0","제주","제주시","차대사람","횡단중","횡단중","운전자법규위반","보행자 보호의무 위반","교차로","교차로부근","승용차","승용차","보행자","보행자","937883","1505102","126.83375321","33.53375689"
"2017","2017-01-25 00","27","야간","수","1","1","0","0","0","경기","수원시","차대차","기타","기타","운전자법규위반","안전운전 의무 불이행","단일로","기타단일로","승합차","승합차","승용차","승용차","957158","1920312","127.01671862","37.2807496"
"2017","2017-01-25 04","10","야간","수","2","2","0","0","0","인천","서구","차대사람","횡단중","횡단중","운전자법규위반","보행자 보호의무 위반","교차로","교차로횡단보도내","승용차","승용차","보행자","보행자","926761","1944130","126.67149061","37.4935224"
"2017","2017-01-25 04","52","야간","수","1","1","0","0","0","전북","전주시","차대사람","횡단중","횡단중","운전자법규위반","안전운전 의무 불이행","단일로","기타단일로","승용차","승용차","보행자","보행자","966289","1760134","127.12635443","35.83753359"
"2017","2017-01-25 05","40","야간","수","1","1","0","0","0","경기","고양시","차대차","기타","기타","운전자법규위반","안전운전 의무 불이행","단일로","기타단일로","승용차","승용차","승용차","승용차","944092","1959535","126.86635836","37.63358018"
"2017","2017-01-25 14","55","주간","수","1","1","0","0","0","강원","철원군","차량단독","전도","전도","운전자법규위반","안전운전 의무 불이행","단일로","교량위","화물차","화물차","없음","없음","987194","2027366","127.35365005","38.24655059"
"2017","2017-01-25 16","40","주간","수","1","1","0","0","0","전남","함평군","차대사람","기타","기타","운전자법규위반","기타(운전자법규위반)","단일로","기타단일로","승합차","승합차","보행자","보행자","910326","1674753","126.51654082","35.06386838"
"2017","2017-01-25 16","50","주간","수","1","1","0","0","0","경남","창원시(통합)","차대사람","길가장자리구역통행중","길가장자리구역통행중","운전자법규위반","안전운전 의무 불이행","단일로","기타단일로","승용차","승용차","보행자","보행자","1111711","1706244","128.72936733","35.3455617"
"2017","2017-01-25 18","57","야간","수","1","1","0","0","0","전북","무주군","차대사람","기타","기타","운전자법규위반","안전운전 의무 불이행","단일로","기타단일로","화물차","화물차","보행자","보행자","1016396","1762021","127.68158695","35.85459223"
"2017","2017-01-25 22","43","야간","수","1","1","0","0","0","서울","강남구","차대사람","횡단중","횡단중","운전자법규위반","안전운전 의무 불이행","단일로","기타단일로","승용차","승용차","보행자","보행자","958275","1946800","127.02782299","37.51955031"
"2017","2017-01-25 23","31","야간","수","1","4","0","3","0","광주","남구","차대차","추돌","추돌","운전자법규위반","안전운전 의무 불이행","단일로","기타단일로","승용차","승용차","승용차","승용차","934025","1675163","126.77639457","35.06939402"
"2017","2017-01-25 23","54","야간","수","1","5","0","4","0","서울","송파구","차대차","측면충돌","측면충돌","운전자법규위반","안전운전 의무 불이행","단일로","기타단일로","승용차","승용차","승용차","승용차","968758","1945442","127.14650819","37.50772469"
"2017","2017-01-26 00","00","야간","목","1","1","0","0","0","경기","평택시","차대사람","횡단중","횡단중","운전자법규위반","안전운전 의무 불이행","교차로","교차로횡단보도내","승용차","승용차","보행자","보행자","961292","1895816","127.06461977","37.0601261"
"2017","2017-01-26 02","59","야간","목","1","1","0","0","0","서울","동대문구","차대사람","횡단중","횡단중","운전자법규위반","안전운전 의무 불이행","교차로","교차로내","승용차","승용차","보행자","보행자","958831","1953318","127.03374892","37.57832394"
"2017","2017-01-26 05","20","야간","목","1","1","0","0","0","경기","수원시","차대사람","횡단중","횡단중","운전자법규위반","안전운전 의무 불이행","교차로","교차로내","승용차","승용차","보행자","보행자","956888","1921798","127.01358676","37.29413143"
"2017","2017-01-26 06","45","주간","목","1","1","0","0","0","대구","수성구","차대사람","횡단중","횡단중","운전자법규위반","보행자 보호의무 위반","교차로","교차로부근","승용차","승용차","보행자","보행자","1103595","1764659","128.64756469","35.87303241"
"2017","2017-01-26 07","00","주간","목","1","1","0","0","0","전북","전주시","차대사람","횡단중","횡단중","운전자법규위반","보행자 보호의무 위반","교차로","교차로부근","승용차","승용차","보행자","보행자","967476","1759522","127.13989845","35.83165854"
"2017","2017-01-26 08","23","주간","목","1","1","0","0","0","경북","김천시","차대차","추돌","추돌","운전자법규위반","안전운전 의무 불이행","단일로","기타단일로","승용차","승용차","화물차","화물차","1068372","1786905","128.25934205","36.07667796"
"2017","2017-01-26 08","35","주간","목","1","1","0","0","0","경남","김해시","차대차","측면충돌","측면충돌","운전자법규위반","안전운전 의무 불이행","단일로","기타단일로","화물차","화물차","승용차","승용차","1113659","1696603","128.74946336","35.25842973"
"2017","2017-01-26 14","00","주간","목","1","1","0","0","0","경북","영천시","차대차","기타","기타","운전자법규위반","앞지르기 금지위반","단일로","교량위","화물차","화물차","이륜차","이륜차","1119735","1781623","128.8288724","36.02409829"
"2017","2017-01-26 14","25","주간","목","1","3","1","1","0","경북","구미시","차대차","추돌","추돌","운전자법규위반","안전운전 의무 불이행","단일로","기타단일로","화물차","화물차","승용차","승용차","1068449","1801725","128.26157705","36.21057886"
"2017","2017-01-26 14","20","주간","목","1","1","0","0","0","부산","부산진구","차대사람","횡단중","횡단중","운전자법규위반","보행자 보호의무 위반","단일로","기타단일로","건설기계","건설기계","보행자","보행자","1142155","1685843","129.06077161","35.15780203"
"2017","2017-01-26 17","20","주간","목","1","1","0","0","0","경기","여주시","차대차","측면충돌","측면충돌","운전자법규위반","신호위반","교차로","교차로내","화물차","화물차","원동기장치자전거","원동기장치자전거","1014287","1911387","127.66099636","37.20117624"
"2017","2017-01-26 18","30","야간","목","1","1","0","0","0","경기","김포시","차대사람","횡단중","횡단중","운전자법규위반","안전운전 의무 불이행","교차로","교차로내","승합차","승합차","보행자","보행자","930169","1958926","126.70863059","37.62713858"
"2017","2017-01-26 22","15","야간","목","1","1","0","0","0","경북","문경시","차대사람","차도통행중","차도통행중","운전자법규위반","안전운전 의무 불이행","단일로","기타단일로","승용차","승용차","보행자","보행자","1055982","1854322","128.12660331","36.68522367"
"2017","2017-01-27 03","35","야간","금","1","1","0","0","0","충남","아산시","차대사람","기타","기타","운전자법규위반","중앙선 침범","단일로","기타단일로","승용차","승용차","보행자","보행자","951961","1865374","126.96160312","36.78528583"
"2017","2017-01-27 04","50","야간","금","1","1","0","0","0","경남","창원시(통합)","차대차","측면충돌","측면충돌","운전자법규위반","안전운전 의무 불이행","단일로","기타단일로","승용차","승용차","이륜차","이륜차","1098870","1692292","128.5863961","35.22113355"
"2017","2017-01-27 05","15","야간","금","1","1","0","0","0","전남","목포시","차대사람","횡단중","횡단중","운전자법규위반","보행자 보호의무 위반","단일로","기타단일로","승용차","승용차","보행자","보행자","898260","1645177","126.38745978","34.79583669"
"2017","2017-01-27 06","30","주간","금","1","4","0","3","0","전북","순창군","차량단독","전도","전도","운전자법규위반","안전운전 의무 불이행","단일로","기타단일로","승용차","승용차","없음","없음","970819","1714895","127.17852618","35.42939081"
"2017","2017-01-27 10","15","주간","금","1","2","0","1","0","충북","청주시","차대사람","횡단중","횡단중","운전자법규위반","안전운전 의무 불이행","단일로","기타단일로","승용차","승용차","보행자","보행자","998406","1843070","127.48218134","36.58543444"
"2017","2017-01-27 14","40","주간","금","1","1","0","0","0","대구","서구","차대차","측면충돌","측면충돌","운전자법규위반","신호위반","단일로","기타단일로","승용차","승용차","이륜차","이륜차","1095894","1763057","128.56207848","35.85937563"
"2017","2017-01-27 17","00","주간","금","1","1","0","0","0","경기","안성시","차대사람","차도통행중","차도통행중","운전자법규위반","안전운전 의무 불이행","단일로","기타단일로","승용차","승용차","보행자","보행자","994308","1898555","127.43595588","37.08559798"
"2017","2017-01-27 20","57","야간","금","1","1","0","0","0","충북","괴산군","차대사람","횡단중","횡단중","운전자법규위반","안전운전 의무 불이행","교차로","교차로부근","승용차","승용차","보행자","보행자","1026454","1867987","127.79657802","36.80968996"
"2017","2017-01-27 20","20","야간","금","1","1","0","0","0","서울","종로구","차대사람","차도통행중","차도통행중","운전자법규위반","안전운전 의무 불이행","단일로","기타단일로","승용차","승용차","보행자","보행자","956493","1952747","127.00730516","37.57306984"
"2017","2017-01-27 22","46","야간","금","1","1","0","0","0","강원","원주시","차대사람","횡단중","횡단중","운전자법규위반","안전운전 의무 불이행","단일로","기타단일로","승용차","승용차","보행자","보행자","1041574","1924315","127.96920217","37.31688885"
"2017","2017-01-27 23","53","야간","금","1","1","0","0","0","충남","천안시","차대차","기타","기타","운전자법규위반","안전운전 의무 불이행","단일로","기타단일로","승용차","승용차","승용차","승용차","972471","1863243","127.19154169","36.76689393"
"2017","2017-01-28 02","15","야간","토","1","1","0","0","0","충북","음성군","차량단독","전도","전도","운전자법규위반","안전운전 의무 불이행","단일로","기타단일로","승용차","승용차","없음","없음","1000785","1883931","127.50881726","36.95378837"
"2017","2017-01-28 06","23","주간","토","1","2","0","1","0","부산","북구","차대차","정면충돌","정면충돌","운전자법규위반","신호위반","교차로","교차로내","승용차","승용차","승용차","승용차","1136933","1691047","129.00431959","35.20543796"
"2017","2017-01-29 02","54","야간","일","1","1","0","0","0","강원","원주시","차량단독","공작물충돌","공작물충돌","운전자법규위반","안전운전 의무 불이행","단일로","기타단일로","화물차","화물차","없음","없음","1054952","1917240","128.11965543","37.25242362"
"2017","2017-01-29 03","40","야간","일","2","4","1","1","0","경남","김해시","차대차","추돌","추돌","운전자법규위반","안전운전 의무 불이행","단일로","기타단일로","승용차","승용차","승용차","승용차","1119413","1689626","128.81169041","35.19486433"
"2017","2017-01-29 16","45","주간","일","1","1","0","0","0","강원","철원군","차량단독","공작물충돌","공작물충돌","운전자법규위반","안전운전 의무 불이행","단일로","기타단일로","승용차","승용차","없음","없음","997602","2014815","127.47263741","38.13352141"
"2017","2017-01-29 18","10","야간","일","1","6","2","0","3","강원","원주시","차대차","추돌","추돌","운전자법규위반","안전운전 의무 불이행","단일로","기타단일로","승용차","승용차","승용차","승용차","1034922","1931222","127.89286573","37.39146974"
"2017","2017-01-29 18","50","야간","일","1","1","0","0","0","충북","영동군","차대차","기타","기타","운전자법규위반","과속","단일로","기타단일로","승합차","승합차","승용차","승용차","1021404","1800669","127.73809677","36.20293914"
"2017","2017-01-29 19","20","야간","일","1","1","0","0","0","경기","안산시","차대사람","횡단중","횡단중","운전자법규위반","안전운전 의무 불이행","단일로","기타단일로","화물차","화물차","보행자","보행자","939798","1927173","126.82034252","37.34162854"
"2017","2017-01-30 02","18","야간","월","1","1","0","0","0","전남","순천시","차량단독","전도전복","전도전복","운전자법규위반","안전운전 의무 불이행","단일로","기타단일로","승용차","승용차","없음","없음","1004824","1656158","127.55280074","34.90016423"
"2017","2017-01-30 02","50","야간","월","2","3","1","0","0","경남","김해시","차대차","측면충돌","측면충돌","운전자법규위반","중앙선 침범","단일로","기타단일로","승용차","승용차","승합차","승합차","1125020","1693455","128.87384649","35.22869825"
"2017","2017-01-30 15","43","주간","월","1","1","0","0","0","경기","파주시","차대차","측면충돌","측면충돌","운전자법규위반","중앙선 침범","단일로","기타단일로","승용차","승용차","원동기장치자전거","원동기장치자전거","938390","1981598","126.7998682","37.83206125"
"2017","2017-01-30 16","40","주간","월","1","7","5","1","0","충남","공주시","차대차","측면충돌","측면충돌","운전자법규위반","신호위반","교차로","교차로내","승용차","승용차","승용차","승용차","959482","1829470","127.0477867","36.46197301"
"2017","2017-01-30 16","31","주간","월","1","1","0","0","0","부산","북구","차대사람","횡단중","횡단중","운전자법규위반","안전운전 의무 불이행","교차로","교차로부근","승용차","승용차","보행자","보행자","1136821","1690996","129.00312908","35.20491538"
"2017","2017-01-30 18","25","야간","월","1","1","0","0","0","서울","서초구","차대사람","차도통행중","차도통행중","운전자법규위반","안전운전 의무 불이행","단일로","기타단일로","승합차","승합차","보행자","보행자","957658","1942767","127.02107323","37.48317136"
"2017","2017-01-30 20","11","야간","월","1","1","0","0","0","전북","정읍시","차대사람","횡단중","횡단중","운전자법규위반","보행자 보호의무 위반","교차로","교차로횡단보도내","승합차","승합차","보행자","보행자","941488","1730151","126.85431796","35.56582059"
"2017","2017-01-30 20","30","야간","월","1","1","0","0","0","경기","양주시","차대사람","횡단중","횡단중","운전자법규위반","안전운전 의무 불이행","교차로","교차로내","승용차","승용차","보행자","보행자","959750","1980701","127.04264267","37.82516951"
"2017","2017-01-30 21","45","야간","월","1","2","1","0","0","경북","김천시","차대차","추돌","추돌","운전자법규위반","안전운전 의무 불이행","단일로","기타단일로","화물차","화물차","화물차","화물차","1060865","1793438","128.17647937","36.13607316"
"2017","2017-01-31 04","40","야간","화","1","1","0","0","0","충남","논산시","차량단독","공작물충돌","공작물충돌","운전자법규위반","안전운전 의무 불이행","단일로","기타단일로","승용차","승용차","없음","없음","974313","1794803","127.21445185","36.14994957"
"2017","2017-01-31 06","30","주간","화","1","1","0","0","0","광주","서구","차대사람","횡단중","횡단중","운전자법규위반","신호위반","단일로","기타단일로","승용차","승용차","보행자","보행자","943573","1684337","126.88048418","35.15269321"
"2017","2017-01-31 09","15","주간","화","1","1","0","0","0","전남","나주시","차대차","측면충돌","측면충돌","운전자법규위반","안전운전 의무 불이행","단일로","기타단일로","승용차","승용차","원동기장치자전거","원동기장치자전거","919649","1660940","126.62019524","34.93999453"
"2017","2017-01-31 10","13","주간","화","1","1","0","0","0","경남","진주시","차대차","추돌","추돌","운전자법규위반","차로위반(진로변경 위반)","단일로","기타단일로","승용차","승용차","화물차","화물차","1054389","1682113","128.09699514","35.13275232"
"2017","2017-01-31 14","24","주간","화","1","2","1","0","0","대전","서구","차대사람","횡단중","횡단중","운전자법규위반","신호위반","단일로","기타단일로","화물차","화물차","보행자","보행자","989442","1813007","127.38238649","36.31435201"
"2017","2017-01-31 17","11","주간","화","1","1","0","0","0","전남","완도군","차대사람","횡단중","횡단중","운전자법규위반","안전운전 의무 불이행","교차로","교차로내","화물차","화물차","보행자","보행자","936094","1600521","126.80474542","34.39646793"
"2017","2017-01-31 19","32","야간","화","1","1","0","0","0","강원","정선군","차량단독","공작물충돌","공작물충돌","운전자법규위반","안전운전 의무 불이행","단일로","기타단일로","승용차","승용차","없음","없음","1113294","1916674","128.77734061","37.24205326"
"2017","2017-01-31 23","23","야간","화","1","1","0","0","0","전남","여수시","차대차","추돌","추돌","운전자법규위반","안전운전 의무 불이행","단일로","기타단일로","승용차","승용차","화물차","화물차","1008617","1654909","127.59395244","34.88879345"
"2017","2017-02-01 07","00","주간","수","1","1","0","0","0","경기","화성시","차대사람","길가장자리구역통행중","길가장자리구역통행중","운전자법규위반","안전운전 의무 불이행","단일로","기타단일로","승용차","승용차","보행자","보행자","947848","1898016","126.91325775","37.07930524"
"2017","2017-02-01 11","30","주간","수","1","2","1","0","0","경남","합천군","차대차","추돌","추돌","운전자법규위반","안전운전 의무 불이행","단일로","기타단일로","화물차","화물차","화물차","화물차","1058417","1717631","128.1437363","35.45277227"
"2017","2017-02-01 15","50","주간","수","1","3","0","0","2","인천","남동구","차대차","추돌","추돌","운전자법규위반","안전운전 의무 불이행","단일로","기타단일로","화물차","화물차","화물차","화물차","932580","1936008","126.73805502","37.42076266"
"2017","2017-02-01 15","35","주간","수","1","1","0","0","0","전남","여수시","차량단독","전도전복","전도전복","운전자법규위반","안전운전 의무 불이행","단일로","기타단일로","이륜차","이륜차","없음","없음","1021390","1638436","127.73367016","34.74013972"
"2017","2017-02-01 16","10","주간","수","1","7","0","6","0","광주","북구","차대차","추돌","추돌","운전자법규위반","안전운전 의무 불이행","단일로","기타단일로","화물차","화물차","승용차","승용차","945432","1690746","126.9010718","35.21048933"
"2017","2017-02-01 17","43","주간","수","1","7","4","2","0","전남","해남군","차대차","정면충돌","정면충돌","운전자법규위반","중앙선 침범","단일로","기타단일로","승용차","승용차","승합차","승합차","916025","1619074","126.58595072","34.56299358"
"2017","2017-02-01 18","55","야간","수","1","1","0","0","0","서울","도봉구","차대사람","횡단중","횡단중","운전자법규위반","안전운전 의무 불이행","단일로","기타단일로","화물차","화물차","보행자","보행자","959876","1964315","127.04497965","37.6774881"