"발생년","발생년월일시","발생분","주야","요일","사망자수","사상자수","중상자수","경상자수","부상신고자수","발생지시도","발생지시군구","사고유형_대분류","사고유형_중분류","사고유형","법규위반_대분류","법규위반","도로형태_대분류","도로형태","당사자종별_1당_대분류","당사자종별_1당","당사자종별_2당_대분류","당사자종별_2당","발생위치X_UTMK","발생위치Y_UTMK","경도","위도"
"2017","2017-04-16 09","55","주간","일","1","1","0","0","0","경기","수원시","차대차","측면충돌","측면충돌","운전자법규위반","안전운전 의무 불이행","단일로","기타단일로","승용차","승용차","자전거","자전거","954185","1920964","126.98314255","37.28648482"
"2017","2017-04-16 11","45","주간","일","1","27","8","17","1","울산","남구","차대차","측면충돌","측면충돌","운전자법규위반","안전운전 의무 불이행","단일로","기타단일로","승합차","승합차","승용차","승용차","1160678","1729618","129.272664","35.54953889"
"2017","2017-04-16 11","05","주간","일","1","1","0","0","0","전북","군산시","차대사람","횡단중","횡단중","운전자법규위반","보행자 보호의무 위반","교차로","교차로횡단보도내","승용차","승용차","보행자","보행자","929331","1776662","126.71606502","35.98417246"
"2017","2017-04-16 13","45","주간","일","1","1","0","0","0","경기","양평군","차대차","기타","기타","운전자법규위반","과속","단일로","기타단일로","이륜차","이륜차","화물차","화물차","1014041","1946474","127.65888961","37.51744882"
"2017","2017-04-16 15","40","주간","일","1","3","2","0","0","충북","충주시","차대차","측면충돌","측면충돌","운전자법규위반","신호위반","교차로","교차로내","승용차","승용차","승합차","승합차","1028363","1886372","127.81866788","36.97536539"
"2017","2017-04-16 19","15","야간","일","1","2","0","1","0","대구","달성군","차대사람","횡단중","횡단중","운전자법규위반","보행자 보호의무 위반","교차로","교차로내","이륜차","이륜차","보행자","보행자","1090418","1756520","128.50069714","35.80096655"
"2017","2017-04-16 20","07","야간","일","1","1","0","0","0","충남","서산시","차대사람","횡단중","횡단중","운전자법규위반","안전운전 의무 불이행","교차로","교차로횡단보도내","승용차","승용차","보행자","보행자","917478","1855033","126.57628872","36.68969884"
"2017","2017-04-16 20","20","야간","일","1","1","0","0","0","충남","천안시","차대사람","기타","기타","운전자법규위반","안전운전 의무 불이행","교차로","교차로부근","승용차","승용차","보행자","보행자","967510","1879645","127.13525387","36.91459248"
"2017","2017-04-17 00","20","야간","월","1","3","0","2","0","경기","파주시","차대차","추돌","추돌","운전자법규위반","안전운전 의무 불이행","단일로","고가도로위","화물차","화물차","건설기계","건설기계","935353","1970231","126.76637175","37.72940601"
"2017","2017-04-17 08","57","주간","월","1","1","0","0","0","경남","창원시(통합)","차대사람","횡단중","횡단중","운전자법규위반","안전운전 의무 불이행","단일로","기타단일로","승용차","승용차","보행자","보행자","1106658","1691992","128.67191739","35.21763085"
"2017","2017-04-17 09","30","주간","월","1","1","0","0","0","전남","담양군","차량단독","전도전복","전도전복","운전자법규위반","안전운전 의무 불이행","단일로","기타단일로","사륜오토바이(ATV)","사륜오토바이(ATV)","없음","없음","946218","1699283","126.90859413","35.28756767"
"2017","2017-04-17 10","20","주간","월","1","5","2","2","0","충남","논산시","차대차","추돌","추돌","운전자법규위반","안전운전 의무 불이행","단일로","기타단일로","승용차","승용차","승용차","승용차","979841","1804474","127.2756545","36.23727003"
"2017","2017-04-17 10","50","주간","월","1","3","0","1","1","경기","화성시","차대차","추돌","추돌","운전자법규위반","안전거리 미확보","교차로","교차로부근","승용차","승용차","화물차","화물차","930537","1910714","126.71733467","37.19263383"
"2017","2017-04-17 11","01","주간","월","1","1","0","0","0","경남","양산시","차량단독","전도","전도","운전자법규위반","안전운전 의무 불이행","단일로","기타단일로","화물차","화물차","없음","없음","1150391","1716667","129.156819","35.43442743"
"2017","2017-04-17 14","15","주간","월","1","1","0","0","0","경기","화성시","차량단독","전도전복","전도전복","운전자법규위반","안전운전 의무 불이행","단일로","기타단일로","승용차","승용차","없음","없음","962774","1907251","127.08072071","37.1632614"
"2017","2017-04-17 18","29","야간","월","1","1","0","0","0","강원","춘천시","차량단독","공작물충돌","공작물충돌","운전자법규위반","안전운전 의무 불이행","단일로","기타단일로","승용차","승용차","없음","없음","1023184","1991529","127.76378817","37.92335559"
"2017","2017-04-17 22","47","야간","월","1","1","0","0","0","전남","담양군","차량단독","공작물충돌","공작물충돌","운전자법규위반","안전운전 의무 불이행","교차로","교차로내","승용차","승용차","없음","없음","952026","1692101","126.99732617","35.22999185"
"2017","2017-04-18 06","15","주간","화","1","1","0","0","0","전북","익산시","차대차","측면충돌","측면충돌","운전자법규위반","중앙선 침범","단일로","기타단일로","자전거","자전거","승용차","승용차","954093","1773782","126.98724994","35.95925119"
"2017","2017-04-18 09","00","주간","화","1","1","0","0","0","경기","동두천시","차대사람","횡단중","횡단중","운전자법규위반","신호위반","기타","기타","승용차","승용차","보행자","보행자","961397","1994154","127.06063704","37.94649002"
"2017","2017-04-18 13","13","주간","화","1","1","0","0","0","전남","나주시","차대차","측면충돌","측면충돌","운전자법규위반","중앙선 침범","교차로","교차로부근","자전거","자전거","승용차","승용차","931776","1674793","126.75176011","35.06590823"
"2017","2017-04-18 16","48","주간","화","1","1","0","0","0","서울","성북구","차대사람","횡단중","횡단중","운전자법규위반","안전운전 의무 불이행","단일로","기타단일로","화물차","화물차","보행자","보행자","957382","1954586","127.0172653","37.58968674"
"2017","2017-04-18 16","38","주간","화","1","1","0","0","0","충남","보령시","차대차","측면충돌","측면충돌","운전자법규위반","안전운전 의무 불이행","교차로","교차로내","건설기계","건설기계","자전거","자전거","918620","1817510","126.59302684","36.35156424"
"2017","2017-04-19 02","00","야간","수","1","2","0","0","1","경기","수원시","차대차","정면충돌","정면충돌","운전자법규위반","신호위반","교차로","교차로내","이륜차","이륜차","화물차","화물차","959076","1920541","127.03834145","37.28290009"
"2017","2017-04-19 03","50","야간","수","1","1","0","0","0","경남","의령군","차대사람","차도통행중","차도통행중","운전자법규위반","안전운전 의무 불이행","단일로","기타단일로","승용차","승용차","보행자","보행자","1074165","1708460","128.31642566","35.36903732"
"2017","2017-04-19 04","03","야간","수","1","1","0","0","0","대구","중구","차량단독","공작물충돌","공작물충돌","운전자법규위반","안전운전 의무 불이행","교차로","교차로부근","승용차","승용차","없음","없음","1097689","1765100","128.58220634","35.87761494"
"2017","2017-04-19 05","20","야간","수","1","1","0","0","0","경남","통영시","차대차","추돌","추돌","운전자법규위반","안전운전 의무 불이행","단일로","기타단일로","승용차","승용차","건설기계","건설기계","1087743","1655415","128.46024703","34.88968289"
"2017","2017-04-19 05","00","야간","수","1","3","2","0","0","부산","연제구","차대차","추돌","추돌","운전자법규위반","안전운전 의무 불이행","교차로","교차로내","화물차","화물차","승용차","승용차","1144063","1687812","129.08205696","35.17527845"
"2017","2017-04-19 10","40","주간","수","1","1","0","0","0","경남","김해시","차대차","기타","기타","운전자법규위반","과속","단일로","기타단일로","화물차","화물차","화물차","화물차","1133567","1693628","128.96777112","35.2291554"
"2017","2017-04-19 14","22","주간","수","1","3","0","2","0","경기","양평군","차대차","정면충돌","정면충돌","운전자법규위반","중앙선 침범","단일로","기타단일로","이륜차","이륜차","승용차","승용차","997095","1947021","127.46712446","37.52248158"
"2017","2017-04-19 17","10","주간","수","1","1","0","0","0","전남","여수시","차대사람","길가장자리구역통행중","길가장자리구역통행중","운전자법규위반","안전운전 의무 불이행","단일로","기타단일로","승용차","승용차","보행자","보행자","1014257","1640674","127.65583268","34.76052988"
"2017","2017-04-20 00","17","야간","목","1","2","0","1","0","전북","김제시","차대사람","횡단중","횡단중","운전자법규위반","과속","교차로","교차로부근","승용차","승용차","보행자","보행자","953252","1757742","126.98252122","35.81503533"
"2017","2017-04-20 02","40","야간","목","1","1","0","0","0","서울","송파구","차대사람","기타","기타","운전자법규위반","안전운전 의무 불이행","단일로","기타단일로","화물차","화물차","보행자","보행자","965244","1945208","127.10676044","37.50548987"
"2017","2017-04-20 02","45","야간","목","1","2","0","1","0","전북","완주군","차대차","측면충돌","측면충돌","운전자법규위반","중앙선 침범","교차로","교차로내","승용차","승용차","승합차","승합차","970256","1769756","127.17015909","35.92380229"
"2017","2017-04-20 04","30","야간","목","1","1","0","0","0","경기","용인시","차대사람","횡단중","횡단중","운전자법규위반","안전운전 의무 불이행","단일로","기타단일로","승용차","승용차","보행자","보행자","974759","1914978","127.2154455","37.23331341"
"2017","2017-04-20 17","25","주간","목","1","3","1","1","0","광주","북구","차대차","추돌","추돌","운전자법규위반","안전운전 의무 불이행","단일로","기타단일로","특수차","특수차","화물차","화물차","943317","1688546","126.87738443","35.1906299"
"2017","2017-04-20 21","03","야간","목","1","1","0","0","0","경북","김천시","차대차","측면충돌","측면충돌","운전자법규위반","신호위반","교차로","교차로내","화물차","화물차","이륜차","이륜차","1053526","1792469","128.09484892","36.12777028"
"2017","2017-04-20 21","35","야간","목","1","1","0","0","0","경남","하동군","차대차","추돌","추돌","운전자법규위반","안전운전 의무 불이행","단일로","기타단일로","승용차","승용차","원동기장치자전거","원동기장치자전거","1028748","1668435","127.81508047","35.01047469"
"2017","2017-04-21 08","18","주간","금","1","1","0","0","0","서울","영등포구","차대사람","횡단중","횡단중","운전자법규위반","안전운전 의무 불이행","단일로","기타단일로","이륜차","이륜차","보행자","보행자","948348","1945997","126.91554632","37.51181022"
"2017","2017-04-21 09","50","주간","금","1","1","0","0","0","충북","청주시","차대사람","기타","기타","운전자법규위반","안전운전 의무 불이행","교차로","교차로내","건설기계","건설기계","보행자","보행자","983092","1848935","127.31086392","36.63815872"
"2017","2017-04-21 11","00","주간","금","1","3","1","1","0","전북","부안군","차대차","측면충돌","측면충돌","운전자법규위반","직진 및 우회전차의 통행방해","교차로","교차로내","농기계","농기계","화물차","화물차","929421","1752405","126.71921213","35.76549507"
"2017","2017-04-21 13","15","주간","금","1","2","0","1","0","충남","천안시","차대차","추돌","추돌","운전자법규위반","안전운전 의무 불이행","단일로","기타단일로","화물차","화물차","승용차","승용차","967487","1858810","127.13588651","36.72677418"
"2017","2017-04-21 14","45","주간","금","1","1","0","0","0","서울","영등포구","차대사람","차도통행중","차도통행중","운전자법규위반","안전운전 의무 불이행","단일로","기타단일로","승합차","승합차","보행자","보행자","949595","1946671","126.92924451","37.51773961"
"2017","2017-04-21 16","40","주간","금","1","1","0","0","0","경북","상주시","차대차","측면충돌","측면충돌","운전자법규위반","교차로 통행방법 위반","교차로","교차로내","화물차","화물차","자전거","자전거","1054825","1813883","128.11078349","36.32074694"
"2017","2017-04-21 20","00","야간","금","1","1","0","0","0","전북","익산시","차대사람","차도통행중","차도통행중","운전자법규위반","안전운전 의무 불이행","교차로","교차로부근","승용차","승용차","보행자","보행자","949710","1774114","126.90559612","36.05467895"
"2017","2017-04-21 21","40","야간","금","1","1","0","0","0","전남","무안군","차대차","추돌","추돌","운전자법규위반","안전운전 의무 불이행","단일로","기타단일로","승용차","승용차","원동기장치자전거","원동기장치자전거","902475","1656911","126.43143356","34.90541178"
"2017","2017-04-22 02","30","야간","토","1","1","0","0","0","경북","구미시","차량단독","전도전복","전도전복","운전자법규위반","안전운전 의무 불이행","단일로","기타단일로","원동기장치자전거","원동기장치자전거","없음","없음","1073878","1793325","128.32108856","36.13415035"
"2017","2017-04-22 02","45","야간","토","1","1","0","0","0","대구","동구","차량단독","공작물충돌","공작물충돌","운전자법규위반","안전운전 의무 불이행","단일로","기타단일로","승용차","승용차","없음","없음","1101936","1766017","128.62936426","35.88544807"
"2017","2017-04-22 02","13","야간","토","1","1","0","0","0","전남","화순군","차대사람","차도통행중","차도통행중","운전자법규위반","안전운전 의무 불이행","단일로","기타단일로","승용차","승용차","보행자","보행자","967715","1665473","127.14626928","34.98365871"
"2017","2017-04-22 03","28","야간","토","1","1","0","0","0","부산","연제구","차대사람","횡단중","횡단중","운전자법규위반","과속","단일로","기타단일로","승용차","승용차","보행자","보행자","1143700","1688504","129.07819253","35.18156796"
"2017","2017-04-22 19","43","야간","토","1","1","0","0","0","울산","남구","차대사람","횡단중","횡단중","운전자법규위반","안전운전 의무 불이행","단일로","기타단일로","승용차","승용차","보행자","보행자","1165844","1727145","129.32912561","35.52640095"
"2017","2017-04-22 19","20","야간","토","1","1","0","0","0","충북","청주시","차대차","정면충돌","정면충돌","운전자법규위반","중앙선 침범","단일로","기타단일로","이륜차","이륜차","화물차","화물차","1016458","1845629","127.68403146","36.60836317"
"2017","2017-04-22 21","25","야간","토","1","1","0","0","0","경기","수원시","차대사람","횡단중","횡단중","운전자법규위반","안전운전 의무 불이행","단일로","기타단일로","승용차","승용차","보행자","보행자","955164","1923495","126.99403386","37.30934601"
"2017","2017-04-22 21","05","야간","토","1","1","0","0","0","경북","구미시","차대사람","횡단중","횡단중","운전자법규위반","안전운전 의무 불이행","단일로","기타단일로","승용차","승용차","보행자","보행자","1082549","1793806","128.41749898","36.13778701"
"2017","2017-04-23 04","00","야간","일","3","4","1","0","0","전남","여수시","차대차","측면충돌","측면충돌","운전자법규위반","안전운전 의무 불이행","단일로","기타단일로","승용차","승용차","화물차","화물차","1013558","1638000","127.6481004","34.73645207"
"2017","2017-04-23 18","09","야간","일","1","1","0","0","0","경기","동두천시","차대사람","횡단중","횡단중","운전자법규위반","안전운전 의무 불이행","교차로","교차로내","승합차","승합차","보행자","보행자","961093","1990864","127.05735496","37.91682515"
"2017","2017-04-24 04","00","야간","월","1","1","0","0","0","경기","수원시","차대사람","횡단중","횡단중","운전자법규위반","신호위반","교차로","교차로내","승용차","승용차","보행자","보행자","959381","1919701","127.04182791","37.27534194"
"2017","2017-04-24 05","30","야간","월","1","1","0","0","0","서울","강동구","차대차","측면충돌","측면충돌","운전자법규위반","안전운전 의무 불이행","교차로","교차로횡단보도내","자전거","자전거","승용차","승용차","968066","1948351","127.13855214","37.53392114"
"2017","2017-04-24 07","56","주간","월","1","1","0","0","0","경기","파주시","차량단독","공작물충돌","공작물충돌","운전자법규위반","안전운전 의무 불이행","단일로","기타단일로","승용차","승용차","없음","없음","943312","1976632","126.85618682","37.78762378"
"2017","2017-04-24 08","20","주간","월","1","1","0","0","0","경북","경산시","차대차","측면충돌","측면충돌","운전자법규위반","안전운전 의무 불이행","교차로","교차로횡단보도내","화물차","화물차","자전거","자전거","1113583","1758799","128.75734886","35.81910261"
"2017","2017-04-24 08","17","주간","월","2","2","0","0","0","제주","서귀포시","차량단독","전도","전도","운전자법규위반","안전운전 의무 불이행","단일로","기타단일로","승용차","승용차","없음","없음","905812","1478088","126.48843185","33.29008572"
"2017","2017-04-24 09","53","주간","월","1","1","0","0","0","경기","하남시","차량단독","공작물충돌","공작물충돌","운전자법규위반","안전운전 의무 불이행","단일로","기타단일로","자전거","자전거","없음","없음","973483","1946034","127.19994775","37.51320858"
"2017","2017-04-24 09","00","주간","월","1","1","0","0","0","강원","강릉시","차대사람","횡단중","횡단중","운전자법규위반","안전운전 의무 불이행","교차로","교차로부근","건설기계","건설기계","보행자","보행자","1124770","1968656","128.91542118","37.70898429"
"2017","2017-04-24 11","00","주간","월","1","1","0","0","0","경남","합천군","차량단독","전도전복","전도전복","운전자법규위반","안전운전 의무 불이행","단일로","기타단일로","이륜차","이륜차","없음","없음","1072325","1728376","128.29794352","35.54873276"
"2017","2017-04-24 11","11","주간","월","1","1","0","0","0","충남","천안시","차대차","정면충돌","정면충돌","운전자법규위반","안전운전 의무 불이행","교차로","교차로내","건설기계","건설기계","농기계","농기계","966710","1861717","127.12705828","36.75295278"
"2017","2017-04-24 19","45","야간","월","1","1","0","0","0","경북","칠곡군","차량단독","전도전복","전도전복","운전자법규위반","안전운전 의무 불이행","단일로","기타단일로","이륜차","이륜차","없음","없음","1082267","1769681","128.41185503","35.92033008"
"2017","2017-04-24 20","03","야간","월","1","1","0","0","0","경기","포천시","차량단독","기타","기타","운전자법규위반","안전운전 의무 불이행","단일로","기타단일로","사륜오토바이(ATV)","사륜오토바이(ATV)","없음","없음","972523","2002483","127.18694758","38.02196226"
"2017","2017-04-24 20","00","야간","월","1","1","0","0","0","인천","남동구","차량단독","전도전복","전도전복","운전자법규위반","안전운전 의무 불이행","단일로","기타단일로","이륜차","이륜차","없음","없음","930451","1931760","126.71439605","37.38231805"
"2017","2017-04-24 21","45","야간","월","1","1","0","0","0","전북","전주시","차대차","추돌","추돌","운전자법규위반","안전운전 의무 불이행","단일로","기타단일로","승용차","승용차","특수차","특수차","971311","1757946","127.18241507","35.81756894"
"2017","2017-04-24 21","50","야간","월","1","1","0","0","0","전남","목포시","차대사람","기타","기타","운전자법규위반","안전운전 의무 불이행","단일로","기타단일로","화물차","화물차","보행자","보행자","899870","1644444","126.40552321","34.78962535"
"2017","2017-04-24 22","50","야간","월","1","1","0","0","0","대구","달서구","차량단독","전도","전도","운전자법규위반","안전운전 의무 불이행","교차로","교차로내","승용차","승용차","없음","없음","1088669","1761191","128.48186121","35.84323463"
"2017","2017-04-24 22","00","야간","월","1","1","0","0","0","광주","광산구","차대차","측면충돌","측면충돌","운전자법규위반","신호위반","교차로","교차로내","승용차","승용차","원동기장치자전거","원동기장치자전거","937857","1687338","126.81750557","35.17941477"
"2017","2017-04-25 03","40","야간","화","2","3","1","0","0","강원","홍천군","차대차","정면충돌","정면충돌","운전자법규위반","중앙선 침범","단일로","기타단일로","승용차","승용차","승용차","승용차","1043095","1978321","127.9895421","37.80358895"
"2017","2017-04-25 06","50","주간","화","1","1","0","0","0","대전","서구","차대차","기타","기타","운전자법규위반","중앙선 침범","단일로","기타단일로","자전거","자전거","승합차","승합차","986851","1811996","127.35354051","36.30520551"
"2017","2017-04-25 16","43","주간","화","1","1","0","0","0","서울","서초구","차량단독","전도","전도","운전자법규위반","안전운전 의무 불이행","단일로","기타단일로","승용차","승용차","없음","없음","956947","1942230","127.01306285","37.4782983"
"2017","2017-04-25 16","08","주간","화","2","5","2","1","0","부산","해운대구","차대차","추돌","추돌","운전자법규위반","안전운전 의무 불이행","단일로","기타단일로","승용차","승용차","승합차","승합차","1147938","1689315","129.12485494","35.18827355"
"2017","2017-04-25 18","05","야간","화","1","1","0","0","0","경북","안동시","차대사람","기타","기타","운전자법규위반","안전운전 의무 불이행","단일로","기타단일로","승합차","승합차","보행자","보행자","1109900","1841252","128.72813891","36.56272035"
"2017","2017-04-25 20","28","야간","화","1","1","0","0","0","경기","화성시","차대사람","횡단중","횡단중","운전자법규위반","안전운전 의무 불이행","단일로","기타단일로","승용차","승용차","보행자","보행자","938470","1896838","126.80785244","37.06811829"
"2017","2017-04-25 22","20","야간","화","1","2","0","1","0","충북","음성군","차대차","측면충돌","측면충돌","운전자법규위반","중앙선 침범","단일로","기타단일로","승용차","승용차","승용차","승용차","1009460","1897147","127.60642236","37.07287539"
"2017","2017-04-26 04","45","야간","수","1","1","0","0","0","서울","종로구","차대사람","기타","기타","운전자법규위반","안전운전 의무 불이행","단일로","기타단일로","승용차","승용차","보행자","보행자","955841","1952498","126.99993685","37.57079451"
"2017","2017-04-26 05","00","야간","수","1","1","0","0","0","서울","서초구","차대차","기타","기타","운전자법규위반","안전운전 의무 불이행","단일로","기타단일로","승용차","승용차","승합차","승합차","954903","1945368","126.98975329","37.50648457"
"2017","2017-04-26 11","33","주간","수","1","1","0","0","0","제주","제주시","차대차","기타","기타","운전자법규위반","안전거리 미확보","단일로","기타단일로","승용차","승용차","화물차","화물차","900866","1495295","126.43342818","33.44481963"
"2017","2017-04-26 12","00","주간","수","1","1","0","0","0","경기","김포시","차대사람","횡단중","횡단중","운전자법규위반","안전운전 의무 불이행","단일로","기타단일로","승용차","승용차","보행자","보행자","929169","1959615","126.69723218","37.6332717"
"2017","2017-04-26 14","00","주간","수","1","1","0","0","0","대구","동구","차대차","측면충돌","측면충돌","운전자법규위반","안전운전 의무 불이행","단일로","기타단일로","건설기계","건설기계","자전거","자전거","1103217","1765841","128.64353132","35.88372727"
"2017","2017-04-26 17","45","주간","수","1","1","0","0","0","경북","김천시","차대차","추돌","추돌","운전자법규위반","안전운전 의무 불이행","단일로","기타단일로","화물차","화물차","농기계","농기계","1064163","1795803","128.21332528","36.15718106"
"2017","2017-04-26 19","45","야간","수","1","1","0","0","0","경남","거창군","차대사람","길가장자리구역통행중","길가장자리구역통행중","운전자법규위반","안전운전 의무 불이행","단일로","기타단일로","승용차","승용차","보행자","보행자","1041287","1737160","127.95597125","35.62971151"
"2017","2017-04-27 02","00","야간","목","1","1","0","0","0","경북","울진군","차대사람","횡단중","횡단중","운전자법규위반","안전운전 의무 불이행","단일로","기타단일로","화물차","화물차","보행자","보행자","1161197","1899739","129.31356542","37.08241926"
"2017","2017-04-27 05","57","야간","목","1","1","0","0","0","충남","논산시","차대차","측면충돌","측면충돌","운전자법규위반","신호위반","교차로","교차로내","이륜차","이륜차","화물차","화물차","962365","1801404","127.0813187","36.20907011"
"2017","2017-04-27 06","25","주간","목","1","1","0","0","0","충남","청양군","차대차","측면충돌","측면충돌","운전자법규위반","직진 및 우회전차의 통행방해","교차로","교차로내","이륜차","이륜차","승합차","승합차","953622","1822886","126.9827806","36.40235305"
"2017","2017-04-27 07","05","주간","목","1","1","0","0","0","부산","사하구","차대차","정면충돌","정면충돌","운전자법규위반","신호위반","교차로","교차로내","이륜차","이륜차","승용차","승용차","1133552","1677689","128.96500134","35.08548146"
"2017","2017-04-27 09","33","주간","목","1","1","0","0","0","경남","함양군","차대차","측면충돌","측면충돌","운전자법규위반","신호위반","교차로","교차로내","자전거","자전거","승용차","승용차","1028653","1737266","127.81644817","35.63111455"
"2017","2017-04-27 10","28","주간","목","1","4","1","2","0","전북","완주군","차대차","정면충돌","정면충돌","운전자법규위반","안전운전 의무 불이행","단일로","기타단일로","승용차","승용차","승용차","승용차","957218","1758396","127.02638658","35.8211127"
"2017","2017-04-27 13","50","주간","목","1","1","0","0","0","전남","함평군","차대사람","횡단중","횡단중","운전자법규위반","안전운전 의무 불이행","교차로","교차로내","화물차","화물차","보행자","보행자","910572","1674477","126.51926813","35.0614018"
"2017","2017-04-27 16","04","주간","목","1","1","0","0","0","울산","울주군","차량단독","전도","전도","운전자법규위반","안전운전 의무 불이행","교차로","교차로부근","이륜차","이륜차","없음","없음","1164492","1715939","129.3119527","35.42563538"
"2017","2017-04-27 17","19","주간","목","1","3","1","1","0","전남","무안군","차대차","정면충돌","정면충돌","운전자법규위반","안전운전 의무 불이행","교차로","교차로내","화물차","화물차","승합차","승합차","892624","1678903","126.32189774","35.09955309"
"2017","2017-04-27 18","10","야간","목","1","1","0","0","0","전북","완주군","차대차","추돌","추돌","운전자법규위반","안전거리 미확보","교차로","교차로부근","원동기장치자전거","원동기장치자전거","승용차","승용차","957059","1759346","127.02457537","35.82967085"
"2017","2017-04-27 21","03","야간","목","1","1","0","0","0","경기","화성시","차대차","정면충돌","정면충돌","운전자법규위반","과속","교차로","교차로내","승용차","승용차","이륜차","이륜차","954186","1898070","126.98455806","37.0801233"
"2017","2017-04-27 21","00","야간","목","1","1","0","0","0","경기","성남시","차대사람","횡단중","횡단중","운전자법규위반","안전운전 의무 불이행","교차로","교차로부근","승용차","승용차","보행자","보행자","966985","1940123","127.12668634","37.45972015"
"2017","2017-04-27 21","55","야간","목","1","2","1","0","0","충북","보은군","차대차","추돌","추돌","운전자법규위반","안전운전 의무 불이행","단일로","기타단일로","화물차","화물차","화물차","화물차","1027269","1828670","127.80431802","36.45522956"
"2017","2017-04-28 00","06","야간","금","1","1","0","0","0","서울","영등포구","차대사람","횡단중","횡단중","운전자법규위반","안전운전 의무 불이행","단일로","교량위","승합차","승합차","보행자","보행자","945947","1948123","126.88822343","37.53083457"
"2017","2017-04-28 05","10","야간","금","1","1","0","0","0","경기","남양주시","차대사람","횡단중","횡단중","운전자법규위반","신호위반","교차로","교차로횡단보도내","화물차","화물차","보행자","보행자","970269","1965917","127.16277238","37.69232311"
"2017","2017-04-28 09","50","주간","금","1","1","0","0","0","부산","해운대구","차량단독","전도전복","전도전복","운전자법규위반","안전운전 의무 불이행","단일로","기타단일로","이륜차","이륜차","없음","없음","1148816","1692893","129.13507187","35.21988549"
"2017","2017-04-28 13","50","주간","금","1","1","0","0","0","전남","신안군","차량단독","기타","기타","운전자법규위반","안전운전 의무 불이행","단일로","기타단일로","농기계","농기계","없음","없음","876058","1636883","126.14641459","34.71883887"
"2017","2017-04-28 15","40","주간","금","1","2","1","0","0","경북","예천군","차량단독","전도","전도","운전자법규위반","안전운전 의무 불이행","단일로","기타단일로","화물차","화물차","없음","없음","1079116","1862459","128.38635928","36.75692474"
"2017","2017-04-28 19","10","야간","금","1","1","0","0","0","전남","고흥군","차량단독","전도","전도","운전자법규위반","안전운전 의무 불이행","단일로","기타단일로","원동기장치자전거","원동기장치자전거","없음","없음","988395","1630514","127.37333244","34.66885841"
"2017","2017-04-28 21","10","야간","금","1","1","0","0","0","경남","함안군","차대사람","횡단중","횡단중","운전자법규위반","안전운전 의무 불이행","교차로","교차로부근","승용차","승용차","보행자","보행자","1079863","1704208","128.37872891","35.33026186"
"2017","2017-04-28 23","47","야간","금","1","1","0","0","0","인천","남동구","차대차","측면충돌","측면충돌","운전자법규위반","신호위반","교차로","교차로내","이륜차","이륜차","승용차","승용차","933624","1939171","126.74956823","37.4493462"
"2017","2017-04-29 07","57","주간","토","1","1","0","0","0","경기","평택시","차대차","측면충돌","측면충돌","운전자법규위반","안전운전 의무 불이행","단일로","기타단일로","건설기계","건설기계","자전거","자전거","951328","1883842","126.95332421","36.95172811"
"2017","2017-04-29 12","05","주간","토","1","1","0","0","0","전남","해남군","차대차","측면충돌","측면충돌","운전자법규위반","중앙선 침범","교차로","교차로부근","이륜차","이륜차","화물차","화물차","919593","1601981","126.62510508","34.40848141"
"2017","2017-04-29 13","40","주간","토","1","2","0","1","0","충북","영동군","차대차","정면충돌","정면충돌","운전자법규위반","중앙선 침범","단일로","기타단일로","화물차","화물차","건설기계","건설기계","1035250","1799674","127.89207148","36.19356329"
"2017","2017-04-29 14","00","주간","토","2","5","0","3","0","전남","나주시","차대차","측면충돌","측면충돌","운전자법규위반","교차로 통행방법 위반","교차로","교차로내","승용차","승용차","건설기계","건설기계","940969","1669703","126.85277799","35.02060813"
"2017","2017-04-29 16","05","주간","토","1","2","1","0","0","충남","공주시","차대차","후진중충돌","후진중충돌","운전자법규위반","안전운전 의무 불이행","단일로","기타단일로","화물차","화물차","이륜차","이륜차","960687","1818465","127.06179271","36.36281251"
"2017","2017-04-29 17","17","주간","토","1","3","2","0","0","경기","평택시","차량단독","공작물충돌","공작물충돌","운전자법규위반","안전운전 의무 불이행","교차로","교차로부근","승용차","승용차","없음","없음","957532","1895956","127.02232137","37.06122531"
"2017","2017-04-29 17","00","주간","토","1","1","0","0","0","경북","상주시","차대사람","횡단중","횡단중","운전자법규위반","안전운전 의무 불이행","교차로","교차로내","화물차","화물차","보행자","보행자","1058374","1825338","128.15132952","36.42415187"
"2017","2017-04-29 18","45","야간","토","1","1","0","0","0","서울","강남구","차량단독","전도","전도","운전자법규위반","안전운전 의무 불이행","단일로","터널안","이륜차","이륜차","없음","없음","962545","1942822","127.0763454","37.48387823"
"2017","2017-04-29 19","15","야간","토","1","1","0","0","0","경북","경주시","차대사람","기타","기타","운전자법규위반","안전운전 의무 불이행","단일로","기타단일로","화물차","화물차","보행자","보행자","1154033","1763232","129.20582573","35.85353704"
"2017","2017-04-29 19","05","야간","토","1","1","0","0","0","전북","전주시","차대차","정면충돌","정면충돌","운전자법규위반","안전운전 의무 불이행","교차로","교차로부근","화물차","화물차","자전거","자전거","965105","1758822","127.11367815","35.82526583"