"발생년","발생년월일시","발생분","주야","요일","사망자수","사상자수","중상자수","경상자수","부상신고자수","발생지시도","발생지시군구","사고유형_대분류","사고유형_중분류","사고유형","법규위반_대분류","법규위반","도로형태_대분류","도로형태","당사자종별_1당_대분류","당사자종별_1당","당사자종별_2당_대분류","당사자종별_2당","발생위치X_UTMK","발생위치Y_UTMK","경도","위도"
"2017","2017-04-29 20","40","야간","토","1","1","0","0","0","전남","목포시","차대사람","횡단중","횡단중","운전자법규위반","안전운전 의무 불이행","교차로","교차로횡단보도내","승용차","승용차","보행자","보행자","899789","1646277","126.40441831","34.80614026"
"2017","2017-04-29 20","10","야간","토","1","1","0","0","0","강원","춘천시","차대사람","횡단중","횡단중","운전자법규위반","안전운전 의무 불이행","단일로","기타단일로","건설기계","건설기계","보행자","보행자","1019521","1990368","127.72207931","37.91297758"
"2017","2017-04-29 20","25","야간","토","1","1","0","0","0","경남","하동군","차대사람","횡단중","횡단중","운전자법규위반","안전운전 의무 불이행","기타","기타","화물차","화물차","보행자","보행자","1021941","1675005","127.74064951","35.0698891"
"2017","2017-04-29 22","40","야간","토","1","1","0","0","0","경북","칠곡군","차대사람","횡단중","횡단중","운전자법규위반","안전운전 의무 불이행","단일로","기타단일로","화물차","화물차","보행자","보행자","1098692","1778420","128.59497084","35.997586"
"2017","2017-04-30 00","53","야간","일","1","2","1","0","0","서울","영등포구","차량단독","공작물충돌","공작물충돌","운전자법규위반","안전운전 의무 불이행","교차로","교차로내","승합차","승합차","없음","없음","945389","1947039","126.88198888","37.52103148"
"2017","2017-04-30 01","56","야간","일","1","1","0","0","0","제주","서귀포시","차대사람","기타","기타","운전자법규위반","안전운전 의무 불이행","교차로","교차로부근","승용차","승용차","보행자","보행자","912423","1473749","126.55984407","33.25151085"
"2017","2017-04-30 06","35","주간","일","1","2","1","0","0","서울","강북구","차대차","기타","기타","운전자법규위반","신호위반","단일로","기타단일로","승용차","승용차","승용차","승용차","959625","1959044","127.04242492","37.62996881"
"2017","2017-04-30 08","35","주간","일","1","4","1","2","0","전북","정읍시","차대차","정면충돌","정면충돌","운전자법규위반","중앙선 침범","기타","기타","승용차","승용차","승용차","승용차","952804","1743779","126.97994763","35.68837007"
"2017","2017-04-30 09","41","주간","일","1","1","0","0","0","광주","북구","차대사람","길가장자리구역통행중","길가장자리구역통행중","운전자법규위반","안전운전 의무 불이행","단일로","기타단일로","승용차","승용차","보행자","보행자","942731","1690279","126.87082756","35.20622241"
"2017","2017-04-30 10","10","주간","일","1","3","0","2","0","경북","경주시","차대차","측면충돌","측면충돌","운전자법규위반","중앙선 침범","단일로","기타단일로","이륜차","이륜차","승용차","승용차","1163869","1760556","129.3141568","35.82782632"
"2017","2017-04-30 10","41","주간","일","1","1","0","0","0","경북","경주시","차대사람","횡단중","횡단중","운전자법규위반","보행자 보호의무 위반","단일로","기타단일로","승용차","승용차","보행자","보행자","1156293","1760198","129.2302497","35.82583657"
"2017","2017-04-30 13","05","주간","일","1","2","0","1","0","경북","성주군","차량단독","도로이탈","도로이탈 기타","운전자법규위반","안전운전 의무 불이행","단일로","기타단일로","승용차","승용차","없음","없음","1070503","1772813","128.28175154","35.94948515"
"2017","2017-04-30 14","58","주간","일","1","4","3","0","0","전남","함평군","차량단독","전도전복","전도전복","운전자법규위반","안전운전 의무 불이행","단일로","기타단일로","승용차","승용차","없음","없음","920457","1686423","126.62651342","35.16993756"
"2017","2017-04-30 14","48","주간","일","1","1","0","0","0","경기","부천시","차대사람","횡단중","횡단중","운전자법규위반","안전운전 의무 불이행","교차로","교차로횡단보도내","승합차","승합차","보행자","보행자","938361","1941728","126.80290598","37.4727205"
"2017","2017-04-30 18","55","야간","일","1","1","0","0","0","충남","부여군","차량단독","전도전복","전도전복","운전자법규위반","안전운전 의무 불이행","교차로","교차로부근","사륜오토바이(ATV)","사륜오토바이(ATV)","없음","없음","931444","1809203","126.73666714","36.27767871"
"2017","2017-04-30 19","00","야간","일","1","1","0","0","0","충남","서산시","차대사람","횡단중","횡단중","운전자법규위반","기타(운전자법규위반)","단일로","기타단일로","승용차","승용차","보행자","보행자","913563","1852712","126.53273362","36.6684302"
"2017","2017-04-30 19","40","야간","일","1","1","0","0","0","경기","가평군","차대사람","횡단중","횡단중","운전자법규위반","보행자 보호의무 위반","교차로","교차로부근","승용차","승용차","보행자","보행자","1001304","1979393","127.5148151","37.8142673"
"2017","2017-04-30 20","15","야간","일","1","1","0","0","0","충남","서천군","차대사람","횡단중","횡단중","운전자법규위반","과속","단일로","기타단일로","승용차","승용차","보행자","보행자","920379","1792033","126.61522042","36.12204886"
"2017","2017-04-30 21","55","야간","일","1","2","1","0","0","광주","광산구","차대차","추돌","추돌","운전자법규위반","과속","단일로","기타단일로","승용차","승용차","원동기장치자전거","원동기장치자전거","930026","1684319","126.73176302","35.15167919"
"2017","2017-05-01 00","30","야간","월","1","3","1","1","0","서울","구로구","차대사람","차도통행중","차도통행중","운전자법규위반","과속","단일로","기타단일로","이륜차","이륜차","보행자","보행자","946545","1942300","126.89541469","37.47838583"
"2017","2017-05-01 02","28","야간","월","1","2","0","1","0","경기","포천시","차대사람","횡단중","횡단중","운전자법규위반","안전운전 의무 불이행","교차로","교차로내","승용차","승용차","보행자","보행자","973235","1987672","127.19561085","37.88849439"
"2017","2017-05-01 03","45","야간","월","1","1","0","0","0","대구","수성구","차대사람","횡단중","횡단중","운전자법규위반","신호위반","교차로","교차로내","화물차","화물차","보행자","보행자","1103597","1764659","128.64758684","35.8730322"
"2017","2017-05-01 08","40","주간","월","1","1","0","0","0","충북","충주시","차량단독","전도","전도","운전자법규위반","안전운전 의무 불이행","단일로","기타단일로","승용차","승용차","없음","없음","1027592","1899727","127.81049531","37.09577354"
"2017","2017-05-01 09","20","주간","월","1","1","0","0","0","전북","김제시","차대차","측면충돌","측면충돌","운전자법규위반","안전운전 의무 불이행","교차로","교차로내","승용차","승용차","이륜차","이륜차","947029","1766279","126.91307154","35.89168602"
"2017","2017-05-01 11","35","주간","월","1","1","0","0","0","충남","당진시","차대사람","차도통행중","차도통행중","운전자법규위반","안전운전 의무 불이행","단일로","기타단일로","화물차","화물차","보행자","보행자","933191","1868515","126.7509768","36.81246061"
"2017","2017-05-01 16","42","주간","월","1","1","0","0","0","경기","의정부시","차대사람","횡단중","횡단중","운전자법규위반","안전운전 의무 불이행","교차로","교차로내","화물차","화물차","보행자","보행자","960466","1971878","127.05125938","37.74567954"
"2017","2017-05-01 17","31","주간","월","1","1","0","0","0","충남","아산시","차량단독","전도","전도","운전자법규위반","안전운전 의무 불이행","교차로","교차로내","이륜차","이륜차","없음","없음","961074","1882002","127.06288116","36.93559534"
"2017","2017-05-01 19","50","야간","월","1","1","0","0","0","경북","경산시","차대사람","횡단중","횡단중","운전자법규위반","안전운전 의무 불이행","단일로","기타단일로","승용차","승용차","보행자","보행자","1116008","1757949","128.78406392","35.81115698"
"2017","2017-05-01 21","30","야간","월","1","1","0","0","0","광주","북구","차대사람","기타","기타","운전자법규위반","안전운전 의무 불이행","기타","기타","승용차","승용차","보행자","보행자","943220","1687853","126.8759336","35.18471901"
"2017","2017-05-01 23","20","야간","월","1","1","0","0","0","전남","장흥군","차량단독","전도전복","전도전복","운전자법규위반","안전운전 의무 불이행","단일로","기타단일로","승용차","승용차","없음","없음","951018","1609328","126.96659701","34.47670332"
"2017","2017-05-01 23","58","야간","월","2","8","5","1","0","충북","영동군","차대차","기타","기타","운전자법규위반","안전운전 의무 불이행","단일로","기타단일로","승합차","승합차","승용차","승용차","1026784","1809341","127.79823976","36.28098717"
"2017","2017-05-02 00","50","야간","화","1","2","0","0","1","충북","보은군","차량단독","전도전복","전도전복","운전자법규위반","안전운전 의무 불이행","단일로","교량위","승용차","승용차","없음","없음","1010588","1831269","127.61819672","36.47898956"
"2017","2017-05-02 00","01","야간","화","2","2","0","0","0","부산","기장군","차량단독","공작물충돌","공작물충돌","운전자법규위반","안전운전 의무 불이행","단일로","기타단일로","승용차","승용차","없음","없음","1155613","1691967","129.20958366","35.21101222"
"2017","2017-05-02 00","10","야간","화","1","2","0","1","0","경기","김포시","차대차","추돌","추돌","운전자법규위반","안전운전 의무 불이행","교차로","교차로내","승용차","승용차","화물차","화물차","922464","1965058","126.62067008","37.68178451"
"2017","2017-05-02 04","55","야간","화","1","2","1","0","0","강원","원주시","차대차","측면충돌","측면충돌","운전자법규위반","중앙선 침범","단일로","기타단일로","승합차","승합차","승용차","승용차","1039063","1930179","127.94117304","37.3698538"
"2017","2017-05-02 07","42","주간","화","1","1","0","0","0","대전","동구","차대사람","횡단중","횡단중","운전자법규위반","안전운전 의무 불이행","단일로","기타단일로","승용차","승용차","보행자","보행자","999795","1817121","127.49771527","36.35149937"
"2017","2017-05-02 09","16","주간","화","1","3","2","0","0","충북","충주시","차대차","정면충돌","정면충돌","운전자법규위반","안전거리 미확보","단일로","기타단일로","승용차","승용차","건설기계","건설기계","1037526","1891486","127.92186964","37.021143"
"2017","2017-05-03 00","50","야간","수","1","1","0","0","0","서울","용산구","차량단독","전도","전도","운전자법규위반","안전운전 의무 불이행","단일로","기타단일로","이륜차","이륜차","없음","없음","954280","1946856","126.98261208","37.51986567"
"2017","2017-05-03 00","00","야간","수","1","1","0","0","0","인천","중구","차대사람","차도통행중","차도통행중","운전자법규위반","안전운전 의무 불이행","단일로","기타단일로","승용차","승용차","보행자","보행자","910541","1940731","126.4884402","37.46146042"
"2017","2017-05-03 02","07","야간","수","1","2","0","1","0","전북","남원시","차대차","추돌","추돌","운전자법규위반","안전운전 의무 불이행","단일로","기타단일로","화물차","화물차","화물차","화물차","991510","1715462","127.40646301","35.43489501"
"2017","2017-05-03 03","13","야간","수","1","1","0","0","0","대구","수성구","차량단독","공작물충돌","공작물충돌","운전자법규위반","안전운전 의무 불이행","단일로","교량위","이륜차","이륜차","없음","없음","1101507","1757087","128.62344344","35.8050301"
"2017","2017-05-03 07","43","주간","수","1","4","2","1","0","경기","시흥시","차대차","측면충돌","측면충돌","운전자법규위반","직진 및 우회전차의 통행방해","교차로","교차로내","건설기계","건설기계","화물차","화물차","928393","1925920","126.69171625","37.3295255"
"2017","2017-05-03 09","20","주간","수","1","1","0","0","0","경북","경주시","차대사람","길가장자리구역통행중","길가장자리구역통행중","운전자법규위반","안전운전 의무 불이행","단일로","기타단일로","승용차","승용차","보행자","보행자","1140752","1744715","129.05554322","35.68864218"
"2017","2017-05-03 16","25","주간","수","1","1","0","0","0","충북","청주시","차대차","기타","기타","운전자법규위반","안전운전 의무 불이행","교차로","교차로부근","화물차","화물차","화물차","화물차","1015657","1850377","127.67517166","36.65117964"
"2017","2017-05-03 16","25","주간","수","1","1","0","0","0","전남","담양군","차대차","측면충돌","측면충돌","운전자법규위반","중앙선 침범","단일로","기타단일로","자전거","자전거","승용차","승용차","951166","1702576","126.96276146","35.31754625"
"2017","2017-05-03 18","50","야간","수","1","1","0","0","0","충남","청양군","차량단독","기타","기타","운전자법규위반","안전운전 의무 불이행","교차로","교차로내","화물차","화물차","없음","없음","947423","1813946","126.91425513","36.32144022"
"2017","2017-05-03 18","30","야간","수","1","1","0","0","0","충남","예산군","차량단독","공작물충돌","공작물충돌","운전자법규위반","안전운전 의무 불이행","단일로","기타단일로","사륜오토바이(ATV)","사륜오토바이(ATV)","없음","없음","941771","1848690","126.84867545","36.63431978"
"2017","2017-05-04 01","00","야간","목","1","1","0","0","0","충북","음성군","차량단독","전도","전도","운전자법규위반","안전운전 의무 불이행","단일로","기타단일로","원동기장치자전거","원동기장치자전거","없음","없음","1018877","1880924","127.71195418","36.92649293"
"2017","2017-05-04 01","22","야간","목","1","1","0","0","0","경기","안성시","차대차","정면충돌","정면충돌","운전자법규위반","중앙선 침범","단일로","기타단일로","승용차","승용차","화물차","화물차","993724","1897422","127.42939442","37.07538105"
"2017","2017-05-04 01","33","야간","목","1","1","0","0","0","대전","중구","차대사람","횡단중","횡단중","운전자법규위반","안전운전 의무 불이행","단일로","기타단일로","승용차","승용차","보행자","보행자","991882","1813816","127.40955903","36.32166916"
"2017","2017-05-04 05","50","야간","목","1","1","0","0","0","광주","북구","차대사람","횡단중","횡단중","운전자법규위반","신호위반","교차로","교차로부근","화물차","화물차","보행자","보행자","947144","1685671","126.91960314","35.16491566"
"2017","2017-05-04 06","20","주간","목","1","1","0","0","0","광주","광산구","차대사람","횡단중","횡단중","운전자법규위반","보행자 보호의무 위반","교차로","교차로부근","화물차","화물차","보행자","보행자","936432","1685491","126.8018119","35.16255558"
"2017","2017-05-04 10","07","주간","목","1","1","0","0","0","전남","목포시","차대차","기타","기타","운전자법규위반","안전거리 미확보","단일로","기타단일로","자전거","자전거","화물차","화물차","898691","1644314","126.39223441","34.78839871"
"2017","2017-05-04 13","18","주간","목","1","1","0","0","0","경남","거창군","차대차","기타","기타","운전자법규위반","안전거리 미확보","교차로","교차로부근","자전거","자전거","화물차","화물차","1037113","1742740","127.91013208","35.68018773"
"2017","2017-05-04 13","55","주간","목","1","1","0","0","0","강원","평창군","차량단독","전도","전도","운전자법규위반","안전운전 의무 불이행","단일로","기타단일로","농기계","농기계","없음","없음","1096090","1963619","128.58952824","37.66706012"
"2017","2017-05-04 13","51","주간","목","1","2","1","0","0","강원","철원군","차대차","측면충돌","측면충돌","운전자법규위반","직진 및 우회전차의 통행방해","교차로","교차로내","승용차","승용차","화물차","화물차","979576","2022231","127.26673814","38.20013064"
"2017","2017-05-04 13","10","주간","목","1","1","0","0","0","충남","논산시","차량단독","도로이탈","도로이탈 추락","운전자법규위반","안전운전 의무 불이행","단일로","기타단일로","농기계","농기계","없음","없음","968482","1811553","127.14895867","36.30078601"
"2017","2017-05-04 14","25","주간","목","1","1","0","0","0","서울","양천구","차대사람","기타","기타","운전자법규위반","안전운전 의무 불이행","단일로","기타단일로","화물차","화물차","보행자","보행자","942093","1946746","126.84471462","37.5181896"
"2017","2017-05-04 18","10","야간","목","1","1","0","0","0","충남","천안시","차량단독","전도전복","전도전복","운전자법규위반","안전운전 의무 불이행","단일로","기타단일로","승용차","승용차","없음","없음","969208","1868182","127.15478114","36.81131657"
"2017","2017-05-04 23","50","야간","목","1","1","0","0","0","서울","강북구","차대사람","차도통행중","차도통행중","운전자법규위반","안전운전 의무 불이행","교차로","교차로내","승용차","승용차","보행자","보행자","957462","1959194","127.01790341","37.63122317"
"2017","2017-05-05 00","45","야간","금","1","2","1","0","0","경북","구미시","차량단독","전복","전복","운전자법규위반","안전운전 의무 불이행","교차로","교차로부근","승용차","승용차","없음","없음","1077843","1790797","128.36490159","36.11105094"
"2017","2017-05-05 01","20","야간","금","1","1","0","0","0","경기","파주시","차량단독","전도전복","전도전복","운전자법규위반","안전운전 의무 불이행","교차로","교차로내","승용차","승용차","없음","없음","950325","1997762","126.93437588","37.97846915"
"2017","2017-05-05 06","15","주간","금","1","1","0","0","0","충남","서산시","차량단독","공작물충돌","공작물충돌","운전자법규위반","안전운전 의무 불이행","단일로","기타단일로","승용차","승용차","없음","없음","899497","1849731","126.37574545","36.64017951"
"2017","2017-05-05 06","50","주간","금","1","1","0","0","0","경기","용인시","차량단독","기타","기타","운전자법규위반","안전운전 의무 불이행","단일로","기타단일로","승용차","승용차","없음","없음","967937","1925526","127.13808393","37.32818144"
"2017","2017-05-05 07","15","주간","금","1","1","0","0","0","전남","여수시","차량단독","공작물충돌","공작물충돌","운전자법규위반","안전운전 의무 불이행","단일로","기타단일로","화물차","화물차","없음","없음","1017672","1641952","127.69312775","34.77191728"
"2017","2017-05-05 11","05","주간","금","1","4","0","3","0","경북","경주시","차대차","추돌","추돌","운전자법규위반","안전운전 의무 불이행","단일로","기타단일로","승합차","승합차","승용차","승용차","1156860","1761146","129.23671032","35.83428947"
"2017","2017-05-05 12","40","주간","금","1","2","1","0","0","경남","진주시","차대차","추돌","추돌","운전자법규위반","안전운전 의무 불이행","단일로","기타단일로","화물차","화물차","승합차","승합차","1055161","1685696","128.10570785","35.16501718"
"2017","2017-05-05 13","45","주간","금","1","3","1","1","0","강원","철원군","차대차","정면충돌","정면충돌","운전자법규위반","중앙선 침범","단일로","기타단일로","승용차","승용차","승용차","승용차","997584","2026022","127.47239393","38.23452575"
"2017","2017-05-05 17","05","주간","금","1","1","0","0","0","전남","곡성군","차량단독","도로이탈","도로이탈 기타","운전자법규위반","안전운전 의무 불이행","기타","기타","자전거","자전거","없음","없음","981174","1698168","127.29420689","35.27774656"
"2017","2017-05-05 20","25","야간","금","1","1","0","0","0","전남","여수시","차대사람","횡단중","횡단중","운전자법규위반","안전운전 의무 불이행","단일로","기타단일로","화물차","화물차","보행자","보행자","1017820","1639340","127.69468985","34.74836035"
"2017","2017-05-05 20","20","야간","금","1","1","0","0","0","전북","전주시","차대사람","횡단중","횡단중","운전자법규위반","보행자 보호의무 위반","교차로","교차로횡단보도내","화물차","화물차","보행자","보행자","965512","1763569","127.11797875","35.86807905"
"2017","2017-05-05 21","30","야간","금","1","1","0","0","0","충남","예산군","차대사람","횡단중","횡단중","운전자법규위반","안전운전 의무 불이행","단일로","기타단일로","승용차","승용차","보행자","보행자","935417","1854480","126.77711935","36.68610242"
"2017","2017-05-06 01","26","야간","토","1","1","0","0","0","대구","남구","차대사람","횡단중","횡단중","운전자법규위반","안전운전 의무 불이행","단일로","기타단일로","승용차","승용차","보행자","보행자","1098498","1761887","128.59077009","35.84857025"
"2017","2017-05-06 02","30","야간","토","1","2","0","1","0","충남","보령시","차대차","추돌","추돌","운전자법규위반","안전운전 의무 불이행","단일로","기타단일로","승용차","승용차","특수차","특수차","918335","1825992","126.58895917","36.42799866"
"2017","2017-05-06 03","45","야간","토","1","2","0","1","0","대전","동구","차대차","추돌","추돌","운전자법규위반","안전운전 의무 불이행","단일로","기타단일로","승용차","승용차","화물차","화물차","994646","1816970","127.44033048","36.35012317"
"2017","2017-05-06 03","28","야간","토","1","1","0","0","0","광주","북구","차대사람","횡단중","횡단중","운전자법규위반","과속","교차로","교차로내","승용차","승용차","보행자","보행자","946520","1686869","126.91258971","35.17577442"
"2017","2017-05-06 04","30","야간","토","1","1","0","0","0","서울","성북구","차량단독","전도","전도","운전자법규위반","안전운전 의무 불이행","단일로","기타단일로","이륜차","이륜차","없음","없음","956953","1954761","127.01239588","37.59124408"
"2017","2017-05-06 06","10","주간","토","1","2","0","1","0","경기","여주시","차대차","측면충돌","측면충돌","운전자법규위반","안전운전 의무 불이행","교차로","교차로내","화물차","화물차","승합차","승합차","1010741","1922316","127.62119522","37.29973811"
"2017","2017-05-06 09","30","주간","토","1","1","0","0","0","전남","고흥군","차량단독","전도","전도","운전자법규위반","안전운전 의무 불이행","단일로","기타단일로","화물차","화물차","없음","없음","986310","1611231","127.35090737","34.49505971"
"2017","2017-05-06 10","40","주간","토","1","1","0","0","0","충북","영동군","차대차","기타","기타","운전자법규위반","안전운전 의무 불이행","교차로","교차로내","이륜차","이륜차","화물차","화물차","1015655","1790008","127.67393317","36.10693323"
"2017","2017-05-06 11","35","주간","토","1","3","1","1","0","강원","평창군","차대차","측면충돌","측면충돌","운전자법규위반","안전운전 의무 불이행","단일로","기타단일로","승용차","승용차","승용차","승용차","1081588","1956297","128.42481434","37.6022741"
"2017","2017-05-06 13","50","주간","토","1","1","0","0","0","경기","의정부시","차대차","측면충돌","측면충돌","운전자법규위반","안전운전 의무 불이행","교차로","교차로부근","승용차","승용차","자전거","자전거","959308","1970650","127.03818436","37.73456079"
"2017","2017-05-06 14","18","주간","토","1","2","0","1","0","서울","동작구","차대차","측면충돌","측면충돌","운전자법규위반","신호위반","교차로","교차로부근","원동기장치자전거","원동기장치자전거","승합차","승합차","949566","1946147","126.92931733","37.51322959"
"2017","2017-05-06 15","46","주간","토","1","2","0","1","0","충남","보령시","차대차","기타","기타","운전자법규위반","신호위반","교차로","교차로내","승용차","승용차","건설기계","건설기계","920184","1817850","126.6104207","36.35476013"
"2017","2017-05-06 17","48","주간","토","1","1","0","0","0","인천","부평구","차대사람","횡단중","횡단중","운전자법규위반","보행자 보호의무 위반","교차로","교차로횡단보도내","건설기계","건설기계","보행자","보행자","929589","1945787","126.70332054","37.50867661"
"2017","2017-05-06 18","50","야간","토","1","3","0","2","0","제주","제주시","차대차","기타","기타","운전자법규위반","중앙선 침범","단일로","기타단일로","승용차","승용차","승용차","승용차","908953","1500921","126.51985269","33.49627478"
"2017","2017-05-06 21","05","야간","토","1","1","0","0","0","충북","충주시","차대사람","횡단중","횡단중","운전자법규위반","안전운전 의무 불이행","교차로","교차로부근","화물차","화물차","보행자","보행자","1025098","1883830","127.78190044","36.95254364"
"2017","2017-05-06 21","10","야간","토","1","1","0","0","0","전북","김제시","차대사람","기타","기타","운전자법규위반","과속","기타","기타","승용차","승용차","보행자","보행자","939823","1756669","126.83395718","35.80462977"
"2017","2017-05-06 22","20","야간","토","1","1","0","0","0","서울","성동구","차대사람","횡단중","횡단중","운전자법규위반","안전운전 의무 불이행","교차로","교차로횡단보도내","화물차","화물차","보행자","보행자","959285","1951076","127.03901501","37.55813638"
"2017","2017-05-06 22","34","야간","토","1","1","0","0","0","전남","해남군","차량단독","전도전복","전도전복","운전자법규위반","안전운전 의무 불이행","단일로","기타단일로","화물차","화물차","없음","없음","913022","1627214","126.55095374","34.63553547"
"2017","2017-05-07 02","40","야간","일","1","1","0","0","0","경기","용인시","차량단독","공작물충돌","공작물충돌","운전자법규위반","안전운전 의무 불이행","단일로","기타단일로","이륜차","이륜차","없음","없음","964418","1919096","127.09867159","37.27009485"
"2017","2017-05-07 04","25","야간","일","1","1","0","0","0","경남","김해시","차대사람","횡단중","횡단중","운전자법규위반","안전운전 의무 불이행","단일로","기타단일로","승용차","승용차","보행자","보행자","1126143","1694648","128.88636695","35.2393118"
"2017","2017-05-07 05","01","야간","일","1","1","0","0","0","울산","남구","차대사람","횡단중","횡단중","운전자법규위반","안전운전 의무 불이행","단일로","기타단일로","승용차","승용차","보행자","보행자","1163964","1728288","129.30863125","35.53701445"
"2017","2017-05-07 08","10","주간","일","1","4","1","2","0","경기","평택시","차대차","정면충돌","정면충돌","운전자법규위반","신호위반","교차로","교차로내","이륜차","이륜차","화물차","화물차","942042","1888690","126.84865875","36.99490152"
"2017","2017-05-07 10","40","주간","일","1","1","0","0","0","서울","성동구","차대사람","기타","기타","운전자법규위반","안전운전 의무 불이행","교차로","교차로내","승용차","승용차","보행자","보행자","957966","1951934","127.02403224","37.56581051"
"2017","2017-05-07 14","05","주간","일","1","2","1","0","0","강원","강릉시","차량단독","전도","전도","운전자법규위반","안전운전 의무 불이행","교차로","교차로내","승용차","승용차","없음","없음","1123408","1973527","128.9007471","37.7530006"
"2017","2017-05-07 19","20","야간","일","1","1","0","0","0","경북","경산시","차대차","기타","기타","운전자법규위반","안전운전 의무 불이행","단일로","기타단일로","이륜차","이륜차","화물차","화물차","1114444","1762616","128.76741303","35.85341354"
"2017","2017-05-07 22","42","야간","일","1","1","0","0","0","광주","북구","차대사람","횡단중","횡단중","운전자법규위반","안전운전 의무 불이행","교차로","교차로부근","승합차","승합차","보행자","보행자","943473","1686994","126.8792043","35.17664487"
"2017","2017-05-08 00","15","야간","월","1","1","0","0","0","제주","제주시","차량단독","전도","전도","운전자법규위반","안전운전 의무 불이행","교차로","교차로부근","이륜차","이륜차","없음","없음","895567","1498602","126.37604133","33.47413863"
"2017","2017-05-08 00","55","야간","월","1","2","1","0","0","전북","전주시","차량단독","전도전복","전도전복","운전자법규위반","안전운전 의무 불이행","단일로","지하차도(도로)내","승용차","승용차","없음","없음","969981","1760563","127.1677231","35.84121195"
"2017","2017-05-08 05","00","야간","월","1","1","0","0","0","전남","장흥군","차대차","추돌","추돌","운전자법규위반","안전운전 의무 불이행","단일로","기타단일로","승합차","승합차","농기계","농기계","948397","1619293","126.93698603","34.5662274"
"2017","2017-05-08 06","00","주간","월","1","1","0","0","0","대구","달성군","차대차","정면충돌","정면충돌","운전자법규위반","안전운전 의무 불이행","교차로","교차로내","화물차","화물차","원동기장치자전거","원동기장치자전거","1085952","1740748","128.44958678","35.65918152"
"2017","2017-05-08 13","50","주간","월","1","1","0","0","0","전북","장수군","차대차","측면충돌","측면충돌","운전자법규위반","안전운전 의무 불이행","교차로","교차로내","사륜오토바이(ATV)","사륜오토바이(ATV)","화물차","화물차","1009000","1747737","127.59951516","35.72590004"
"2017","2017-05-08 14","15","주간","월","1","1","0","0","0","경북","상주시","차대차","기타","기타","운전자법규위반","안전운전 의무 불이행","교차로","교차로내","화물차","화물차","원동기장치자전거","원동기장치자전거","1058068","1820039","128.1473697","36.37605224"
"2017","2017-05-08 14","30","주간","월","1","1","0","0","0","전남","영광군","차량단독","전도","전도","운전자법규위반","안전운전 의무 불이행","단일로","기타단일로","농기계","농기계","없음","없음","907600","1692124","126.48470566","35.220236"
"2017","2017-05-08 14","58","주간","월","1","4","2","1","0","전남","나주시","차대차","측면충돌","측면충돌","운전자법규위반","안전운전 의무 불이행","교차로","교차로내","승용차","승용차","승용차","승용차","921778","1661892","126.64107465","34.95013138"
"2017","2017-05-08 14","30","주간","월","1","1","0","0","0","전남","해남군","차대차","측면충돌","측면충돌","운전자법규위반","교차로 통행방법 위반","교차로","교차로내","화물차","화물차","이륜차","이륜차","923195","1619404","126.6623983","34.5662032"
"2017","2017-05-08 15","00","주간","월","1","3","0","1","1","대구","달성군","차대차","측면충돌","측면충돌","운전자법규위반","신호위반","교차로","교차로내","승용차","승용차","승용차","승용차","1083035","1741219","128.41741247","35.66367752"
"2017","2017-05-08 15","00","주간","월","1","1","0","0","0","충북","충주시","차대사람","횡단중","횡단중","운전자법규위반","안전운전 의무 불이행","교차로","교차로부근","화물차","화물차","보행자","보행자","1039343","1884411","127.94060159","36.95713599"
"2017","2017-05-08 17","20","주간","월","1","2","1","0","0","충남","부여군","차대차","정면충돌","정면충돌","운전자법규위반","교차로 통행방법 위반","교차로","교차로내","승용차","승용차","이륜차","이륜차","940958","1791703","126.84391119","36.12054458"
"2017","2017-05-08 18","55","야간","월","1","1","0","0","0","경북","경주시","차대차","측면충돌","측면충돌","운전자법규위반","신호위반","교차로","교차로내","자전거","자전거","승용차","승용차","1154163","1761979","129.20702274","35.84222436"
"2017","2017-05-09 00","20","야간","화","1","1","0","0","0","울산","남구","차대사람","횡단중","횡단중","운전자법규위반","과속","교차로","교차로부근","승용차","승용차","보행자","보행자","1165144","1729674","129.32192415","35.54930928"
"2017","2017-05-09 02","45","야간","화","1","1","0","0","0","경기","의정부시","차대사람","횡단중","횡단중","운전자법규위반","신호위반","단일로","기타단일로","화물차","화물차","보행자","보행자","959059","1971613","127.03530428","37.74322921"
"2017","2017-05-09 04","50","야간","화","1","1","0","0","0","인천","서구","차대사람","횡단중","횡단중","운전자법규위반","안전운전 의무 불이행","교차로","교차로내","이륜차","이륜차","보행자","보행자","924522","1956969","126.64484353","37.60905462"
"2017","2017-05-09 07","45","주간","화","1","1","0","0","0","강원","속초시","차대사람","차도통행중","차도통행중","운전자법규위반","신호위반","교차로","교차로부근","승합차","승합차","보행자","보행자","1095539","2023156","128.59118514","38.20362774"
"2017","2017-05-09 10","57","주간","화","1","1","0","0","0","경기","안산시","차대사람","차도통행중","차도통행중","운전자법규위반","안전운전 의무 불이행","단일로","기타단일로","화물차","화물차","보행자","보행자","943786","1927275","126.86535516","37.34279799"