"발생년","발생년월일시","발생분","주야","요일","사망자수","사상자수","중상자수","경상자수","부상신고자수","발생지시도","발생지시군구","사고유형_대분류","사고유형_중분류","사고유형","법규위반_대분류","법규위반","도로형태_대분류","도로형태","당사자종별_1당_대분류","당사자종별_1당","당사자종별_2당_대분류","당사자종별_2당","발생위치X_UTMK","발생위치Y_UTMK","경도","위도"
"2017","2017-05-19 13","55","주간","금","1","2","1","0","0","제주","서귀포시","차량단독","전도","전도","운전자법규위반","안전운전 의무 불이행","단일로","기타단일로","사륜오토바이(ATV)","사륜오토바이(ATV)","없음","없음","916168","1479350","126.59952447","33.3023229"
"2017","2017-05-19 13","08","주간","금","2","2","0","0","0","충북","음성군","차량단독","전도","전도","운전자법규위반","안전운전 의무 불이행","교차로","교차로부근","승용차","승용차","없음","없음","1014926","1881060","127.66759456","36.92778978"
"2017","2017-05-19 14","30","주간","금","1","2","1","0","0","충북","충주시","차량단독","전도","전도","운전자법규위반","안전운전 의무 불이행","단일로","기타단일로","승용차","승용차","없음","없음","1036131","1897620","127.90648208","37.07649037"
"2017","2017-05-19 15","50","주간","금","1","2","0","1","0","경북","영덕군","차대사람","횡단중","횡단중","운전자법규위반","안전운전 의무 불이행","교차로","교차로내","화물차","화물차","보행자","보행자","1167804","1825291","129.37149686","36.41048662"
"2017","2017-05-19 19","15","야간","금","1","2","1","0","0","충북","충주시","차대차","측면충돌","측면충돌","운전자법규위반","안전운전 의무 불이행","교차로","교차로내","화물차","화물차","이륜차","이륜차","1037532","1887331","127.92173017","36.98368884"
"2017","2017-05-19 19","50","야간","금","1","1","0","0","0","충남","당진시","차대차","정면충돌","정면충돌","운전자법규위반","중앙선 침범","단일로","기타단일로","이륜차","이륜차","화물차","화물차","913847","1890274","126.53165222","37.00701696"
"2017","2017-05-19 20","20","야간","금","1","5","2","2","0","전북","남원시","차대차","정면충돌","정면충돌","운전자법규위반","중앙선 침범","단일로","기타단일로","승용차","승용차","화물차","화물차","986696","1710499","127.35350681","35.39009192"
"2017","2017-05-19 21","03","야간","금","1","1","0","0","0","대구","북구","차대사람","횡단중","횡단중","운전자법규위반","보행자 보호의무 위반","교차로","교차로횡단보도내","승합차","승합차","보행자","보행자","1094266","1767243","128.54454554","35.89726888"
"2017","2017-05-19 21","15","야간","금","1","1","0","0","0","경북","영주시","차량단독","전도전복","전도전복","운전자법규위반","안전운전 의무 불이행","교차로","교차로내","화물차","화물차","없음","없음","1100310","1881069","128.62622164","36.92264995"
"2017","2017-05-19 23","25","야간","금","1","1","0","0","0","경기","고양시","차량단독","공작물충돌","공작물충돌","운전자법규위반","안전운전 의무 불이행","교차로","교차로내","승용차","승용차","없음","없음","944397","1959944","126.86978379","37.63728497"
"2017","2017-05-19 23","50","야간","금","1","1","0","0","0","전북","익산시","차대사람","횡단중","횡단중","운전자법규위반","안전운전 의무 불이행","단일로","기타단일로","화물차","화물차","보행자","보행자","953346","1773311","126.98264957","35.955406"
"2017","2017-05-20 00","30","야간","토","1","1","0","0","0","대전","동구","차대사람","횡단중","횡단중","운전자법규위반","안전운전 의무 불이행","단일로","기타단일로","승합차","승합차","보행자","보행자","993881","1815090","127.43181945","36.33316961"
"2017","2017-05-20 06","40","주간","토","1","4","2","1","0","충남","천안시","차대차","정면충돌","정면충돌","운전자법규위반","직진 및 우회전차의 통행방해","교차로","교차로내","승용차","승용차","승용차","승용차","973838","1876567","127.20639997","36.88704284"
"2017","2017-05-20 08","05","주간","토","1","1","0","0","0","세종","세종","차대차","측면충돌","측면충돌","운전자법규위반","안전운전 의무 불이행","교차로","교차로내","화물차","화물차","자전거","자전거","982544","1845065","127.30482188","36.60326096"
"2017","2017-05-20 09","50","주간","토","1","11","8","2","0","경기","연천군","차대차","측면충돌","측면충돌","운전자법규위반","신호위반","교차로","교차로내","승합차","승합차","화물차","화물차","965127","2017799","127.10193686","38.15974384"
"2017","2017-05-20 10","45","주간","토","1","1","0","0","0","경기","김포시","차대차","기타","기타","운전자법규위반","안전운전 의무 불이행","단일로","기타단일로","화물차","화물차","자전거","자전거","917001","1968147","126.55837","37.70914485"
"2017","2017-05-20 10","38","주간","토","1","1","0","0","0","경북","칠곡군","차대차","정면충돌","정면충돌","운전자법규위반","중앙선 침범","단일로","기타단일로","승용차","승용차","이륜차","이륜차","1081724","1786631","128.40758612","36.07317678"
"2017","2017-05-20 13","25","주간","토","1","1","0","0","0","경북","경주시","차량단독","전도전복","전도전복","운전자법규위반","안전운전 의무 불이행","단일로","기타단일로","승용차","승용차","없음","없음","1163603","1761059","129.31131634","35.83240361"
"2017","2017-05-20 15","40","주간","토","1","1","0","0","0","경북","봉화군","차량단독","전도전복","전도전복","운전자법규위반","안전운전 의무 불이행","단일로","기타단일로","자전거","자전거","없음","없음","1124015","1879538","128.89205202","36.90603167"
"2017","2017-05-20 18","45","야간","토","1","1","0","0","0","경기","평택시","차대차","정면충돌","정면충돌","운전자법규위반","부당한 회전","단일로","기타단일로","자전거","자전거","승용차","승용차","961865","1892043","127.0712559","37.02613934"
"2017","2017-05-20 21","10","야간","토","1","1","0","0","0","경기","파주시","차대차","추돌","추돌","운전자법규위반","안전운전 의무 불이행","단일로","기타단일로","승용차","승용차","자전거","자전거","935865","1975952","126.7716763","37.7810028"
"2017","2017-05-20 23","15","야간","토","1","1","0","0","0","경북","울진군","차대차","추돌","추돌","운전자법규위반","안전운전 의무 불이행","단일로","기타단일로","승용차","승용차","화물차","화물차","1169737","1879013","129.40493472","36.89418174"
"2017","2017-05-21 05","00","야간","일","1","3","1","1","0","부산","기장군","차대차","기타","기타","운전자법규위반","안전운전 의무 불이행","교차로","교차로내","승용차","승용차","승용차","승용차","1155329","1691248","129.20637728","35.20456701"
"2017","2017-05-21 07","50","주간","일","1","1","0","0","0","충북","진천군","차량단독","전도전복","전도전복","운전자법규위반","안전운전 의무 불이행","단일로","기타단일로","농기계","농기계","없음","없음","1000442","1881236","127.50496305","36.92949446"
"2017","2017-05-21 07","45","주간","일","1","1","0","0","0","제주","제주시","차량단독","전도전복","전도전복","운전자법규위반","안전운전 의무 불이행","단일로","기타단일로","자전거","자전거","없음","없음","927869","1493960","126.72403012","33.43493786"
"2017","2017-05-21 08","30","주간","일","1","1","0","0","0","경북","경주시","차대사람","길가장자리구역통행중","길가장자리구역통행중","운전자법규위반","안전운전 의무 불이행","단일로","기타단일로","화물차","화물차","보행자","보행자","1171960","1759019","129.40335637","35.81259091"
"2017","2017-05-21 12","30","주간","일","1","1","0","0","0","전남","해남군","차대차","측면충돌","측면충돌","운전자법규위반","안전운전 의무 불이행","단일로","기타단일로","농기계","농기계","승용차","승용차","914102","1626721","126.56287025","34.63111884"
"2017","2017-05-21 13","00","주간","일","1","1","0","0","0","강원","양구군","차량단독","공작물충돌","공작물충돌","운전자법규위반","안전운전 의무 불이행","단일로","기타단일로","이륜차","이륜차","없음","없음","1044283","2023170","128.00580613","38.20773556"
"2017","2017-05-21 13","35","주간","일","1","1","0","0","0","경기","포천시","차량단독","전도전복","전도전복","운전자법규위반","안전운전 의무 불이행","단일로","기타단일로","이륜차","이륜차","없음","없음","969538","1978923","127.15393554","37.80952372"
"2017","2017-05-21 14","29","주간","일","1","1","0","0","0","경북","구미시","차량단독","전도전복","전도전복","운전자법규위반","안전운전 의무 불이행","교차로","교차로부근","이륜차","이륜차","없음","없음","1072164","1801169","128.30276152","36.20499152"
"2017","2017-05-21 18","40","야간","일","1","1","0","0","0","전남","나주시","차량단독","공작물충돌","공작물충돌","운전자법규위반","안전운전 의무 불이행","교차로","교차로부근","승용차","승용차","없음","없음","924837","1667947","126.67628365","35.00368827"
"2017","2017-05-21 20","33","야간","일","1","1","0","0","0","서울","성북구","차량단독","전도","전도","운전자법규위반","안전운전 의무 불이행","단일로","기타단일로","이륜차","이륜차","없음","없음","958268","1956212","127.02720799","37.60438284"
"2017","2017-05-21 21","20","야간","일","1","1","0","0","0","경북","안동시","차대사람","횡단중","횡단중","운전자법규위반","안전운전 의무 불이행","단일로","기타단일로","화물차","화물차","보행자","보행자","1107670","1841155","128.70321","36.56210016"
"2017","2017-05-21 22","03","야간","일","1","1","0","0","0","전남","나주시","차대차","측면충돌","측면충돌","운전자법규위반","신호위반","교차로","교차로내","원동기장치자전거","원동기장치자전거","승용차","승용차","929168","1671468","126.72344326","35.03574844"
"2017","2017-05-22 01","17","야간","월","1","1","0","0","0","경기","수원시","차대사람","횡단중","횡단중","운전자법규위반","안전운전 의무 불이행","단일로","기타단일로","승용차","승용차","보행자","보행자","958765","1917665","127.03499266","37.25696289"
"2017","2017-05-22 06","15","주간","월","1","1","0","0","0","전남","곡성군","차대사람","횡단중","횡단중","운전자법규위반","안전운전 의무 불이행","교차로","교차로내","화물차","화물차","보행자","보행자","985383","1685109","127.33950141","35.16113201"
"2017","2017-05-22 09","35","주간","월","1","6","4","1","0","인천","강화군","차대사람","보도통행중","보도통행중","운전자법규위반","기타(운전자법규위반)","교차로","교차로내","화물차","화물차","보행자","보행자","911228","1971916","126.49242377","37.74256957"
"2017","2017-05-22 11","40","주간","월","2","4","1","1","0","충북","충주시","차대차","정면충돌","정면충돌","운전자법규위반","중앙선 침범","교차로","교차로부근","화물차","화물차","이륜차","이륜차","1030732","1902410","127.84593944","37.11986059"
"2017","2017-05-22 11","32","주간","월","1","1","0","0","0","대구","중구","차대사람","횡단중","횡단중","운전자법규위반","안전운전 의무 불이행","교차로","교차로부근","건설기계","건설기계","보행자","보행자","1097331","1763057","128.57799153","35.8592339"
"2017","2017-05-22 14","10","주간","월","1","1","0","0","0","전남","무안군","차대차","측면충돌","측면충돌","운전자법규위반","안전운전 의무 불이행","단일로","기타단일로","승합차","승합차","이륜차","이륜차","904583","1654648","126.45586916","34.88207518"
"2017","2017-05-22 15","05","주간","월","1","2","0","1","0","충남","서천군","차대차","측면충돌","측면충돌","운전자법규위반","직진 및 우회전차의 통행방해","교차로","교차로내","화물차","화물차","승용차","승용차","927326","1796974","126.69195424","36.1671364"
"2017","2017-05-22 15","00","주간","월","1","1","0","0","0","대구","달서구","차대차","측면충돌","측면충돌","운전자법규위반","교차로 통행방법 위반","교차로","교차로내","화물차","화물차","이륜차","이륜차","1089237","1760533","128.48807645","35.83725131"
"2017","2017-05-22 21","00","야간","월","1","4","2","1","0","경기","평택시","차대차","정면충돌","정면충돌","운전자법규위반","안전운전 의무 불이행","단일로","기타단일로","화물차","화물차","승용차","승용차","955469","1890611","126.99943397","37.01294963"
"2017","2017-05-22 21","44","야간","월","1","1","0","0","0","서울","강동구","차대차","정면충돌","정면충돌","운전자법규위반","신호위반","교차로","교차로내","이륜차","이륜차","원동기장치자전거","원동기장치자전거","969636","1950039","127.15625218","37.54918888"
"2017","2017-05-23 02","35","야간","화","1","1","0","0","0","충북","충주시","차량단독","전도전복","전도전복","운전자법규위반","안전운전 의무 불이행","교차로","교차로부근","이륜차","이륜차","없음","없음","1033073","1885610","127.87155199","36.96834268"
"2017","2017-05-23 02","30","야간","화","1","1","0","0","0","전남","여수시","차대사람","기타","기타","운전자법규위반","안전운전 의무 불이행","단일로","기타단일로","승용차","승용차","보행자","보행자","1015367","1641270","127.6679253","34.76580453"
"2017","2017-05-23 04","42","야간","화","1","1","0","0","0","경남","통영시","차대사람","횡단중","횡단중","운전자법규위반","안전운전 의무 불이행","단일로","기타단일로","화물차","화물차","보행자","보행자","1081594","1663352","128.39373646","34.96175939"
"2017","2017-05-23 08","35","주간","화","1","1","0","0","0","전남","담양군","차대차","측면충돌","측면충돌","운전자법규위반","안전운전 의무 불이행","교차로","교차로내","화물차","화물차","사륜오토바이(ATV)","사륜오토바이(ATV)","944407","1697688","126.8886583","35.27311824"
"2017","2017-05-23 09","10","주간","화","1","1","0","0","0","서울","광진구","차대사람","횡단중","횡단중","운전자법규위반","안전운전 의무 불이행","단일로","기타단일로","화물차","화물차","보행자","보행자","963824","1949567","127.0904798","37.54472469"
"2017","2017-05-23 09","22","주간","화","1","2","1","0","0","전남","해남군","차대차","측면충돌","측면충돌","운전자법규위반","과속","교차로","교차로내","화물차","화물차","이륜차","이륜차","908976","1614972","126.508213","34.52473903"
"2017","2017-05-23 09","10","주간","화","1","2","1","0","0","전북","장수군","차대차","정면충돌","정면충돌","운전자법규위반","중앙선 침범","단일로","기타단일로","승용차","승용차","승용차","승용차","1002015","1741512","127.52226474","35.66981205"
"2017","2017-05-23 10","00","주간","화","1","2","0","1","0","경북","포항시","차대차","정면충돌","정면충돌","운전자법규위반","안전운전 의무 불이행","기타","기타","자전거","자전거","자전거","자전거","1172756","1790534","129.41902147","36.09643151"
"2017","2017-05-23 11","55","주간","화","1","1","0","0","0","경남","진주시","차량단독","전도","전도","운전자법규위반","안전운전 의무 불이행","단일로","기타단일로","농기계","농기계","없음","없음","1066128","1688424","128.22634435","35.18895212"
"2017","2017-05-23 15","30","주간","화","1","1","0","0","0","전남","보성군","차량단독","전도","전도","운전자법규위반","안전운전 의무 불이행","단일로","기타단일로","이륜차","이륜차","없음","없음","968475","1656249","127.15494468","34.90050652"
"2017","2017-05-23 15","05","주간","화","2","3","0","1","0","전남","무안군","차대차","정면충돌","정면충돌","운전자법규위반","중앙선 침범","단일로","기타단일로","화물차","화물차","건설기계","건설기계","897724","1673419","126.37852062","35.05064234"
"2017","2017-05-23 20","36","야간","화","1","2","0","1","0","전남","화순군","차대차","정면충돌","정면충돌","운전자법규위반","안전운전 의무 불이행","단일로","기타단일로","화물차","화물차","이륜차","이륜차","962583","1666509","127.08790884","34.98843964"
"2017","2017-05-23 23","17","야간","화","1","1","0","0","0","경북","울진군","차대사람","횡단중","횡단중","운전자법규위반","안전운전 의무 불이행","단일로","교량위","승용차","승용차","보행자","보행자","1168608","1890270","129.39478124","36.99580498"
"2017","2017-05-24 00","40","야간","수","1","1","0","0","0","전남","화순군","차대사람","기타","기타","운전자법규위반","안전운전 의무 불이행","단일로","기타단일로","승용차","승용차","보행자","보행자","945012","1658612","126.89736572","34.93002715"
"2017","2017-05-24 01","19","야간","수","1","1","0","0","0","충북","청주시","차대사람","횡단중","횡단중","운전자법규위반","과속","단일로","기타단일로","승용차","승용차","보행자","보행자","996551","1848189","127.4614221","36.63157743"
"2017","2017-05-24 01","20","야간","수","1","1","0","0","0","경기","포천시","차대사람","횡단중","횡단중","운전자법규위반","과속","교차로","교차로부근","승용차","승용차","보행자","보행자","969869","1986013","127.15740035","37.87343675"
"2017","2017-05-24 02","50","야간","수","1","1","0","0","0","서울","은평구","차대차","정면충돌","정면충돌","운전자법규위반","중앙선 침범","교차로","교차로부근","승용차","승용차","이륜차","이륜차","949076","1955849","126.92309925","37.60064798"
"2017","2017-05-24 04","55","야간","수","2","2","0","0","0","경남","창원시(통합)","차대차","측면충돌","측면충돌","운전자법규위반","신호위반","교차로","교차로내","이륜차","이륜차","화물차","화물차","1093766","1697435","128.53090775","35.26799113"
"2017","2017-05-24 08","11","주간","수","1","3","1","0","1","경남","합천군","차대차","정면충돌","정면충돌","운전자법규위반","교차로 통행방법 위반","교차로","교차로내","승용차","승용차","승용차","승용차","1056815","1711655","128.12566691","35.39898391"
"2017","2017-05-24 09","08","주간","수","1","1","0","0","0","경북","청도군","차대차","추돌","추돌","운전자법규위반","안전운전 의무 불이행","교차로","교차로부근","이륜차","이륜차","화물차","화물차","1110457","1740141","128.7201828","35.651271"
"2017","2017-05-24 14","10","주간","수","1","1","0","0","0","충남","서천군","차대차","측면충돌","측면충돌","운전자법규위반","직진 및 우회전차의 통행방해","교차로","교차로내","화물차","화물차","원동기장치자전거","원동기장치자전거","935673","1786526","126.78560954","36.07353741"
"2017","2017-05-24 15","37","주간","수","1","2","0","1","0","강원","평창군","차량단독","공작물충돌","공작물충돌","운전자법규위반","안전운전 의무 불이행","교차로","교차로내","승용차","승용차","없음","없음","1088526","1960505","128.50339776","37.63975763"
"2017","2017-05-24 17","00","주간","수","1","1","0","0","0","경기","김포시","차대사람","횡단중","횡단중","운전자법규위반","보행자 보호의무 위반","단일로","기타단일로","승용차","승용차","보행자","보행자","928991","1961457","126.69503586","37.64985909"
"2017","2017-05-24 18","04","야간","수","1","1","0","0","0","경북","영주시","차량단독","전도","전도","운전자법규위반","안전운전 의무 불이행","단일로","기타단일로","원동기장치자전거","원동기장치자전거","없음","없음","1095536","1863357","128.57040311","36.7635062"
"2017","2017-05-24 23","25","야간","수","1","1","0","0","0","서울","송파구","차대차","추돌","추돌","운전자법규위반","안전운전 의무 불이행","단일로","기타단일로","이륜차","이륜차","화물차","화물차","968710","1944257","127.14601553","37.49704208"
"2017","2017-05-25 00","57","야간","목","1","2","1","0","0","경기","부천시","차대사람","횡단중","횡단중","운전자법규위반","과속","교차로","교차로횡단보도내","승용차","승용차","보행자","보행자","936107","1943529","126.7772603","37.48879974"
"2017","2017-05-25 00","21","야간","목","1","2","0","1","0","경북","안동시","차대차","추돌","추돌","운전자법규위반","안전운전 의무 불이행","단일로","기타단일로","승용차","승용차","화물차","화물차","1111558","1840037","128.74648729","36.55157732"
"2017","2017-05-25 00","40","야간","목","1","2","1","0","0","충남","논산시","차량단독","도로이탈","도로이탈 추락","운전자법규위반","안전운전 의무 불이행","단일로","교량위","화물차","화물차","없음","없음","965329","1801661","127.1142805","36.21149788"
"2017","2017-05-25 01","30","야간","목","1","3","1","1","0","부산","중구","차대사람","기타","기타","운전자법규위반","안전운전 의무 불이행","단일로","기타단일로","승용차","승용차","보행자","보행자","1139584","1679717","129.03151805","35.10293169"
"2017","2017-05-25 07","25","주간","목","1","1","0","0","0","경북","문경시","차량단독","전도전복","전도전복","운전자법규위반","안전운전 의무 불이행","단일로","기타단일로","승용차","승용차","없음","없음","1065417","1839356","128.23092687","36.54971351"
"2017","2017-05-25 07","25","주간","목","1","1","0","0","0","전북","정읍시","차대차","정면충돌","정면충돌","운전자법규위반","직진 및 우회전차의 통행방해","교차로","교차로내","화물차","화물차","이륜차","이륜차","948605","1745408","126.93187437","35.70360126"
"2017","2017-05-25 08","58","주간","목","1","1","0","0","0","전북","장수군","차대차","정면충돌","정면충돌","운전자법규위반","중앙선 침범","단일로","기타단일로","이륜차","이륜차","화물차","화물차","1005656","1754074","127.56258449","35.78306128"
"2017","2017-05-25 12","30","주간","목","1","1","0","0","0","경북","영덕군","차량단독","전도전복","전도전복","운전자법규위반","안전운전 의무 불이행","기타","기타","농기계","농기계","없음","없음","1165011","1810405","129.33720698","36.27683635"
"2017","2017-05-25 14","10","주간","목","1","1","0","0","0","경북","성주군","차량단독","도로이탈","도로이탈 추락","운전자법규위반","안전운전 의무 불이행","단일로","기타단일로","화물차","화물차","없음","없음","1075453","1768367","128.33621089","35.90903406"
"2017","2017-05-25 14","45","주간","목","1","1","0","0","0","전북","군산시","차대차","측면충돌","측면충돌","운전자법규위반","신호위반","교차로","교차로내","자전거","자전거","승용차","승용차","929830","1775955","126.72166259","35.97783479"
"2017","2017-05-25 23","20","야간","목","1","1","0","0","0","대전","대덕구","차대차","추돌","추돌","운전자법규위반","과속","단일로","기타단일로","승용차","승용차","화물차","화물차","992842","1825289","127.42014854","36.42511013"
"2017","2017-05-25 23","50","야간","목","2","2","0","0","0","경남","거제시","차량단독","전도","전도","운전자법규위반","안전운전 의무 불이행","단일로","기타단일로","승합차","승합차","없음","없음","1109937","1656506","128.70323576","34.8973579"
"2017","2017-05-26 09","30","주간","금","1","1","0","0","0","충북","영동군","차대사람","기타","기타","운전자법규위반","보행자 보호의무 위반","교차로","교차로횡단보도내","승합차","승합차","보행자","보행자","1025017","1797580","127.77818866","36.1750034"
"2017","2017-05-26 10","17","주간","금","1","1","0","0","0","경기","화성시","차대차","추돌","추돌","운전자법규위반","안전운전 의무 불이행","단일로","기타단일로","승합차","승합차","농기계","농기계","937642","1897876","126.79845276","37.07741973"
"2017","2017-05-26 10","00","주간","금","1","3","0","2","0","충남","보령시","차대차","정면충돌","정면충돌","운전자법규위반","중앙선 침범","단일로","기타단일로","승용차","승용차","승용차","승용차","920917","1816108","126.61876636","36.33911767"
"2017","2017-05-26 13","05","주간","금","1","2","0","1","0","전북","순창군","차대차","정면충돌","정면충돌","운전자법규위반","직진 및 우회전차의 통행방해","교차로","교차로내","승합차","승합차","승용차","승용차","961864","1706587","127.07979587","35.35413836"
"2017","2017-05-26 15","08","주간","금","1","1","0","0","0","부산","수영구","차량단독","기타","기타","운전자법규위반","안전운전 의무 불이행","단일로","기타단일로","승합차","승합차","없음","없음","1146401","1684086","129.10706244","35.14135558"
"2017","2017-05-26 18","45","야간","금","1","5","2","2","0","강원","영월군","차량단독","기타","기타","운전자법규위반","안전운전 의무 불이행","단일로","기타단일로","승용차","승용차","없음","없음","1079631","1910025","128.39714648","37.18561165"
"2017","2017-05-26 20","11","야간","금","1","1","0","0","0","충남","서산시","차대차","추돌","추돌","운전자법규위반","안전운전 의무 불이행","단일로","기타단일로","화물차","화물차","농기계","농기계","914229","1855232","126.53990322","36.69120488"
"2017","2017-05-26 20","00","야간","금","1","1","0","0","0","경북","칠곡군","차대차","측면충돌","측면충돌","운전자법규위반","안전운전 의무 불이행","단일로","기타단일로","승용차","승용차","자전거","자전거","1088392","1773278","128.48013674","35.95222126"
"2017","2017-05-26 21","20","야간","금","1","1","0","0","0","전남","영암군","차량단독","전도전복","전도전복","운전자법규위반","안전운전 의무 불이행","주차장","주차장","원동기장치자전거","원동기장치자전거","없음","없음","927000","1646055","126.7018983","34.80645314"
"2017","2017-05-26 22","30","야간","금","1","1","0","0","0","경남","진주시","차대사람","기타","기타","운전자법규위반","안전운전 의무 불이행","단일로","기타단일로","승용차","승용차","보행자","보행자","1065467","1688741","128.21910968","35.19185366"
"2017","2017-05-26 22","50","야간","금","1","1","0","0","0","전남","목포시","차대사람","횡단중","횡단중","운전자법규위반","안전운전 의무 불이행","단일로","기타단일로","승용차","승용차","보행자","보행자","901542","1649886","126.42315695","34.83885041"
"2017","2017-05-26 22","50","야간","금","1","2","1","0","0","서울","중랑구","차량단독","전도","전도","운전자법규위반","안전운전 의무 불이행","단일로","기타단일로","원동기장치자전거","원동기장치자전거","없음","없음","965014","1957735","127.10356037","37.61839149"
"2017","2017-05-26 23","35","야간","금","1","1","0","0","0","경북","구미시","차대차","정면충돌","정면충돌","운전자법규위반","안전운전 의무 불이행","단일로","기타단일로","이륜차","이륜차","승용차","승용차","1075091","1810985","128.33626114","36.29325609"
"2017","2017-05-26 23","50","야간","금","1","1","0","0","0","서울","양천구","차대사람","차도통행중","차도통행중","운전자법규위반","안전운전 의무 불이행","단일로","기타단일로","승용차","승용차","보행자","보행자","943798","1948170","126.86389861","37.53112968"
"2017","2017-05-27 03","05","야간","토","1","1","0","0","0","경기","안성시","차대사람","차도통행중","차도통행중","운전자법규위반","안전운전 의무 불이행","단일로","기타단일로","특수차","특수차","보행자","보행자","990378","1897040","127.39175656","37.07190921"
"2017","2017-05-27 03","20","야간","토","1","1","0","0","0","경기","용인시","차량단독","공작물충돌","공작물충돌","운전자법규위반","안전운전 의무 불이행","단일로","기타단일로","화물차","화물차","없음","없음","983395","1916295","127.31277352","37.24537877"
"2017","2017-05-27 04","20","야간","토","1","1","0","0","0","경기","이천시","차대사람","기타","기타","운전자법규위반","안전운전 의무 불이행","기타","기타","화물차","화물차","보행자","보행자","993572","1914897","127.42753424","37.23290295"
"2017","2017-05-27 11","50","주간","토","1","1","0","0","0","충남","논산시","차대차","측면충돌","측면충돌","운전자법규위반","직진 및 우회전차의 통행방해","교차로","교차로내","승용차","승용차","이륜차","이륜차","965573","1800110","127.11706309","36.19752366"
"2017","2017-05-27 11","40","주간","토","1","1","0","0","0","전북","남원시","차대차","측면충돌","측면충돌","운전자법규위반","교차로 통행방법 위반","교차로","교차로내","화물차","화물차","이륜차","이륜차","989365","1713724","127.38285361","35.41920322"
"2017","2017-05-27 14","15","주간","토","1","1","0","0","0","전남","순천시","차대차","추돌","추돌","운전자법규위반","안전운전 의무 불이행","단일로","기타단일로","화물차","화물차","자전거","자전거","994520","1679601","127.43848049","35.11049984"
"2017","2017-05-27 16","20","주간","토","1","2","0","1","0","강원","평창군","차대차","측면충돌","측면충돌","운전자법규위반","중앙선 침범","단일로","기타단일로","자전거","자전거","화물차","화물차","1076898","1957487","128.37129768","37.61360539"
"2017","2017-05-27 21","45","야간","토","1","1","0","0","0","경남","창원시(통합)","차대차","추돌","추돌","운전자법규위반","안전운전 의무 불이행","단일로","기타단일로","승용차","승용차","승용차","승용차","1117646","1681394","128.79111198","35.12086227"
"2017","2017-05-27 21","30","야간","토","1","1","0","0","0","인천","남구","차대사람","차도통행중","차도통행중","운전자법규위반","안전운전 의무 불이행","교차로","교차로부근","승용차","승용차","보행자","보행자","925187","1941342","126.65376564","37.46824115"
"2017","2017-05-27 22","08","야간","토","1","1","0","0","0","경북","구미시","차대사람","횡단중","횡단중","운전자법규위반","보행자 보호의무 위반","교차로","교차로내","승용차","승용차","보행자","보행자","1084118","1796042","128.43517498","36.15780862"
"2017","2017-05-27 23","05","야간","토","1","1","0","0","0","경기","평택시","차대사람","횡단중","횡단중","운전자법규위반","안전운전 의무 불이행","단일로","기타단일로","승용차","승용차","보행자","보행자","947872","1888466","126.91418941","36.99322381"
"2017","2017-05-28 02","23","야간","일","1","1","0","0","0","광주","북구","차대사람","횡단중","횡단중","운전자법규위반","신호위반","교차로","교차로내","승용차","승용차","보행자","보행자","945809","1684807","126.90500132","35.1570541"
"2017","2017-05-28 07","30","주간","일","1","2","1","0","0","경북","예천군","차량단독","전도","전도","운전자법규위반","안전운전 의무 불이행","단일로","기타단일로","농기계","농기계","없음","없음","1095740","1851905","128.57125436","36.66026547"
"2017","2017-05-28 09","14","주간","일","1","1","0","0","0","전북","부안군","차량단독","도로이탈","도로이탈 추락","운전자법규위반","안전운전 의무 불이행","교차로","교차로부근","화물차","화물차","없음","없음","926788","1744642","126.69079512","35.69531555"
"2017","2017-05-28 11","25","주간","일","1","1","0","0","0","충남","보령시","차대사람","기타","기타","운전자법규위반","안전운전 의무 불이행","단일로","기타단일로","승용차","승용차","보행자","보행자","926520","1810871","126.68168905","36.29235256"
"2017","2017-05-28 18","07","야간","일","1","1","0","0","0","서울","광진구","차대차","기타","기타","운전자법규위반","안전운전 의무 불이행","단일로","기타단일로","이륜차","이륜차","승용차","승용차","962607","1951094","127.07470517","37.55926633"
"2017","2017-05-28 20","25","야간","일","1","1","0","0","0","경기","평택시","차대차","정면충돌","정면충돌","운전자법규위반","신호위반","교차로","교차로내","승합차","승합차","이륜차","이륜차","949850","1887134","126.9365056","36.98132476"
"2017","2017-05-28 20","25","야간","일","1","2","0","1","0","전북","전주시","차대차","정면충돌","정면충돌","운전자법규위반","신호위반","교차로","교차로내","화물차","화물차","이륜차","이륜차","964434","1757534","127.10598076","35.81357214"
"2017","2017-05-28 21","25","야간","일","1","2","1","0","0","경북","군위군","차대차","정면충돌","정면충돌","운전자법규위반","신호위반","교차로","교차로내","승용차","승용차","승합차","승합차","1096784","1791647","128.57455355","36.11279774"
"2017","2017-05-29 09","32","주간","월","1","1","0","0","0","광주","북구","차대사람","횡단중","횡단중","운전자법규위반","안전운전 의무 불이행","단일로","기타단일로","화물차","화물차","보행자","보행자","946669","1686403","126.91434022","35.1714908"
"2017","2017-05-29 11","10","주간","월","1","1","0","0","0","서울","성북구","차대사람","횡단중","횡단중","운전자법규위반","안전운전 의무 불이행","단일로","기타단일로","화물차","화물차","보행자","보행자","957945","1956683","127.02352168","37.60861334"