"발생년","발생년월일시","발생분","주야","요일","사망자수","사상자수","중상자수","경상자수","부상신고자수","발생지시도","발생지시군구","사고유형_대분류","사고유형_중분류","사고유형","법규위반_대분류","법규위반","도로형태_대분류","도로형태","당사자종별_1당_대분류","당사자종별_1당","당사자종별_2당_대분류","당사자종별_2당","발생위치X_UTMK","발생위치Y_UTMK","경도","위도"
"2017","2017-05-29 12","05","주간","월","1","1","0","0","0","부산","기장군","차대사람","기타","기타","운전자법규위반","안전운전 의무 불이행","단일로","기타단일로","화물차","화물차","보행자","보행자","1159705","1702592","129.25660844","35.30614262"
"2017","2017-05-29 16","20","주간","월","1","1","0","0","0","경남","함안군","차대사람","기타","기타","운전자법규위반","안전운전 의무 불이행","단일로","기타단일로","화물차","화물차","보행자","보행자","1076902","1704675","128.34619628","35.33470472"
"2017","2017-05-29 16","10","주간","월","1","1","0","0","0","충남","공주시","차대사람","횡단중","횡단중","운전자법규위반","안전운전 의무 불이행","기타","기타","승용차","승용차","보행자","보행자","966200","1829248","127.12277303","36.4602322"
"2017","2017-05-29 17","50","주간","월","1","1","0","0","0","경기","가평군","차량단독","전도전복","전도전복","운전자법규위반","안전운전 의무 불이행","단일로","기타단일로","화물차","화물차","없음","없음","981026","1976191","127.28451574","37.7852109"
"2017","2017-05-29 17","55","주간","월","1","1","0","0","0","경북","상주시","차대사람","차도통행중","차도통행중","운전자법규위반","안전운전 의무 불이행","교차로","교차로내","화물차","화물차","보행자","보행자","1060591","1833757","128.17656817","36.49955954"
"2017","2017-05-29 22","00","야간","월","1","1","0","0","0","충남","천안시","차대사람","횡단중","횡단중","운전자법규위반","안전운전 의무 불이행","교차로","교차로내","승용차","승용차","보행자","보행자","969567","1867283","127.1588419","36.80322409"
"2017","2017-05-30 00","05","야간","화","1","1","0","0","0","경기","여주시","차대사람","횡단중","횡단중","운전자법규위반","보행자 보호의무 위반","교차로","교차로횡단보도내","승용차","승용차","보행자","보행자","1012203","1919816","127.63765048","37.27718516"
"2017","2017-05-30 04","05","야간","화","1","2","1","0","0","대구","동구","차대차","측면충돌","측면충돌","운전자법규위반","부당한 회전","교차로","교차로내","자전거","자전거","승용차","승용차","1101718","1763976","128.62668885","35.8670724"
"2017","2017-05-30 05","10","야간","화","1","2","0","1","0","경북","청도군","차량단독","전도","전도","운전자법규위반","안전운전 의무 불이행","단일로","기타단일로","승용차","승용차","없음","없음","1100039","1740613","128.6051773","35.6566369"
"2017","2017-05-30 08","00","주간","화","1","1","0","0","0","경남","의령군","차량단독","도로이탈","도로이탈 추락","운전자법규위반","안전운전 의무 불이행","단일로","기타단일로","화물차","화물차","없음","없음","1079059","1718320","128.37125097","35.45755695"
"2017","2017-05-30 09","20","주간","화","1","1","0","0","0","경남","김해시","차대차","추돌","추돌","운전자법규위반","안전운전 의무 불이행","단일로","기타단일로","화물차","화물차","승용차","승용차","1121760","1698035","128.83870977","35.27038638"
"2017","2017-05-30 10","10","주간","화","1","1","0","0","0","경북","영천시","차대차","측면충돌","측면충돌","운전자법규위반","신호위반","교차로","교차로내","화물차","화물차","화물차","화물차","1117301","1781378","128.80182878","36.02218624"
"2017","2017-05-30 14","15","주간","화","1","4","2","1","0","충남","당진시","차대차","추돌","추돌","운전자법규위반","안전거리 미확보","단일로","기타단일로","화물차","화물차","승용차","승용차","932959","1886783","126.74675953","36.97710848"
"2017","2017-05-30 14","05","주간","화","1","1","0","0","0","전북","정읍시","차대차","정면충돌","정면충돌","운전자법규위반","안전운전 의무 불이행","단일로","기타단일로","화물차","화물차","이륜차","이륜차","936777","1741487","126.80144258","35.6675624"
"2017","2017-05-30 20","10","야간","화","1","1","0","0","0","강원","춘천시","차대사람","차도통행중","차도통행중","운전자법규위반","안전운전 의무 불이행","단일로","기타단일로","화물차","화물차","보행자","보행자","1020258","1994604","127.7305829","37.95114024"
"2017","2017-05-30 21","30","야간","화","1","3","2","0","0","경기","용인시","차대차","기타","기타","운전자법규위반","과속","단일로","기타단일로","승용차","승용차","승용차","승용차","964874","1925168","127.10366293","37.3179738"
"2017","2017-05-31 00","50","야간","수","1","1","0","0","0","전남","함평군","차대사람","기타","기타","운전자법규위반","안전운전 의무 불이행","단일로","기타단일로","화물차","화물차","보행자","보행자","912518","1670559","126.54101961","35.02624734"
"2017","2017-05-31 03","16","야간","수","1","1","0","0","0","인천","남구","차대사람","횡단중","횡단중","운전자법규위반","안전운전 의무 불이행","교차로","교차로내","승용차","승용차","보행자","보행자","927313","1940861","126.67805725","37.46410328"
"2017","2017-05-31 09","58","주간","수","1","1","0","0","0","서울","양천구","차대사람","기타","기타","운전자법규위반","안전운전 의무 불이행","교차로","교차로내","승합차","승합차","보행자","보행자","943039","1946237","126.85545854","37.51366086"
"2017","2017-05-31 09","34","주간","수","1","1","0","0","0","경기","시흥시","차대사람","횡단중","횡단중","운전자법규위반","안전운전 의무 불이행","교차로","교차로내","화물차","화물차","보행자","보행자","933202","1926836","126.74591219","37.3381399"
"2017","2017-05-31 10","08","주간","수","1","1","0","0","0","경기","이천시","차대차","기타","기타","운전자법규위반","안전운전 의무 불이행","교차로","교차로내","화물차","화물차","이륜차","이륜차","988266","1914282","127.36772708","37.2273076"
"2017","2017-05-31 11","15","주간","수","1","1","0","0","0","경기","용인시","차대차","측면충돌","측면충돌","운전자법규위반","신호위반","교차로","교차로내","이륜차","이륜차","화물차","화물차","975108","1917075","127.21930982","37.25222505"
"2017","2017-05-31 17","15","주간","수","1","1","0","0","0","전남","보성군","차대사람","차도통행중","차도통행중","운전자법규위반","안전운전 의무 불이행","단일로","기타단일로","농기계","농기계","보행자","보행자","983220","1651665","127.3162221","34.85980472"
"2017","2017-05-31 17","40","주간","수","1","1","0","0","0","강원","춘천시","차대차","측면충돌","측면충돌","운전자법규위반","교차로 통행방법 위반","교차로","교차로내","이륜차","이륜차","화물차","화물차","1023043","1987354","127.76205041","37.8857301"
"2017","2017-05-31 19","33","야간","수","1","6","4","1","0","광주","광산구","차대사람","기타","기타","운전자법규위반","기타(운전자법규위반)","단일로","기타단일로","승용차","승용차","보행자","보행자","937052","1686061","126.80878356","35.16783622"
"2017","2017-05-31 19","40","야간","수","1","2","0","1","0","전남","강진군","차대사람","기타","기타","운전자법규위반","안전운전 의무 불이행","교차로","교차로부근","화물차","화물차","보행자","보행자","938769","1617864","126.83928541","34.55701831"
"2017","2017-06-01 05","25","야간","목","1","1","0","0","0","경남","창원시(통합)","차대차","기타","기타","운전자법규위반","안전운전 의무 불이행","교차로","교차로부근","자전거","자전거","화물차","화물차","1106039","1695144","128.66552372","35.24611248"
"2017","2017-06-01 09","46","주간","목","1","3","1","1","0","경기","이천시","차대차","정면충돌","정면충돌","운전자법규위반","안전운전 의무 불이행","교차로","교차로부근","화물차","화물차","화물차","화물차","990495","1912862","127.39287181","37.21453301"
"2017","2017-06-01 09","43","주간","목","1","1","0","0","0","경북","구미시","차량단독","전도","전도","운전자법규위반","안전운전 의무 불이행","단일로","기타단일로","자전거","자전거","없음","없음","1077297","1790903","128.35884609","36.11205014"
"2017","2017-06-01 12","05","주간","목","1","1","0","0","0","경남","양산시","차량단독","전도전복","전도전복","운전자법규위반","안전운전 의무 불이행","단일로","기타단일로","승용차","승용차","없음","없음","1144952","1704810","129.09481497","35.32836322"
"2017","2017-06-01 13","10","주간","목","1","2","1","0","0","대구","북구","차대차","측면충돌","측면충돌","운전자법규위반","신호위반","교차로","교차로내","승용차","승용차","이륜차","이륜차","1096159","1772138","128.56611038","35.9412106"
"2017","2017-06-01 17","05","주간","목","1","1","0","0","0","전북","전주시","차대사람","횡단중","횡단중","운전자법규위반","안전운전 의무 불이행","단일로","기타단일로","승용차","승용차","보행자","보행자","967773","1759488","127.14318812","35.83136181"
"2017","2017-06-01 20","05","야간","목","1","3","0","2","0","전북","완주군","차대차","추돌","추돌","운전자법규위반","과속","단일로","기타단일로","화물차","화물차","건설기계","건설기계","965268","1743443","127.11659","35.68664946"
"2017","2017-06-01 21","30","야간","목","1","1","0","0","0","전남","보성군","차대사람","기타","기타","운전자법규위반","안전운전 의무 불이행","단일로","기타단일로","승용차","승용차","보행자","보행자","953936","1952044","127.34404377","34.83371492"
"2017","2017-06-01 21","50","야간","목","1","2","1","0","0","충남","천안시","차대차","측면충돌","측면충돌","운전자법규위반","중앙선 침범","단일로","기타단일로","승용차","승용차","승용차","승용차","979810","1861860","127.27381","36.75461134"
"2017","2017-06-01 23","30","야간","목","1","1","0","0","0","경북","영천시","차량단독","전도","전도","운전자법규위반","안전운전 의무 불이행","교차로","교차로부근","원동기장치자전거","원동기장치자전거","없음","없음","1128831","1774742","128.92867762","35.96091786"
"2017","2017-06-01 23","55","야간","목","1","1","0","0","0","서울","동작구","차대사람","횡단중","횡단중","운전자법규위반","안전운전 의무 불이행","단일로","기타단일로","승합차","승합차","보행자","보행자","947346","1943191","126.90440994","37.4864626"
"2017","2017-06-02 03","45","야간","금","1","2","1","0","0","서울","용산구","차대사람","차도통행중","차도통행중","운전자법규위반","과속","단일로","기타단일로","승용차","승용차","보행자","보행자","952405","1947061","126.96166593","37.52153781"
"2017","2017-06-02 08","57","주간","금","1","1","0","0","0","경북","상주시","차대사람","횡단중","횡단중","운전자법규위반","안전운전 의무 불이행","교차로","교차로내","화물차","화물차","보행자","보행자","1058339","1824841","128.15094629","36.41966893"
"2017","2017-06-02 15","00","주간","금","1","2","0","1","0","강원","춘천시","차대사람","횡단중","횡단중","운전자법규위반","안전운전 의무 불이행","단일로","기타단일로","승용차","승용차","보행자","보행자","1019763","1985632","127.72470261","37.8702868"
"2017","2017-06-02 15","35","주간","금","1","1","0","0","0","강원","삼척시","차량단독","전도","전도","운전자법규위반","안전운전 의무 불이행","단일로","기타단일로","화물차","화물차","없음","없음","1158005","1924675","129.28294643","37.3076305"
"2017","2017-06-02 16","05","주간","금","1","1","0","0","0","경북","청도군","차량단독","전도","전도","운전자법규위반","안전운전 의무 불이행","단일로","기타단일로","건설기계","건설기계","없음","없음","1096710","1746896","128.56916164","35.71360903"
"2017","2017-06-02 18","05","야간","금","1","1","0","0","0","경남","창원시(통합)","차대차","기타","기타","운전자법규위반","중앙선 침범","교차로","교차로내","자전거","자전거","승용차","승용차","1103103","1694319","128.63315501","35.23898132"
"2017","2017-06-02 20","52","야간","금","1","3","0","2","0","제주","제주시","차대차","정면충돌","정면충돌","운전자법규위반","중앙선 침범","단일로","기타단일로","화물차","화물차","승용차","승용차","886686","1481129","126.28267678","33.31566783"
"2017","2017-06-03 03","35","야간","토","1","1","0","0","0","울산","울주군","차대사람","횡단중","횡단중","운전자법규위반","안전운전 의무 불이행","교차로","교차로부근","화물차","화물차","보행자","보행자","1164095","1716888","129.30777269","35.43425358"
"2017","2017-06-03 05","40","야간","토","1","1","0","0","0","경북","상주시","차대차","측면충돌","측면충돌","운전자법규위반","교차로 통행방법 위반","교차로","교차로내","이륜차","이륜차","화물차","화물차","1041910","1814186","127.96692389","36.32412711"
"2017","2017-06-03 05","28","야간","토","1","3","0","2","0","충남","천안시","차대차","측면충돌","측면충돌","운전자법규위반","신호위반","교차로","교차로내","승용차","승용차","승용차","승용차","968416","1867704","127.14592178","36.80698151"
"2017","2017-06-03 06","20","주간","토","1","1","0","0","0","제주","서귀포시","차대차","기타","기타","운전자법규위반","안전운전 의무 불이행","단일로","기타단일로","이륜차","이륜차","승용차","승용차","946960","1496741","126.92923227","33.46113539"
"2017","2017-06-03 08","58","주간","토","1","1","0","0","0","충남","천안시","차대사람","횡단중","횡단중","운전자법규위반","안전운전 의무 불이행","단일로","기타단일로","승용차","승용차","보행자","보행자","967964","1866740","127.14089521","36.79827628"
"2017","2017-06-03 11","10","주간","토","1","2","1","0","0","경기","하남시","차대차","정면충돌","정면충돌","운전자법규위반","안전거리 미확보","단일로","기타단일로","승합차","승합차","이륜차","이륜차","975470","1948575","127.22234646","37.53616692"
"2017","2017-06-03 13","43","주간","토","1","1","0","0","0","충남","예산군","차량단독","전도전복","전도전복","운전자법규위반","안전운전 의무 불이행","단일로","기타단일로","화물차","화물차","없음","없음","928860","1856615","126.70353416","36.7048792"
"2017","2017-06-03 15","14","주간","토","1","2","0","1","0","충남","보령시","차대차","정면충돌","정면충돌","운전자법규위반","중앙선 침범","단일로","기타단일로","이륜차","이륜차","승용차","승용차","914730","1800158","126.55157223","36.19481136"
"2017","2017-06-03 17","15","주간","토","1","1","0","0","0","경북","경주시","차대사람","횡단중","횡단중","운전자법규위반","안전운전 의무 불이행","단일로","기타단일로","화물차","화물차","보행자","보행자","1160960","1780958","129.28609624","36.01216437"
"2017","2017-06-03 20","30","야간","토","1","1","0","0","0","전남","보성군","차대차","측면충돌","측면충돌","운전자법규위반","안전운전 의무 불이행","단일로","기타단일로","화물차","화물차","농기계","농기계","969012","1658714","127.16073086","34.92275099"
"2017","2017-06-03 20","50","야간","토","1","1","0","0","0","경기","김포시","차대사람","횡단중","횡단중","운전자법규위반","안전운전 의무 불이행","단일로","기타단일로","승용차","승용차","보행자","보행자","923617","1966329","126.63361153","37.69333597"
"2017","2017-06-03 20","15","야간","토","1","1","0","0","0","경남","함안군","차대사람","기타","기타","운전자법규위반","중앙선 침범","단일로","기타단일로","화물차","화물차","보행자","보행자","1084602","1706444","128.4310972","35.35003085"
"2017","2017-06-03 21","35","야간","토","1","1","0","0","0","서울","강서구","차대사람","차도통행중","차도통행중","운전자법규위반","안전운전 의무 불이행","기타","기타","이륜차","이륜차","보행자","보행자","939199","1951918","126.81153922","37.56461836"
"2017","2017-06-04 00","51","야간","일","1","1","0","0","0","전북","군산시","차대사람","기타","기타","운전자법규위반","안전운전 의무 불이행","교차로","교차로내","승용차","승용차","보행자","보행자","927063","1774208","126.69106589","35.96192163"
"2017","2017-06-04 02","05","야간","일","1","3","0","2","0","경기","수원시","차대사람","보도통행중","보도통행중","운전자법규위반","보행자 보호의무 위반","교차로","교차로횡단보도내","승용차","승용차","보행자","보행자","956462","1921621","127.00879092","37.29251616"
"2017","2017-06-04 04","40","야간","일","1","1","0","0","0","경남","통영시","차대사람","횡단중","횡단중","운전자법규위반","안전운전 의무 불이행","단일로","기타단일로","승용차","승용차","보행자","보행자","1081148","1646063","128.38717476","34.80590848"
"2017","2017-06-04 07","20","주간","일","1","1","0","0","0","경남","밀양시","차량단독","전복","전복","운전자법규위반","안전운전 의무 불이행","단일로","기타단일로","승용차","승용차","없음","없음","1118222","1712366","128.80189028","35.39999889"
"2017","2017-06-04 08","20","주간","일","1","1","0","0","0","충북","진천군","차량단독","전도전복","전도전복","운전자법규위반","안전운전 의무 불이행","단일로","기타단일로","이륜차","이륜차","없음","없음","994952","1873051","127.44337248","36.85569663"
"2017","2017-06-04 10","55","주간","일","1","1","0","0","0","경북","청송군","차량단독","전도전복","전도전복","운전자법규위반","안전운전 의무 불이행","단일로","기타단일로","이륜차","이륜차","없음","없음","1139205","1812082","129.05028958","36.29601846"
"2017","2017-06-04 11","50","주간","일","1","1","0","0","0","강원","인제군","차량단독","전도전복","전도전복","운전자법규위반","안전운전 의무 불이행","단일로","기타단일로","이륜차","이륜차","없음","없음","1077377","2025070","128.38398453","38.22262043"
"2017","2017-06-04 12","10","주간","일","1","1","0","0","0","경북","구미시","차량단독","전도","전도","운전자법규위반","안전운전 의무 불이행","교차로","교차로내","승용차","승용차","없음","없음","1077607","1792329","128.36243072","36.12488042"
"2017","2017-06-04 13","45","주간","일","1","3","1","1","0","강원","인제군","차대차","추돌","추돌","운전자법규위반","안전운전 의무 불이행","교차로","교차로부근","이륜차","이륜차","이륜차","이륜차","1049088","1991006","128.05847944","37.91761231"
"2017","2017-06-04 14","29","주간","일","1","1","0","0","0","경북","상주시","차대사람","차도통행중","차도통행중","운전자법규위반","안전운전 의무 불이행","단일로","기타단일로","건설기계","건설기계","보행자","보행자","1066029","1831022","128.23705173","36.47454521"
"2017","2017-06-04 14","48","주간","일","1","1","0","0","0","서울","강남구","차대사람","차도통행중","차도통행중","운전자법규위반","안전운전 의무 불이행","단일로","기타단일로","승용차","승용차","보행자","보행자","960391","1942881","127.05197893","37.48432015"
"2017","2017-06-04 15","00","주간","일","1","1","0","0","0","경북","군위군","차대사람","횡단중","횡단중","운전자법규위반","안전운전 의무 불이행","단일로","기타단일로","승용차","승용차","보행자","보행자","1098102","1804374","128.59165954","36.23159843"
"2017","2017-06-04 15","01","주간","일","1","2","0","1","0","경기","군포시","차대차","추돌","추돌","운전자법규위반","안전운전 의무 불이행","단일로","기타단일로","승용차","승용차","승용차","승용차","947977","1925094","126.91282138","37.32338401"
"2017","2017-06-04 17","10","주간","일","1","2","1","0","0","경기","의정부시","차대차","정면충돌","정면충돌","운전자법규위반","중앙선 침범","교차로","교차로부근","이륜차","이륜차","승용차","승용차","960116","1971289","127.04731907","37.74035568"
"2017","2017-06-04 18","30","야간","일","1","1","0","0","0","강원","양양군","차량단독","전도전복","전도전복","운전자법규위반","안전운전 의무 불이행","단일로","기타단일로","이륜차","이륜차","없음","없음","1098916","2011271","128.62944811","38.09530718"
"2017","2017-06-04 19","55","야간","일","1","1","0","0","0","전남","나주시","차대차","정면충돌","정면충돌","운전자법규위반","중앙선 침범","교차로","교차로부근","원동기장치자전거","원동기장치자전거","승용차","승용차","941517","1657911","126.85972502","34.91405334"
"2017","2017-06-05 01","35","야간","월","1","1","0","0","0","전북","남원시","차대사람","기타","기타","운전자법규위반","안전운전 의무 불이행","단일로","기타단일로","승용차","승용차","보행자","보행자","989580","1713035","127.38523068","35.41299292"
"2017","2017-06-05 07","07","주간","월","1","1","0","0","0","경기","고양시","차대사람","기타","기타","운전자법규위반","안전운전 의무 불이행","기타","기타","건설기계","건설기계","보행자","보행자","943298","1967628","126.85673065","37.7064724"
"2017","2017-06-05 08","10","주간","월","1","1","0","0","0","제주","서귀포시","차량단독","전도전복","전도전복","운전자법규위반","안전운전 의무 불이행","단일로","기타단일로","화물차","화물차","없음","없음","902669","1480038","126.45447141","33.30739239"
"2017","2017-06-05 09","25","주간","월","1","1","0","0","0","경남","거창군","차대차","기타","기타","운전자법규위반","과속","교차로","교차로내","화물차","화물차","이륜차","이륜차","1036728","1742714","127.90587639","35.67996773"
"2017","2017-06-05 09","30","주간","월","1","1","0","0","0","경기","의정부시","차량단독","전도전복","전도전복","운전자법규위반","안전운전 의무 불이행","기타","기타","이륜차","이륜차","없음","없음","958885","1970170","127.03341101","37.73021564"
"2017","2017-06-05 13","10","주간","월","1","2","1","0","0","경기","파주시","차대사람","횡단중","횡단중","운전자법규위반","기타(운전자법규위반)","단일로","기타단일로","승용차","승용차","보행자","보행자","941247","1992572","126.83143937","37.93115259"
"2017","2017-06-05 13","33","주간","월","1","1","0","0","0","충북","음성군","차량단독","전도전복","전도전복","운전자법규위반","안전운전 의무 불이행","단일로","기타단일로","화물차","화물차","없음","없음","997495","1887152","127.47185269","36.98282099"
"2017","2017-06-05 16","05","주간","월","1","1","0","0","0","서울","강동구","차대사람","보도통행중","보도통행중","운전자법규위반","안전운전 의무 불이행","단일로","기타단일로","화물차","화물차","보행자","보행자","970400","1950977","127.16486336","37.55766834"
"2017","2017-06-05 18","28","야간","월","1","6","0","5","0","충북","보은군","차대차","추돌","추돌","운전자법규위반","안전운전 의무 불이행","단일로","기타단일로","화물차","화물차","승용차","승용차","1020410","1835537","127.72795453","36.51730713"
"2017","2017-06-05 19","53","야간","월","1","1","0","0","0","전남","순천시","차량단독","전도","전도","운전자법규위반","안전운전 의무 불이행","교차로","교차로부근","승합차","승합차","없음","없음","994855","1661032","127.44365575","34.94411421"
"2017","2017-06-05 20","42","야간","월","1","1","0","0","0","경기","화성시","차대사람","횡단중","횡단중","운전자법규위반","안전운전 의무 불이행","단일로","기타단일로","승합차","승합차","보행자","보행자","937559","1900768","126.7972784","37.10348157"
"2017","2017-06-05 21","10","야간","월","1","2","0","1","0","충북","청주시","차대차","추돌","추돌","운전자법규위반","중앙선 침범","단일로","기타단일로","화물차","화물차","화물차","화물차","1000964","1836764","127.51076826","36.52858604"
"2017","2017-06-06 01","50","야간","화","2","2","0","0","0","대전","중구","차대사람","차도통행중","차도통행중","운전자법규위반","과속","단일로","교량위","승합차","승합차","보행자","보행자","994270","1813751","127.4361637","36.32110032"
"2017","2017-06-06 03","55","야간","화","1","1","0","0","0","경기","고양시","차대사람","횡단중","횡단중","운전자법규위반","안전운전 의무 불이행","교차로","교차로내","화물차","화물차","보행자","보행자","932130","1966451","126.73015196","37.69510538"
"2017","2017-06-06 07","48","주간","화","1","3","0","2","0","경기","평택시","차대차","정면충돌","정면충돌","운전자법규위반","과속","단일로","기타단일로","승용차","승용차","승용차","승용차","957919","1882746","127.02741178","36.94216625"
"2017","2017-06-06 10","35","주간","화","1","1","0","0","0","경북","구미시","차대차","추돌","추돌","운전자법규위반","안전운전 의무 불이행","단일로","기타단일로","화물차","화물차","화물차","화물차","1080246","1788356","128.3913495","36.08885035"
"2017","2017-06-06 13","52","주간","화","1","1","0","0","0","경북","영천시","차량단독","기타","기타","운전자법규위반","안전운전 의무 불이행","교차로","교차로부근","화물차","화물차","없음","없음","1122775","1780160","128.86237619","36.01053317"
"2017","2017-06-06 21","30","야간","화","1","1","0","0","0","경기","화성시","차대사람","횡단중","횡단중","운전자법규위반","신호위반","단일로","기타단일로","승용차","승용차","보행자","보행자","950100","1910034","126.9377921","37.18775561"
"2017","2017-06-07 02","04","야간","수","1","1","0","0","0","충남","천안시","차대차","기타","기타","운전자법규위반","안전운전 의무 불이행","단일로","기타단일로","승용차","승용차","이륜차","이륜차","966800","1867556","127.12781211","36.80559204"
"2017","2017-06-07 11","00","주간","수","1","4","2","1","0","전남","화순군","차대차","정면충돌","정면충돌","운전자법규위반","중앙선 침범","단일로","기타단일로","승용차","승용차","승합차","승합차","949345","1651704","126.94584041","34.85874862"
"2017","2017-06-07 14","10","주간","수","1","1","0","0","0","대전","중구","차대사람","횡단중","횡단중","운전자법규위반","안전운전 의무 불이행","교차로","교차로부근","승용차","승용차","보행자","보행자","992792","1813445","127.41970057","36.31833167"
"2017","2017-06-07 17","00","주간","수","1","1","0","0","0","충남","아산시","차대차","추돌","추돌","운전자법규위반","안전운전 의무 불이행","교차로","교차로부근","원동기장치자전거","원동기장치자전거","화물차","화물차","962137","1864431","127.07569424","36.77724665"
"2017","2017-06-07 20","18","야간","수","1","1","0","0","0","전남","영암군","차대사람","횡단중","횡단중","운전자법규위반","안전운전 의무 불이행","단일로","기타단일로","화물차","화물차","보행자","보행자","926941","1644841","126.70167792","34.79540624"
"2017","2017-06-07 21","35","야간","수","1","1","0","0","0","전남","보성군","차대사람","횡단중","횡단중","운전자법규위반","안전운전 의무 불이행","교차로","교차로내","승용차","승용차","보행자","보행자","960642","1640109","127.06996814","34.75469137"
"2017","2017-06-07 22","00","야간","수","1","1","0","0","0","전남","강진군","차량단독","공작물충돌","공작물충돌","운전자법규위반","안전운전 의무 불이행","단일로","기타단일로","승용차","승용차","없음","없음","931818","1633403","126.75559327","34.69270348"
"2017","2017-06-07 23","50","야간","수","1","2","1","0","0","대구","동구","차대차","측면충돌","측면충돌","운전자법규위반","안전운전 의무 불이행","단일로","기타단일로","승용차","승용차","이륜차","이륜차","1111042","1764405","128.73000631","35.86992655"
"2017","2017-06-08 01","08","야간","목","1","2","1","0","0","전남","영광군","차량단독","공작물충돌","공작물충돌","운전자법규위반","과속","단일로","기타단일로","승용차","승용차","없음","없음","915822","1700216","126.57420896","35.29391643"
"2017","2017-06-08 05","12","야간","목","1","3","1","1","0","충북","청주시","차량단독","기타","기타","운전자법규위반","안전운전 의무 불이행","단일로","기타단일로","이륜차","이륜차","없음","없음","994767","1843804","127.4414975","36.59203846"
"2017","2017-06-08 15","13","주간","목","1","1","0","0","0","경기","이천시","차량단독","도로이탈","도로이탈 추락","운전자법규위반","안전운전 의무 불이행","단일로","기타단일로","농기계","농기계","없음","없음","1001980","1904013","127.52229259","37.13481302"
"2017","2017-06-08 15","20","주간","목","1","1","0","0","0","충남","보령시","차대사람","기타","기타","운전자법규위반","안전운전 의무 불이행","단일로","기타단일로","화물차","화물차","보행자","보행자","916413","1809721","126.56926802","36.28116286"
"2017","2017-06-08 16","38","주간","목","1","1","0","0","0","경기","안산시","차대사람","횡단중","횡단중","운전자법규위반","과속","교차로","교차로내","승용차","승용차","보행자","보행자","942957","1921255","126.85645921","37.28848687"
"2017","2017-06-08 20","55","야간","목","1","1","0","0","0","경북","경산시","차량단독","전도전복","전도전복","운전자법규위반","안전운전 의무 불이행","단일로","기타단일로","이륜차","이륜차","없음","없음","1115573","1762640","128.77992909","35.85349271"
"2017","2017-06-09 01","20","야간","금","1","1","0","0","0","서울","강남구","차대차","측면충돌","측면충돌","운전자법규위반","신호위반","교차로","교차로내","이륜차","이륜차","승용차","승용차","960084","1941711","127.04856997","37.47376123"
"2017","2017-06-09 07","50","주간","금","1","1","0","0","0","충남","예산군","차대사람","횡단중","횡단중","운전자법규위반","안전운전 의무 불이행","단일로","기타단일로","화물차","화물차","보행자","보행자","944188","1847179","126.87581934","36.62084366"
"2017","2017-06-09 10","30","주간","금","1","2","1","0","0","제주","제주시","차대차","측면충돌","측면충돌","운전자법규위반","안전운전 의무 불이행","교차로","교차로부근","이륜차","이륜차","화물차","화물차","885923","1492773","126.27300823","33.42059019"
"2017","2017-06-09 14","30","주간","금","1","1","0","0","0","경기","시흥시","차대사람","보도통행중","보도통행중","운전자법규위반","중앙선 침범","단일로","기타단일로","특수차","특수차","보행자","보행자","932121","1927967","126.73360609","37.34825531"
"2017","2017-06-09 15","40","주간","금","1","2","0","1","0","경기","여주시","차대차","정면충돌","정면충돌","운전자법규위반","중앙선 침범","단일로","기타단일로","승용차","승용차","승용차","승용차","1005575","1931663","127.56297543","37.3840364"
"2017","2017-06-09 17","05","주간","금","1","4","3","0","0","전북","군산시","차대차","정면충돌","정면충돌","운전자법규위반","중앙선 침범","단일로","기타단일로","승용차","승용차","화물차","화물차","918245","1773593","126.59341672","35.95563936"
"2017","2017-06-09 18","45","야간","금","1","1","0","0","0","전남","여수시","차량단독","전도전복","전도전복","운전자법규위반","안전운전 의무 불이행","단일로","기타단일로","원동기장치자전거","원동기장치자전거","없음","없음","1024134","1636777","127.76359859","34.72511808"
"2017","2017-06-09 20","50","야간","금","1","1","0","0","0","충북","음성군","차대사람","횡단중","횡단중","운전자법규위반","안전운전 의무 불이행","교차로","교차로부근","승용차","승용차","보행자","보행자","1006377","1887090","127.5716543","36.98224381"
"2017","2017-06-10 02","45","야간","토","1","1","0","0","0","경기","이천시","차대사람","기타","기타","운전자법규위반","안전운전 의무 불이행","단일로","기타단일로","승용차","승용차","보행자","보행자","1006742","1907252","127.57593657","37.16398779"
"2017","2017-06-10 02","05","야간","토","1","1","0","0","0","경기","성남시","차대차","추돌","추돌","운전자법규위반","안전운전 의무 불이행","교차로","교차로내","승용차","승용차","이륜차","이륜차","964824","1933858","127.10255026","37.40317052"
"2017","2017-06-10 03","28","야간","토","1","1","0","0","0","울산","울주군","차량단독","전도","전도","운전자법규위반","안전운전 의무 불이행","단일로","기타단일로","승용차","승용차","없음","없음","1163704","1713780","129.30284276","35.40630764"
"2017","2017-06-10 03","00","야간","토","1","2","1","0","0","충남","논산시","차량단독","공작물충돌","공작물충돌","운전자법규위반","안전운전 의무 불이행","단일로","기타단일로","승용차","승용차","없음","없음","975126","1799474","127.22334145","36.19208256"