"발생년","발생년월일시","발생분","주야","요일","사망자수","사상자수","중상자수","경상자수","부상신고자수","발생지시도","발생지시군구","사고유형_대분류","사고유형_중분류","사고유형","법규위반_대분류","법규위반","도로형태_대분류","도로형태","당사자종별_1당_대분류","당사자종별_1당","당사자종별_2당_대분류","당사자종별_2당","발생위치X_UTMK","발생위치Y_UTMK","경도","위도"
"2017","2017-07-02 01","51","야간","일","1","1","0","0","0","경기","포천시","차량단독","전도","전도","운전자법규위반","안전운전 의무 불이행","교차로","교차로내","승합차","승합차","없음","없음","980004","2009283","127.27198974","38.08344497"
"2017","2017-07-02 02","15","야간","일","1","2","0","1","0","대구","서구","차대차","측면충돌","측면충돌","운전자법규위반","신호위반","교차로","교차로내","이륜차","이륜차","승용차","승용차","1096693","1764497","128.57110114","35.87227806"
"2017","2017-07-02 13","55","주간","일","1","1","0","0","0","경북","군위군","차량단독","공작물충돌","공작물충돌","운전자법규위반","안전운전 의무 불이행","단일로","기타단일로","승용차","승용차","없음","없음","1084842","1807575","128.44447154","36.26170858"
"2017","2017-07-02 13","30","주간","일","1","1","0","0","0","서울","서초구","차대사람","횡단중","횡단중","운전자법규위반","안전운전 의무 불이행","단일로","기타단일로","승용차","승용차","보행자","보행자","959337","1942272","127.04009104","37.47878517"
"2017","2017-07-03 00","56","야간","월","1","1","0","0","0","서울","송파구","차대사람","횡단중","횡단중","운전자법규위반","안전운전 의무 불이행","교차로","교차로부근","승합차","승합차","보행자","보행자","967016","1941876","127.12695836","37.47552196"
"2017","2017-07-03 09","57","주간","월","1","1","0","0","0","경기","여주시","차대차","측면충돌","측면충돌","운전자법규위반","안전운전 의무 불이행","단일로","고가도로위","승합차","승합차","자전거","자전거","1010218","1934912","127.6154678","37.41328268"
"2017","2017-07-03 09","15","주간","월","1","3","0","2","0","충남","논산시","차대차","정면충돌","정면충돌","운전자법규위반","신호위반","교차로","교차로내","화물차","화물차","승합차","승합차","962673","1799941","127.08481471","36.19589251"
"2017","2017-07-03 09","50","주간","월","1","1","0","0","0","전북","진안군","차량단독","전도전복","전도전복","운전자법규위반","안전운전 의무 불이행","교차로","교차로부근","화물차","화물차","없음","없음","1007632","1761197","127.58451725","35.84727039"
"2017","2017-07-03 09","40","주간","월","1","1","0","0","0","제주","서귀포시","차대사람","횡단중","횡단중","운전자법규위반","기타(운전자법규위반)","기타","기타","승용차","승용차","보행자","보행자","883717","1470878","126.25210326","33.22290938"
"2017","2017-07-03 10","50","주간","월","1","1","0","0","0","전북","익산시","차대차","측면충돌","측면충돌","운전자법규위반","신호위반","교차로","교차로내","원동기장치자전거","원동기장치자전거","화물차","화물차","948184","1773237","126.92541497","35.95447846"
"2017","2017-07-03 10","17","주간","월","1","4","1","2","0","경기","광주시","차대차","추돌","추돌","운전자법규위반","안전운전 의무 불이행","단일로","터널안","화물차","화물차","화물차","화물차","980127","1931876","127.27550878","37.38576003"
"2017","2017-07-03 11","20","주간","월","1","1","0","0","0","경기","수원시","차대사람","횡단중","횡단중","운전자법규위반","안전운전 의무 불이행","단일로","기타단일로","승용차","승용차","보행자","보행자","952940","1920332","126.96913777","37.28072605"
"2017","2017-07-03 12","12","주간","월","1","1","0","0","0","충남","서천군","차량단독","공작물충돌","공작물충돌","운전자법규위반","안전운전 의무 불이행","단일로","기타단일로","이륜차","이륜차","없음","없음","928540","1784474","126.7065855","36.05454037"
"2017","2017-07-03 13","05","주간","월","1","1","0","0","0","경북","의성군","차대차","측면충돌","측면충돌","운전자법규위반","신호위반","교차로","교차로내","건설기계","건설기계","승용차","승용차","1082127","1823569","128.41593771","36.40611791"
"2017","2017-07-03 13","51","주간","월","1","1","0","0","0","서울","종로구","차대사람","횡단중","횡단중","운전자법규위반","안전운전 의무 불이행","단일로","기타단일로","화물차","화물차","보행자","보행자","953362","1953332","126.97181226","37.57818924"
"2017","2017-07-03 18","43","야간","월","1","2","0","1","0","경남","양산시","차대차","측면충돌","측면충돌","운전자법규위반","신호위반","교차로","교차로내","원동기장치자전거","원동기장치자전거","화물차","화물차","1151191","1714060","129.16514534","35.41080933"
"2017","2017-07-03 20","00","야간","월","1","1","0","0","0","경남","양산시","차대차","측면충돌","측면충돌","운전자법규위반","중앙선 침범","단일로","기타단일로","화물차","화물차","승용차","승용차","1150785","1713591","129.1605888","35.40664377"
"2017","2017-07-03 22","00","야간","월","1","1","0","0","0","경북","청도군","차대사람","길가장자리구역통행중","길가장자리구역통행중","운전자법규위반","안전운전 의무 불이행","단일로","기타단일로","화물차","화물차","보행자","보행자","1097544","1737203","128.5772056","35.62614592"
"2017","2017-07-04 02","40","야간","화","1","1","0","0","0","경남","창원시(통합)","차량단독","공작물충돌","공작물충돌","운전자법규위반","안전운전 의무 불이행","교차로","교차로내","승용차","승용차","없음","없음","1081565","1680215","128.39507542","35.11380332"
"2017","2017-07-04 07","35","주간","화","1","2","1","0","0","경남","밀양시","차대차","추돌","추돌","운전자법규위반","안전운전 의무 불이행","단일로","기타단일로","승용차","승용차","화물차","화물차","1114065","1717521","128.7568441","35.446954"
"2017","2017-07-04 08","36","주간","화","1","1","0","0","0","경남","양산시","차량단독","전도전복","전도전복","운전자법규위반","안전운전 의무 불이행","교차로","교차로부근","승합차","승합차","없음","없음","1150324","1710793","129.15499823","35.38149486"
"2017","2017-07-04 13","22","주간","화","1","1","0","0","0","경기","부천시","차대차","기타","기타","운전자법규위반","부당한 회전","교차로","교차로내","자전거","자전거","승용차","승용차","934389","1945090","126.75768899","37.50274843"
"2017","2017-07-04 14","12","주간","화","1","1","0","0","0","경기","수원시","차대사람","횡단중","횡단중","운전자법규위반","안전운전 의무 불이행","교차로","교차로내","승용차","승용차","보행자","보행자","958039","1921897","127.02656697","37.29507644"
"2017","2017-07-04 19","19","야간","화","1","1","0","0","0","경기","가평군","차대차","측면충돌","측면충돌","운전자법규위반","안전운전 의무 불이행","교차로","교차로내","화물차","화물차","화물차","화물차","1000631","1979678","127.50716921","37.81683677"
"2017","2017-07-04 22","55","야간","화","1","1","0","0","0","대구","북구","차대사람","횡단중","횡단중","운전자법규위반","보행자 보호의무 위반","단일로","기타단일로","승용차","승용차","보행자","보행자","1094624","1768746","128.54869063","35.91078322"
"2017","2017-07-05 00","15","야간","수","1","2","0","1","0","세종","세종","차대차","정면충돌","정면충돌","운전자법규위반","중앙선 침범","단일로","기타단일로","승용차","승용차","승합차","승합차","986302","1829143","127.34712324","36.45978381"
"2017","2017-07-05 02","00","야간","수","1","1","0","0","0","서울","노원구","차대사람","차도통행중","차도통행중","운전자법규위반","안전운전 의무 불이행","단일로","기타단일로","승용차","승용차","보행자","보행자","960753","1961749","127.05506294","37.65439833"
"2017","2017-07-05 02","35","야간","수","1","1","0","0","0","광주","북구","차대차","측면충돌","측면충돌","운전자법규위반","신호위반","교차로","교차로내","이륜차","이륜차","승용차","승용차","946268","1685933","126.90996742","35.16723157"
"2017","2017-07-05 03","28","야간","수","1","2","1","0","0","경기","이천시","차대차","정면충돌","정면충돌","운전자법규위반","중앙선 침범","단일로","기타단일로","승용차","승용차","승용차","승용차","1011398","1903938","127.6283275","37.13406959"
"2017","2017-07-05 04","10","야간","수","1","1","0","0","0","부산","북구","차량단독","공작물충돌","공작물충돌","운전자법규위반","안전운전 의무 불이행","단일로","기타단일로","승용차","승용차","없음","없음","1136998","1692145","129.00521611","35.21532466"
"2017","2017-07-05 09","35","주간","수","1","2","0","1","0","전북","정읍시","차대차","정면충돌","정면충돌","운전자법규위반","중앙선 침범","단일로","기타단일로","자전거","자전거","이륜차","이륜차","947697","1746011","126.92179844","35.70899007"
"2017","2017-07-05 10","50","주간","수","1","1","0","0","0","경기","포천시","차대사람","횡단중","횡단중","운전자법규위반","보행자 보호의무 위반","교차로","교차로내","승합차","승합차","보행자","보행자","973662","1989005","127.20041822","37.90052109"
"2017","2017-07-05 11","00","주간","수","1","1","0","0","0","전남","신안군","차대차","정면충돌","정면충돌","운전자법규위반","중앙선 침범","단일로","기타단일로","화물차","화물차","이륜차","이륜차","881915","1674543","126.2050481","35.05904912"
"2017","2017-07-05 12","20","주간","수","2","7","5","0","0","경북","영천시","차대차","추돌","추돌","운전자법규위반","안전운전 의무 불이행","단일로","기타단일로","화물차","화물차","승용차","승용차","1126139","1782068","128.89999922","36.02730062"
"2017","2017-07-05 12","25","주간","수","2","12","1","9","0","충북","청주시","차대사람","기타","기타","운전자법규위반","기타(운전자법규위반)","교차로","교차로내","승합차","승합차","보행자","보행자","996453","1848574","127.46032416","36.63504784"
"2017","2017-07-05 17","49","주간","수","2","3","1","0","0","전남","완도군","차대차","정면충돌","정면충돌","운전자법규위반","중앙선 침범","단일로","기타단일로","화물차","화물차","화물차","화물차","937394","1601060","126.81884827","34.40140801"
"2017","2017-07-05 17","30","주간","수","1","1","0","0","0","경기","시흥시","차대차","측면충돌","측면충돌","운전자법규위반","신호위반","단일로","기타단일로","화물차","화물차","이륜차","이륜차","930855","1924607","126.71962675","37.31787788"
"2017","2017-07-05 18","30","야간","수","1","2","0","1","0","충남","천안시","차대차","추돌","추돌","운전자법규위반","안전운전 의무 불이행","단일로","기타단일로","화물차","화물차","화물차","화물차","982518","1858911","127.30077122","36.72949741"
"2017","2017-07-05 18","55","야간","수","1","1","0","0","0","강원","양양군","차량단독","전도전복","전도전복","운전자법규위반","안전운전 의무 불이행","단일로","기타단일로","건설기계","건설기계","없음","없음","1095579","2007330","128.58951963","38.06101446"
"2017","2017-07-05 21","38","야간","수","1","1","0","0","0","울산","울주군","차대사람","횡단중","횡단중","운전자법규위반","신호위반","교차로","교차로부근","승용차","승용차","보행자","보행자","1158629","1727753","129.24970289","35.5330609"
"2017","2017-07-05 22","40","야간","수","1","1","0","0","0","경기","평택시","차대사람","횡단중","횡단중","운전자법규위반","안전운전 의무 불이행","단일로","기타단일로","승합차","승합차","보행자","보행자","958302","1904091","127.0305298","37.13458858"
"2017","2017-07-05 22","42","야간","수","1","1","0","0","0","서울","구로구","차대사람","횡단중","횡단중","운전자법규위반","안전운전 의무 불이행","단일로","기타단일로","화물차","화물차","보행자","보행자","942274","1944453","126.84694279","37.49753399"
"2017","2017-07-05 23","50","야간","수","1","1","0","0","0","경기","남양주시","차대사람","횡단중","횡단중","운전자법규위반","안전운전 의무 불이행","교차로","교차로횡단보도내","승용차","승용차","보행자","보행자","972930","1969785","127.19281081","37.72726867"
"2017","2017-07-05 23","40","야간","수","1","2","0","1","0","인천","옹진군","차량단독","공작물충돌","공작물충돌","운전자법규위반","안전운전 의무 불이행","단일로","기타단일로","승용차","승용차","없음","없음","906498","1947253","126.44190199","37.51983746"
"2017","2017-07-05 23","05","야간","수","1","1","0","0","0","충남","아산시","차대사람","횡단중","횡단중","운전자법규위반","안전운전 의무 불이행","단일로","기타단일로","승용차","승용차","보행자","보행자","957237","1863915","127.02081376","36.77238667"
"2017","2017-07-06 01","10","야간","목","1","2","0","1","0","경남","함양군","차대차","추돌","추돌","운전자법규위반","안전운전 의무 불이행","단일로","기타단일로","화물차","화물차","화물차","화물차","1018465","1738722","127.70396449","35.64448549"
"2017","2017-07-06 04","25","야간","목","1","2","0","1","0","경기","용인시","차대차","기타","기타","운전자법규위반","안전운전 의무 불이행","기타","기타","화물차","화물차","화물차","화물차","966569","1899065","127.13776671","37.03967337"
"2017","2017-07-06 05","30","야간","목","1","1","0","0","0","경남","김해시","차대차","측면충돌","측면충돌","운전자법규위반","과속","교차로","교차로내","화물차","화물차","원동기장치자전거","원동기장치자전거","1124568","1687384","128.86796259","35.17402711"
"2017","2017-07-06 11","25","주간","목","1","1","0","0","0","충북","괴산군","차대차","추돌","추돌","운전자법규위반","안전운전 의무 불이행","단일로","기타단일로","화물차","화물차","농기계","농기계","1021521","1873012","127.74141654","36.8551134"
"2017","2017-07-06 12","25","주간","목","1","1","0","0","0","경기","안성시","차대차","추돌","추돌","운전자법규위반","안전운전 의무 불이행","단일로","기타단일로","화물차","화물차","화물차","화물차","985170","1886972","127.3333673","36.98108479"
"2017","2017-07-06 13","25","주간","목","1","1","0","0","0","충남","공주시","차대차","기타","기타","운전자법규위반","직진 및 우회전차의 통행방해","교차로","교차로내","승용차","승용차","승용차","승용차","949721","1831734","126.93870325","36.48192006"
"2017","2017-07-06 15","30","주간","목","1","3","0","2","0","전북","군산시","차대차","정면충돌","정면충돌","운전자법규위반","중앙선 침범","단일로","기타단일로","승용차","승용차","원동기장치자전거","원동기장치자전거","939163","1781086","126.82478459","36.02471924"
"2017","2017-07-06 16","05","주간","목","1","1","0","0","0","경기","군포시","차대사람","횡단중","횡단중","운전자법규위반","보행자 보호의무 위반","교차로","교차로횡단보도내","승합차","승합차","보행자","보행자","950580","1929867","126.94188156","37.36654747"
"2017","2017-07-06 20","20","야간","목","1","1","0","0","0","경기","화성시","차대사람","횡단중","횡단중","운전자법규위반","과속","단일로","기타단일로","승용차","승용차","보행자","보행자","942763","1916021","126.85467338","37.24129855"
"2017","2017-07-06 21","35","야간","목","1","1","0","0","0","서울","서대문구","차대차","측면충돌","측면충돌","운전자법규위반","신호위반","교차로","교차로내","승합차","승합차","이륜차","이륜차","947556","1952942","126.90608874","37.57436163"
"2017","2017-07-06 22","18","야간","목","1","1","0","0","0","강원","고성군","차대사람","차도통행중","차도통행중","운전자법규위반","안전운전 의무 불이행","기타","기타","승용차","승용차","보행자","보행자","1086231","2023557","128.48493912","38.20818117"
"2017","2017-07-07 00","04","야간","금","1","3","1","1","0","경기","화성시","차대차","추돌","추돌","운전자법규위반","안전운전 의무 불이행","단일로","기타단일로","화물차","화물차","화물차","화물차","964038","1911806","127.0947376","37.20436934"
"2017","2017-07-07 00","23","야간","금","1","1","0","0","0","경기","포천시","차대사람","횡단중","횡단중","운전자법규위반","안전운전 의무 불이행","교차로","교차로내","이륜차","이륜차","보행자","보행자","968826","1980966","127.145759","37.82791325"
"2017","2017-07-07 02","55","야간","금","1","1","0","0","0","전남","순천시","차대사람","횡단중","횡단중","운전자법규위반","안전운전 의무 불이행","교차로","교차로내","화물차","화물차","보행자","보행자","998919","1658205","127.48816534","34.9186341"
"2017","2017-07-07 15","00","주간","금","1","8","1","6","0","경기","고양시","차대차","추돌","추돌","운전자법규위반","안전운전 의무 불이행","단일로","기타단일로","승용차","승용차","승용차","승용차","944963","1953650","126.87667222","37.58059146"
"2017","2017-07-07 21","30","야간","금","1","3","0","2","0","경기","성남시","차대차","추돌","추돌","운전자법규위반","안전운전 의무 불이행","단일로","고가도로위","승용차","승용차","승용차","승용차","967736","1937231","127.13530459","37.43367944"
"2017","2017-07-07 21","00","야간","금","1","1","0","0","0","경기","평택시","차대사람","횡단중","횡단중","운전자법규위반","안전운전 의무 불이행","교차로","교차로내","승합차","승합차","보행자","보행자","965641","1890780","127.11376541","37.0149002"
"2017","2017-07-08 00","20","야간","토","1","4","3","0","0","전남","해남군","차량단독","기타","기타","운전자법규위반","안전운전 의무 불이행","교차로","교차로부근","승용차","승용차","없음","없음","893811","1634162","126.34117703","34.69645309"
"2017","2017-07-08 04","06","야간","토","1","2","0","1","0","부산","영도구","차량단독","공작물충돌","공작물충돌","운전자법규위반","안전운전 의무 불이행","단일로","기타단일로","원동기장치자전거","원동기장치자전거","없음","없음","1141868","1676317","129.05599873","35.07196941"
"2017","2017-07-08 07","30","주간","토","1","4","1","2","0","전북","남원시","차대차","정면충돌","정면충돌","운전자법규위반","안전운전 의무 불이행","단일로","기타단일로","승용차","승용차","승용차","승용차","985994","1704284","127.34588349","35.33404246"
"2017","2017-07-08 08","00","주간","토","1","1","0","0","0","경북","영덕군","차량단독","도로이탈","도로이탈 기타","운전자법규위반","안전운전 의무 불이행","단일로","기타단일로","농기계","농기계","없음","없음","1161774","1824027","129.30401231","36.4001318"
"2017","2017-07-08 15","30","주간","토","2","6","1","3","0","충남","예산군","차대차","측면충돌","측면충돌","운전자법규위반","신호위반","교차로","교차로내","승용차","승용차","화물차","화물차","944659","1848967","126.88095765","36.636989"
"2017","2017-07-08 16","40","주간","토","1","1","0","0","0","경남","김해시","차대차","추돌","추돌","운전자법규위반","안전운전 의무 불이행","교차로","교차로부근","이륜차","이륜차","승용차","승용차","1121971","1690818","128.83995846","35.20530223"
"2017","2017-07-08 17","35","주간","토","1","1","0","0","0","경남","사천시","차대사람","기타","기타","운전자법규위반","안전운전 의무 불이행","교차로","교차로내","승용차","승용차","보행자","보행자","1052935","1660740","128.0796736","34.94011118"
"2017","2017-07-08 17","00","주간","토","1","6","5","0","0","강원","양양군","차대차","정면충돌","정면충돌","운전자법규위반","중앙선 침범","기타","기타","승용차","승용차","승용차","승용차","1088449","1995494","128.47039811","38.07534815"
"2017","2017-07-08 17","53","주간","토","1","1","0","0","0","경기","용인시","차대사람","횡단중","횡단중","운전자법규위반","보행자 보호의무 위반","교차로","교차로횡단보도내","승합차","승합차","보행자","보행자","976113","1916757","127.23065261","37.24938494"
"2017","2017-07-08 19","50","야간","토","1","1","0","0","0","강원","정선군","차대사람","차도통행중","차도통행중","운전자법규위반","안전운전 의무 불이행","단일로","기타단일로","승용차","승용차","보행자","보행자","1108067","1942168","128.722141","37.47242196"
"2017","2017-07-08 19","45","야간","토","1","2","1","0","0","경기","안산시","차대차","정면충돌","정면충돌","운전자법규위반","안전운전 의무 불이행","교차로","교차로내","승합차","승합차","화물차","화물차","938242","1922862","126.80313594","37.30267012"
"2017","2017-07-08 21","48","야간","토","1","1","0","0","0","경북","영양군","차량단독","전도전복","전도전복","운전자법규위반","안전운전 의무 불이행","단일로","교량위","승용차","승용차","없음","없음","1154450","1862216","129.23003461","36.74545754"
"2017","2017-07-08 22","50","야간","토","1","1","0","0","0","대전","동구","차대사람","횡단중","횡단중","운전자법규위반","과속","단일로","기타단일로","승용차","승용차","보행자","보행자","993935","1817254","127.43240429","36.35267932"
"2017","2017-07-08 22","05","야간","토","1","1","0","0","0","경기","수원시","차대사람","횡단중","횡단중","운전자법규위반","안전운전 의무 불이행","교차로","교차로내","승용차","승용차","보행자","보행자","958087","1918940","127.02718452","37.26850588"
"2017","2017-07-09 00","12","야간","일","1","1","0","0","0","경기","화성시","차대차","추돌","추돌","운전자법규위반","과속","단일로","기타단일로","승용차","승용차","이륜차","이륜차","958149","1913572","127.02827619","37.22004209"
"2017","2017-07-09 03","53","야간","일","1","1","0","0","0","부산","강서구","차량단독","전도전복","전도전복","운전자법규위반","안전운전 의무 불이행","기타","기타","이륜차","이륜차","없음","없음","1129306","1680231","128.91885445","35.10893723"
"2017","2017-07-09 08","00","주간","일","1","1","0","0","0","충남","부여군","차대차","측면충돌","측면충돌","운전자법규위반","직진 및 우회전차의 통행방해","교차로","교차로내","이륜차","이륜차","화물차","화물차","940622","1792186","126.84014127","36.12487839"
"2017","2017-07-09 12","00","주간","일","1","1","0","0","0","경북","영천시","차대차","추돌","추돌","운전자법규위반","안전거리 미확보","단일로","기타단일로","건설기계","건설기계","이륜차","이륜차","1131706","1772482","128.96017592","35.94016455"
"2017","2017-07-09 14","40","주간","일","2","16","4","9","1","서울","서초구","차대차","추돌","추돌","운전자법규위반","안전운전 의무 불이행","단일로","기타단일로","승합차","승합차","승용차","승용차","959678","1940101","127.04749039","37.45567212"
"2017","2017-07-09 14","42","주간","일","1","1","0","0","0","경기","양평군","차대차","기타","기타","운전자법규위반","중앙선 침범","단일로","기타단일로","이륜차","이륜차","자전거","자전거","997169","1951622","127.46794416","37.56395338"
"2017","2017-07-09 16","14","주간","일","1","1","0","0","0","전남","완도군","차대사람","기타","기타","운전자법규위반","안전운전 의무 불이행","단일로","기타단일로","승합차","승합차","보행자","보행자","919314","1579129","126.62421168","34.20239378"
"2017","2017-07-10 00","30","야간","월","1","1","0","0","0","경기","김포시","차대차","측면충돌","측면충돌","운전자법규위반","차로위반(진로변경 위반)","단일로","기타단일로","이륜차","이륜차","승용차","승용차","931887","1957630","126.72821919","37.61558714"
"2017","2017-07-10 00","25","야간","월","1","1","0","0","0","대구","달성군","차대사람","횡단중","횡단중","운전자법규위반","안전운전 의무 불이행","교차로","교차로내","화물차","화물차","보행자","보행자","1086123","1763339","128.453904","35.86282569"
"2017","2017-07-10 10","15","주간","월","1","2","0","1","0","전북","순창군","차대차","측면충돌","측면충돌","운전자법규위반","안전운전 의무 불이행","단일로","기타단일로","농기계","농기계","승용차","승용차","975662","1717877","127.23178956","35.4564088"
"2017","2017-07-10 11","13","주간","월","1","1","0","0","0","경북","상주시","차대차","기타","기타","운전자법규위반","안전운전 의무 불이행","단일로","기타단일로","화물차","화물차","이륜차","이륜차","1063717","1830435","128.21119741","36.46941027"
"2017","2017-07-10 16","08","주간","월","1","3","0","2","0","충남","공주시","차대차","추돌","추돌","운전자법규위반","기타(운전자법규위반)","단일로","터널안","승용차","승용차","승용차","승용차","976358","1817845","127.2364881","36.35773598"
"2017","2017-07-10 17","30","주간","월","1","1","0","0","0","전남","영광군","차대사람","기타","기타","운전자법규위반","안전운전 의무 불이행","교차로","교차로내","승용차","승용차","보행자","보행자","903426","1694524","126.43856664","35.24148001"
"2017","2017-07-10 18","45","야간","월","1","2","1","0","0","경기","여주시","차대차","측면충돌","측면충돌","운전자법규위반","중앙선 침범","단일로","기타단일로","승합차","승합차","승용차","승용차","1021739","1916047","127.74510625","37.24303763"
"2017","2017-07-10 19","15","야간","월","1","2","0","1","0","강원","원주시","차대차","측면충돌","측면충돌","운전자법규위반","안전운전 의무 불이행","단일로","기타단일로","승용차","승용차","승용차","승용차","1034653","1909602","127.89040905","37.1845522"
"2017","2017-07-10 19","50","야간","월","1","1","0","0","0","전북","남원시","차량단독","도로이탈","도로이탈 추락","운전자법규위반","안전운전 의무 불이행","기타","기타","자전거","자전거","없음","없음","982757","1701201","127.3103299","35.30619266"
"2017","2017-07-10 20","05","야간","월","1","1","0","0","0","전남","목포시","차대차","측면충돌","측면충돌","운전자법규위반","안전운전 의무 불이행","단일로","기타단일로","승합차","승합차","자전거","자전거","896394","1646039","126.36726495","34.80366932"
"2017","2017-07-10 21","45","야간","월","1","1","0","0","0","인천","부평구","차대차","기타","기타","운전자법규위반","안전운전 의무 불이행","단일로","기타단일로","승용차","승용차","원동기장치자전거","원동기장치자전거","932204","1947267","126.73291468","37.52317052"
"2017","2017-07-10 22","15","야간","월","1","9","3","5","0","경기","화성시","차대차","측면충돌","측면충돌","운전자법규위반","중앙선 침범","단일로","기타단일로","승용차","승용차","승합차","승합차","941319","1910633","126.83881777","37.19264399"
"2017","2017-07-10 22","35","야간","월","2","3","1","0","0","경기","성남시","차량단독","전도전복","전도전복","운전자법규위반","안전운전 의무 불이행","단일로","기타단일로","승용차","승용차","없음","없음","962381","1932993","127.07499178","37.39527777"
"2017","2017-07-11 04","05","야간","화","1","1","0","0","0","경기","여주시","차량단독","공작물충돌","공작물충돌","운전자법규위반","안전운전 의무 불이행","기타","기타","승용차","승용차","없음","없음","1006443","1922494","127.57270067","37.30138232"
"2017","2017-07-11 04","00","야간","화","1","3","1","1","0","대구","수성구","차대차","측면충돌","측면충돌","운전자법규위반","중앙선 침범","단일로","기타단일로","승용차","승용차","승용차","승용차","1101960","1763923","128.62936214","35.86656947"
"2017","2017-07-11 07","40","주간","화","1","1","0","0","0","강원","횡성군","차대차","추돌","추돌","운전자법규위반","안전운전 의무 불이행","단일로","기타단일로","화물차","화물차","농기계","농기계","1031847","1935733","127.8599173","37.42019151"
"2017","2017-07-11 08","20","주간","화","1","1","0","0","0","전북","전주시","차대사람","횡단중","횡단중","운전자법규위반","안전운전 의무 불이행","교차로","교차로부근","승용차","승용차","보행자","보행자","966236","1755369","127.12634506","35.79417304"
"2017","2017-07-11 12","20","주간","화","1","6","3","2","0","경남","함양군","차대차","측면충돌","측면충돌","운전자법규위반","신호위반","교차로","교차로내","화물차","화물차","승용차","승용차","1025465","1727628","127.78093608","35.5443013"
"2017","2017-07-11 17","30","주간","화","1","1","0","0","0","충북","충주시","차량단독","전도전복","전도전복","운전자법규위반","안전운전 의무 불이행","단일로","기타단일로","화물차","화물차","없음","없음","1027950","1890196","127.8141695","37.00984846"
"2017","2017-07-11 22","15","야간","화","1","1","0","0","0","강원","고성군","차대사람","횡단중","횡단중","운전자법규위반","안전운전 의무 불이행","교차로","교차로내","화물차","화물차","보행자","보행자","1090816","2034216","128.53866821","38.30377865"
"2017","2017-07-11 22","22","야간","화","1","1","0","0","0","경북","고령군","차대사람","차도통행중","차도통행중","운전자법규위반","안전운전 의무 불이행","교차로","교차로내","화물차","화물차","보행자","보행자","1067994","1745785","128.25163218","35.70599427"
"2017","2017-07-11 23","37","야간","화","1","1","0","0","0","서울","영등포구","차대사람","횡단중","횡단중","운전자법규위반","과속","단일로","기타단일로","이륜차","이륜차","보행자","보행자","946689","1947064","126.8966979","37.52133287"
"2017","2017-07-12 00","25","야간","수","1","1","0","0","0","경기","화성시","차대사람","차도통행중","차도통행중","운전자법규위반","안전운전 의무 불이행","단일로","기타단일로","승용차","승용차","보행자","보행자","947997","1908455","126.91420927","37.17340821"
"2017","2017-07-12 00","20","야간","수","1","4","1","2","0","충북","옥천군","차대차","추돌","추돌","운전자법규위반","안전운전 의무 불이행","단일로","기타단일로","화물차","화물차","특수차","특수차","1003248","1814881","127.53618976","36.33129935"
"2017","2017-07-12 02","50","야간","수","1","2","1","0","0","강원","원주시","차대차","기타","기타","운전자법규위반","안전운전 의무 불이행","단일로","기타단일로","이륜차","이륜차","화물차","화물차","1039895","1924727","127.9494547","37.3202087"
"2017","2017-07-12 03","18","야간","수","1","1","0","0","0","부산","북구","차대차","측면충돌","측면충돌","운전자법규위반","안전운전 의무 불이행","교차로","교차로내","승용차","승용차","이륜차","이륜차","1137304","1690291","129.00826232","35.19856012"
"2017","2017-07-12 04","30","야간","수","1","1","0","0","0","경기","양주시","차대사람","횡단중","횡단중","운전자법규위반","안전운전 의무 불이행","단일로","기타단일로","화물차","화물차","보행자","보행자","953942","1971291","126.97724692","37.74008377"
"2017","2017-07-12 08","20","주간","수","1","1","0","0","0","서울","강동구","차대사람","차도통행중","차도통행중","운전자법규위반","안전운전 의무 불이행","단일로","기타단일로","승용차","승용차","보행자","보행자","966582","1949741","127.12169239","37.54639717"
"2017","2017-07-12 09","03","주간","수","1","1","0","0","0","전북","부안군","차대사람","횡단중","횡단중","운전자법규위반","안전운전 의무 불이행","교차로","교차로부근","승합차","승합차","보행자","보행자","930449","1748073","126.73095933","35.72651316"
"2017","2017-07-12 09","30","주간","수","1","1","0","0","0","경남","통영시","차대사람","횡단중","횡단중","운전자법규위반","안전운전 의무 불이행","교차로","교차로횡단보도내","화물차","화물차","보행자","보행자","1084507","1650464","128.42433716","34.84531696"
"2017","2017-07-12 09","00","주간","수","1","1","0","0","0","경북","포항시","차량단독","전도전복","전도전복","운전자법규위반","안전운전 의무 불이행","단일로","기타단일로","이륜차","이륜차","없음","없음","1168102","1771910","129.363393","35.92942485"
"2017","2017-07-12 10","30","주간","수","1","1","0","0","0","충남","홍성군","철길건널목","철길건널목","철길건널목","운전자법규위반","철길건널목 통과방법위반","철길건널목","철길건널목","자전거","자전거","기타","기타","921523","1833748","126.62373371","36.49817877"
"2017","2017-07-12 17","20","주간","수","1","1","0","0","0","충남","금산군","차대사람","횡단중","횡단중","운전자법규위반","안전운전 의무 불이행","교차로","교차로내","화물차","화물차","보행자","보행자","998954","1788453","127.48838057","36.09303935"
"2017","2017-07-12 17","10","주간","수","1","1","0","0","0","충북","청주시","차대사람","횡단중","횡단중","운전자법규위반","보행자 보호의무 위반","교차로","교차로횡단보도내","승용차","승용차","보행자","보행자","993809","1847195","127.43076019","36.62260266"