"발생년","발생년월일시","발생분","주야","요일","사망자수","사상자수","중상자수","경상자수","부상신고자수","발생지시도","발생지시군구","사고유형_대분류","사고유형_중분류","사고유형","법규위반_대분류","법규위반","도로형태_대분류","도로형태","당사자종별_1당_대분류","당사자종별_1당","당사자종별_2당_대분류","당사자종별_2당","발생위치X_UTMK","발생위치Y_UTMK","경도","위도"
"2017","2017-07-22 20","00","야간","토","1","1","0","0","0","강원","영월군","차대사람","기타","기타","운전자법규위반","안전운전 의무 불이행","단일로","기타단일로","승용차","승용차","보행자","보행자","1077816","1913301","128.37704193","37.21529152"
"2017","2017-07-22 20","26","야간","토","1","1","0","0","0","서울","서초구","차대사람","횡단중","횡단중","운전자법규위반","안전운전 의무 불이행","단일로","기타단일로","승용차","승용차","보행자","보행자","956336","1944106","127.00604124","37.49517867"
"2017","2017-07-22 23","13","야간","토","1","3","2","0","0","강원","삼척시","차대차","추돌","추돌","운전자법규위반","과속","단일로","기타단일로","승용차","승용차","승합차","승합차","1151609","1934094","129.21273064","37.39355961"
"2017","2017-07-23 00","59","야간","일","1","1","0","0","0","제주","서귀포시","차대사람","횡단중","횡단중","운전자법규위반","안전운전 의무 불이행","교차로","교차로내","승용차","승용차","보행자","보행자","944341","1498189","126.90096047","33.47406224"
"2017","2017-07-23 09","00","주간","일","1","7","2","4","0","강원","인제군","차대차","기타","기타","운전자법규위반","과속","단일로","기타단일로","승합차","승합차","승합차","승합차","1059949","2008483","128.18349904","38.07446846"
"2017","2017-07-23 09","45","주간","일","1","1","0","0","0","경북","의성군","차대차","측면충돌","측면충돌","운전자법규위반","앞지르기 금지위반","교차로","교차로내","특수차","특수차","이륜차","이륜차","1083518","1819013","128.43095953","36.36492938"
"2017","2017-07-23 09","20","주간","일","1","1","0","0","0","충북","영동군","차량단독","도로이탈","도로이탈 기타","운전자법규위반","안전운전 의무 불이행","단일로","기타단일로","승용차","승용차","없음","없음","1011750","1797754","127.63066296","36.17682402"
"2017","2017-07-23 11","00","주간","일","1","3","0","2","0","서울","송파구","차대차","정면충돌","정면충돌","운전자법규위반","신호위반","교차로","교차로내","승용차","승용차","승용차","승용차","967917","1941806","127.13715133","37.47492275"
"2017","2017-07-23 14","36","주간","일","1","3","1","0","1","강원","양구군","차량단독","전도","전도","운전자법규위반","과속","단일로","터널안","승용차","승용차","없음","없음","1044858","2011815","128.0115995","38.10547993"
"2017","2017-07-23 17","32","주간","일","2","4","1","1","0","서울","은평구","차대차","기타","기타","운전자법규위반","신호위반","교차로","교차로내","이륜차","이륜차","승용차","승용차","949808","1956754","126.93132936","37.60884505"
"2017","2017-07-23 19","00","야간","일","1","1","0","0","0","전북","고창군","차대사람","기타","기타","운전자법규위반","부당한 회전","교차로","교차로내","화물차","화물차","보행자","보행자","918915","1718901","126.60636644","35.46263184"
"2017","2017-07-23 21","00","야간","일","2","2","0","0","0","충남","보령시","차대사람","길가장자리구역통행중","길가장자리구역통행중","운전자법규위반","안전운전 의무 불이행","단일로","기타단일로","승용차","승용차","보행자","보행자","915228","1832610","126.55357755","36.48738395"
"2017","2017-07-23 23","40","야간","일","1","2","0","1","0","충남","천안시","차량단독","공작물충돌","공작물충돌","운전자법규위반","안전운전 의무 불이행","단일로","기타단일로","승용차","승용차","없음","없음","964335","1866731","127.10021752","36.79806538"
"2017","2017-07-24 01","50","야간","월","1","1","0","0","0","경기","고양시","차량단독","전도전복","전도전복","운전자법규위반","안전운전 의무 불이행","단일로","기타단일로","승용차","승용차","없음","없음","940069","1956947","126.82097812","37.61000126"
"2017","2017-07-24 03","15","야간","월","1","1","0","0","0","경기","성남시","차대사람","횡단중","횡단중","운전자법규위반","안전운전 의무 불이행","교차로","교차로부근","승용차","승용차","보행자","보행자","966994","1938879","127.12684382","37.44850762"
"2017","2017-07-24 08","10","주간","월","1","1","0","0","0","전남","여수시","차량단독","기타","기타","운전자법규위반","기타(운전자법규위반)","단일로","기타단일로","화물차","화물차","없음","없음","1027097","1623177","127.79552521","34.6024014"
"2017","2017-07-24 10","54","주간","월","1","1","0","0","0","경기","연천군","차대사람","횡단중","횡단중","운전자법규위반","안전운전 의무 불이행","교차로","교차로내","화물차","화물차","보행자","보행자","962067","2002844","127.06780331","38.02483831"
"2017","2017-07-24 10","38","주간","월","1","1","0","0","0","전남","여수시","차대사람","횡단중","횡단중","운전자법규위반","안전운전 의무 불이행","교차로","교차로내","승용차","승용차","보행자","보행자","1015839","1640790","127.67308063","34.76145796"
"2017","2017-07-24 14","50","주간","월","1","1","0","0","0","대구","동구","차량단독","기타","기타","운전자법규위반","안전운전 의무 불이행","단일로","기타단일로","화물차","화물차","없음","없음","1112634","1764492","128.74764938","35.87052894"
"2017","2017-07-24 14","10","주간","월","1","1","0","0","0","울산","중구","차대사람","횡단중","횡단중","운전자법규위반","보행자 보호의무 위반","교차로","교차로횡단보도내","화물차","화물차","보행자","보행자","1165000","1730305","129.3204648","35.55501988"
"2017","2017-07-24 15","30","주간","월","1","1","0","0","0","강원","강릉시","차량단독","전도","전도","운전자법규위반","안전운전 의무 불이행","단일로","기타단일로","이륜차","이륜차","없음","없음","1127405","1954335","128.94288837","37.57959194"
"2017","2017-07-24 16","30","주간","월","1","1","0","0","0","부산","사상구","차대사람","횡단중","횡단중","운전자법규위반","안전운전 의무 불이행","교차로","교차로부근","화물차","화물차","보행자","보행자","1134785","1689365","128.98045396","35.19056704"
"2017","2017-07-24 22","18","야간","월","1","1","0","0","0","대구","달서구","차대사람","횡단중","횡단중","운전자법규위반","안전운전 의무 불이행","교차로","교차로횡단보도내","화물차","화물차","보행자","보행자","1089548","1762593","128.49175074","35.85579348"
"2017","2017-07-24 23","20","야간","월","1","1","0","0","0","경기","화성시","차량단독","공작물충돌","공작물충돌","운전자법규위반","안전운전 의무 불이행","단일로","기타단일로","승용차","승용차","없음","없음","958311","1912832","127.03014349","37.21337914"
"2017","2017-07-25 00","25","야간","화","1","1","0","0","0","경기","수원시","차대사람","횡단중","횡단중","운전자법규위반","과속","교차로","교차로부근","승용차","승용차","보행자","보행자","950869","1919591","126.94582571","37.27393992"
"2017","2017-07-25 04","00","야간","화","1","1","0","0","0","충남","서산시","차량단독","공작물충돌","공작물충돌","운전자법규위반","안전운전 의무 불이행","교차로","교차로부근","승용차","승용차","없음","없음","905803","1880022","126.44253087","36.91384417"
"2017","2017-07-25 05","05","야간","화","1","2","1","0","0","부산","사상구","차대차","측면충돌","측면충돌","운전자법규위반","중앙선 침범","단일로","기타단일로","이륜차","이륜차","승용차","승용차","1135755","1688901","128.99102861","35.186252"
"2017","2017-07-25 05","00","야간","화","1","1","0","0","0","경남","산청군","차량단독","전도전복","전도전복","운전자법규위반","안전운전 의무 불이행","단일로","기타단일로","화물차","화물차","없음","없음","1044535","1699099","127.98975652","35.2863962"
"2017","2017-07-25 06","40","주간","화","1","1","0","0","0","인천","남구","차대차","정면충돌","정면충돌","운전자법규위반","중앙선 침범","단일로","기타단일로","기타","기타","승용차","승용차","924082","1940080","126.64160533","37.45680459"
"2017","2017-07-25 12","35","주간","화","1","1","0","0","0","경북","경주시","차대사람","횡단중","횡단중","운전자법규위반","안전운전 의무 불이행","단일로","기타단일로","화물차","화물차","보행자","보행자","1153623","1764802","129.20158948","35.86775051"
"2017","2017-07-25 14","35","주간","화","1","1","0","0","0","서울","양천구","차대사람","차도통행중","차도통행중","운전자법규위반","안전운전 의무 불이행","단일로","기타단일로","승용차","승용차","보행자","보행자","942847","1946209","126.85328828","37.51339661"
"2017","2017-07-25 19","40","야간","화","1","1","0","0","0","경북","의성군","차대차","측면충돌","측면충돌","운전자법규위반","안전운전 의무 불이행","교차로","교차로내","승용차","승용차","원동기장치자전거","원동기장치자전거","1107623","1817696","128.69942408","36.35066319"
"2017","2017-07-25 20","05","야간","화","1","1","0","0","0","경남","창녕군","차대차","추돌","추돌","운전자법규위반","안전운전 의무 불이행","단일로","기타단일로","특수차","특수차","이륜차","이륜차","1091830","1714382","128.51152828","35.42095664"
"2017","2017-07-25 21","35","야간","화","1","1","0","0","0","서울","강서구","차대사람","기타","기타","운전자법규위반","안전운전 의무 불이행","단일로","기타단일로","자전거","자전거","보행자","보행자","944374","1951189","126.87018861","37.55837502"
"2017","2017-07-25 21","55","야간","화","1","1","0","0","0","충남","금산군","차대차","기타","기타","운전자법규위반","안전운전 의무 불이행","단일로","기타단일로","승용차","승용차","자전거","자전거","999780","1792079","127.49755513","36.1257311"
"2017","2017-07-25 22","55","야간","화","1","1","0","0","0","경북","상주시","차대차","추돌","추돌","운전자법규위반","안전거리 미확보","단일로","기타단일로","화물차","화물차","화물차","화물차","1067451","1822735","128.25220236","36.39974292"
"2017","2017-07-25 22","00","야간","화","1","1","0","0","0","경북","칠곡군","차대차","추돌","추돌","운전자법규위반","안전운전 의무 불이행","단일로","기타단일로","승용차","승용차","이륜차","이륜차","1089443","1771068","128.49154031","35.93220309"
"2017","2017-07-26 04","29","야간","수","1","1","0","0","0","서울","영등포구","차대사람","길가장자리구역통행중","길가장자리구역통행중","운전자법규위반","안전운전 의무 불이행","단일로","기타단일로","화물차","화물차","보행자","보행자","947089","1948596","126.90111394","37.53516402"
"2017","2017-07-26 04","47","야간","수","1","1","0","0","0","서울","성북구","차대사람","기타","기타","운전자법규위반","안전운전 의무 불이행","단일로","기타단일로","승용차","승용차","보행자","보행자","957811","1955829","127.02205278","37.60090993"
"2017","2017-07-26 05","09","야간","수","1","2","0","1","0","충남","서천군","차대차","추돌","추돌","운전자법규위반","안전운전 의무 불이행","단일로","기타단일로","승용차","승용차","화물차","화물차","921375","1793024","126.62618818","36.13106366"
"2017","2017-07-26 09","10","주간","수","1","2","1","0","0","경기","남양주시","차대차","기타","기타","운전자법규위반","과속","단일로","기타단일로","승용차","승용차","화물차","화물차","966038","1964024","127.11487088","37.67511415"
"2017","2017-07-26 13","15","주간","수","2","4","0","2","0","경북","경주시","차대차","측면충돌","측면충돌","운전자법규위반","안전운전 의무 불이행","단일로","기타단일로","승합차","승합차","화물차","화물차","1155503","1778406","129.22506652","35.9900525"
"2017","2017-07-26 14","18","주간","수","1","1","0","0","0","충남","당진시","차량단독","공작물충돌","공작물충돌","운전자법규위반","안전운전 의무 불이행","단일로","기타단일로","승용차","승용차","없음","없음","924758","1870893","126.65620443","36.83326218"
"2017","2017-07-26 16","30","주간","수","1","1","0","0","0","강원","영월군","차대차","측면충돌","측면충돌","운전자법규위반","중앙선 침범","단일로","기타단일로","화물차","화물차","승용차","승용차","1099474","1903127","128.6197513","37.12154013"
"2017","2017-07-26 17","35","주간","수","1","2","1","0","0","제주","서귀포시","차대차","측면충돌","측면충돌","운전자법규위반","안전운전 의무 불이행","단일로","기타단일로","화물차","화물차","승용차","승용차","923097","1482352","126.67368938","33.32991489"
"2017","2017-07-26 19","44","야간","수","1","1","0","0","0","전남","해남군","차량단독","전도전복","전도전복","운전자법규위반","안전운전 의무 불이행","단일로","기타단일로","농기계","농기계","없음","없음","909270","1621024","126.51071678","34.5793412"
"2017","2017-07-26 19","20","야간","수","1","1","0","0","0","전북","익산시","차대사람","횡단중","횡단중","운전자법규위반","안전운전 의무 불이행","교차로","교차로내","승용차","승용차","보행자","보행자","945601","1779828","126.89602058","36.01388357"
"2017","2017-07-26 21","48","야간","수","1","2","0","1","0","전남","강진군","차대차","정면충돌","정면충돌","운전자법규위반","중앙선 침범","단일로","기타단일로","승용차","승용차","승용차","승용차","925699","1620154","126.69103839","34.57265287"
"2017","2017-07-26 23","08","야간","수","1","1","0","0","0","강원","강릉시","차대사람","횡단중","횡단중","운전자법규위반","안전운전 의무 불이행","교차로","교차로부근","승용차","승용차","보행자","보행자","1118283","1982747","128.84410063","37.83698535"
"2017","2017-07-27 02","24","야간","목","1","1","0","0","0","경북","김천시","차대사람","횡단중","횡단중","운전자법규위반","안전운전 의무 불이행","단일로","기타단일로","승용차","승용차","보행자","보행자","1069016","1795788","128.26727246","36.15671231"
"2017","2017-07-27 04","47","야간","목","1","1","0","0","0","부산","사상구","차량단독","주/정차차량 충돌","주/정차차량 충돌","운전자법규위반","안전운전 의무 불이행","단일로","기타단일로","승용차","승용차","승합차","승합차","1135940","1683691","128.99217978","35.13926542"
"2017","2017-07-27 06","28","주간","목","1","1","0","0","0","인천","남동구","차량단독","전도","전도","운전자법규위반","안전운전 의무 불이행","단일로","기타단일로","화물차","화물차","없음","없음","933125","1938669","126.74397263","37.44478574"
"2017","2017-07-27 07","10","주간","목","2","3","1","0","0","충북","단양군","차대차","정면충돌","정면충돌","운전자법규위반","중앙선 침범","단일로","기타단일로","화물차","화물차","건설기계","건설기계","1076246","1889232","128.35690113","36.99848122"
"2017","2017-07-27 13","35","주간","목","1","1","0","0","0","경남","창녕군","차대차","기타","기타","운전자법규위반","신호위반","교차로","교차로내","승용차","승용차","이륜차","이륜차","1091985","1718606","128.51371273","35.45902326"
"2017","2017-07-27 22","20","야간","목","1","2","0","1","0","경남","밀양시","차대차","측면충돌","측면충돌","운전자법규위반","안전운전 의무 불이행","단일로","기타단일로","승용차","승용차","승용차","승용차","1115880","1717112","128.77678034","35.44305722"
"2017","2017-07-27 23","22","야간","목","1","1","0","0","0","전남","목포시","차량단독","기타","기타","운전자법규위반","안전운전 의무 불이행","기타","기타","자전거","자전거","없음","없음","901941","1648046","126.42773526","34.82229932"
"2017","2017-07-27 23","05","야간","목","1","1","0","0","0","경기","고양시","차대사람","횡단중","횡단중","운전자법규위반","신호위반","교차로","교차로내","승합차","승합차","보행자","보행자","940901","1959237","126.83021899","37.63069459"
"2017","2017-07-28 04","28","야간","금","1","1","0","0","0","서울","동대문구","차대차","측면충돌","측면충돌","운전자법규위반","과속","단일로","기타단일로","승용차","승용차","자전거","자전거","961568","1952419","127.06479256","37.57033935"
"2017","2017-07-28 07","22","주간","금","1","4","3","0","0","경기","안산시","차대차","기타","기타","운전자법규위반","과속","단일로","기타단일로","승용차","승용차","화물차","화물차","944645","1926467","126.87511291","37.3355668"
"2017","2017-07-28 09","30","주간","금","1","1","0","0","0","경기","구리시","차대사람","횡단중","횡단중","운전자법규위반","안전운전 의무 불이행","단일로","기타단일로","승용차","승용차","보행자","보행자","967606","1956404","127.13298969","37.60648979"
"2017","2017-07-28 10","00","주간","금","1","1","0","0","0","전북","부안군","차량단독","전도","전도","운전자법규위반","안전운전 의무 불이행","교차로","교차로내","이륜차","이륜차","없음","없음","939129","1744026","126.82723632","35.69060148"
"2017","2017-07-28 17","25","주간","금","1","1","0","0","0","강원","횡성군","차대사람","길가장자리구역통행중","길가장자리구역통행중","운전자법규위반","안전운전 의무 불이행","단일로","기타단일로","승합차","승합차","보행자","보행자","1066447","1953280","128.25251012","37.57650367"
"2017","2017-07-28 23","36","야간","금","1","1","0","0","0","충북","청주시","차대차","추돌","추돌","운전자법규위반","안전운전 의무 불이행","단일로","기타단일로","특수차","특수차","자전거","자전거","1000525","1840185","127.50586679","36.55942712"
"2017","2017-07-29 00","29","야간","토","1","4","0","3","0","전남","함평군","차대차","추돌","추돌","운전자법규위반","안전운전 의무 불이행","단일로","기타단일로","화물차","화물차","화물차","화물차","907172","1681931","126.48115071","35.12829893"
"2017","2017-07-29 01","30","야간","토","1","2","1","0","0","충북","충주시","차대차","정면충돌","정면충돌","운전자법규위반","중앙선 침범","단일로","기타단일로","승용차","승용차","승용차","승용차","1036719","1886983","127.91230509","36.97995753"
"2017","2017-07-29 02","10","야간","토","1","1","0","0","0","경기","고양시","차대사람","기타","기타","운전자법규위반","안전운전 의무 불이행","단일로","기타단일로","승용차","승용차","보행자","보행자","942603","1963400","126.8491796","37.66832302"
"2017","2017-07-29 02","04","야간","토","1","1","0","0","0","경남","김해시","차대사람","횡단중","횡단중","운전자법규위반","과속","교차로","교차로부근","승용차","승용차","보행자","보행자","1127738","1695028","128.90395108","35.24253522"
"2017","2017-07-29 02","57","야간","토","1","1","0","0","0","대전","서구","차대사람","횡단중","횡단중","운전자법규위반","과속","단일로","기타단일로","승용차","승용차","보행자","보행자","990754","1817807","127.39694484","36.35763952"
"2017","2017-07-29 04","40","야간","토","1","1","0","0","0","경북","영주시","차량단독","전도전복","전도전복","운전자법규위반","안전운전 의무 불이행","단일로","기타단일로","화물차","화물차","없음","없음","1096644","1882447","128.58524485","36.93545283"
"2017","2017-07-29 05","04","야간","토","1","1","0","0","0","서울","종로구","차대사람","기타","기타","운전자법규위반","안전운전 의무 불이행","단일로","기타단일로","승용차","승용차","보행자","보행자","956788","1952513","127.01065958","37.57097464"
"2017","2017-07-29 05","30","야간","토","1","1","0","0","0","경기","오산시","차량단독","공작물충돌","공작물충돌","운전자법규위반","안전운전 의무 불이행","단일로","기타단일로","이륜차","이륜차","없음","없음","960882","1905647","127.05949542","37.14872576"
"2017","2017-07-29 08","00","주간","토","1","1","0","0","0","경남","진주시","차대사람","차도통행중","차도통행중","운전자법규위반","안전운전 의무 불이행","교차로","교차로부근","승용차","승용차","보행자","보행자","1053119","1689113","128.08350642","35.19593729"
"2017","2017-07-29 09","32","주간","토","1","1","0","0","0","강원","원주시","차대사람","기타","기타","운전자법규위반","안전운전 의무 불이행","단일로","기타단일로","승용차","승용차","보행자","보행자","1039024","1928316","127.9406344","37.35306308"
"2017","2017-07-29 09","20","주간","토","1","3","0","2","0","경기","평택시","차대차","측면충돌","측면충돌","운전자법규위반","중앙선 침범","단일로","기타단일로","사륜오토바이(ATV)","사륜오토바이(ATV)","승용차","승용차","960290","1899137","127.05317415","37.09001983"
"2017","2017-07-29 12","00","주간","토","1","1","0","0","0","경기","양평군","차량단독","전도전복","전도전복","운전자법규위반","안전운전 의무 불이행","단일로","기타단일로","농기계","농기계","없음","없음","1018712","1948804","127.71180627","37.53836749"
"2017","2017-07-29 15","44","주간","토","1","1","0","0","0","경북","울진군","차량단독","공작물충돌","공작물충돌","운전자법규위반","안전운전 의무 불이행","단일로","기타단일로","승용차","승용차","없음","없음","1170262","1891502","129.41363742","37.00660643"
"2017","2017-07-29 19","00","야간","토","1","2","1","0","0","전북","익산시","차량단독","기타","기타","운전자법규위반","안전운전 의무 불이행","단일로","기타단일로","승용차","승용차","없음","없음","962953","1771862","127.09363327","35.9456009"
"2017","2017-07-29 22","30","야간","토","1","1","0","0","0","경기","의정부시","차대차","측면충돌","측면충돌","운전자법규위반","신호위반","교차로","교차로부근","승용차","승용차","자전거","자전거","960609","1972322","127.05285842","37.74968748"
"2017","2017-07-30 01","29","야간","일","1","18","6","11","0","충북","충주시","차대차","추돌","추돌","운전자법규위반","안전운전 의무 불이행","기타","기타","화물차","화물차","승용차","승용차","1030989","1890156","127.84832692","37.00939255"
"2017","2017-07-30 01","40","야간","일","1","2","0","1","0","충남","공주시","차대차","기타","기타","운전자법규위반","안전운전 의무 불이행","단일로","기타단일로","화물차","화물차","승용차","승용차","961390","1817988","127.06965226","36.35854077"
"2017","2017-07-30 03","06","야간","일","1","1","0","0","0","강원","강릉시","차대사람","기타","기타","운전자법규위반","안전운전 의무 불이행","교차로","교차로횡단보도내","승용차","승용차","보행자","보행자","1124385","1973176","128.91176806","37.74960832"
"2017","2017-07-30 05","40","야간","일","1","1","0","0","0","경기","파주시","차대차","측면충돌","측면충돌","운전자법규위반","안전운전 의무 불이행","단일로","기타단일로","건설기계","건설기계","자전거","자전거","934733","1967619","126.75957073","37.70582116"
"2017","2017-07-30 06","00","주간","일","1","1","0","0","0","제주","제주시","차대사람","횡단중","횡단중","운전자법규위반","안전운전 의무 불이행","단일로","기타단일로","화물차","화물차","보행자","보행자","880615","1487789","126.21658947","33.37506903"
"2017","2017-07-30 09","02","주간","일","1","3","1","1","0","경기","가평군","차대차","정면충돌","정면충돌","운전자법규위반","중앙선 침범","교차로","교차로부근","승용차","승용차","승합차","승합차","986359","1980160","127.34500667","37.82107936"
"2017","2017-07-30 14","40","주간","일","1","5","0","2","2","강원","원주시","차대차","측면충돌","측면충돌","운전자법규위반","안전운전 의무 불이행","교차로","교차로내","승용차","승용차","화물차","화물차","1038655","1933022","127.93671385","37.39549652"
"2017","2017-07-30 14","00","주간","일","1","2","1","0","0","경북","예천군","차대사람","차도통행중","차도통행중","운전자법규위반","안전운전 의무 불이행","단일로","기타단일로","승용차","승용차","보행자","보행자","1086212","1872149","128.4669454","36.84364633"
"2017","2017-07-30 17","05","주간","일","1","1","0","0","0","전북","진안군","차대사람","횡단중","횡단중","운전자법규위반","부당한 회전","단일로","기타단일로","화물차","화물차","보행자","보행자","990563","1743500","127.39570261","35.68769358"
"2017","2017-07-30 19","20","야간","일","1","1","0","0","0","울산","울주군","차대사람","횡단중","횡단중","운전자법규위반","안전운전 의무 불이행","단일로","기타단일로","승용차","승용차","보행자","보행자","1153969","1717730","129.19642269","35.44346083"
"2017","2017-07-30 21","10","야간","일","1","1","0","0","0","경남","함안군","차대차","측면충돌","측면충돌","운전자법규위반","중앙선 침범","단일로","기타단일로","자전거","자전거","승용차","승용차","1085252","1690776","128.43662199","35.20871575"
"2017","2017-07-31 01","13","야간","월","1","1","0","0","0","경남","고성군","차량단독","전도전복","전도전복","운전자법규위반","안전운전 의무 불이행","단일로","기타단일로","승용차","승용차","없음","없음","1072882","1665323","128.29849109","34.98019582"
"2017","2017-07-31 05","55","야간","월","1","1","0","0","0","경북","경산시","차대차","기타","기타","운전자법규위반","교차로 통행방법 위반","교차로","교차로내","승용차","승용차","자전거","자전거","1115249","1765036","128.77668809","35.8751282"
"2017","2017-07-31 06","05","주간","월","1","1","0","0","0","강원","동해시","차대사람","횡단중","횡단중","운전자법규위반","안전운전 의무 불이행","교차로","교차로내","승용차","승용차","보행자","보행자","1141809","1951487","129.10541005","37.55182505"
"2017","2017-07-31 10","25","주간","월","1","1","0","0","0","제주","제주시","차대차","측면충돌","측면충돌","운전자법규위반","교차로 통행방법 위반","교차로","교차로내","승용차","승용차","이륜차","이륜차","909255","1502302","126.52296346","33.50875478"
"2017","2017-07-31 16","50","주간","월","1","2","0","1","0","경기","광명시","차대차","측면충돌","측면충돌","운전자법규위반","신호위반","교차로","교차로내","승용차","승용차","화물차","화물차","942775","1934442","126.85338753","37.4073344"
"2017","2017-07-31 16","50","주간","월","1","1","0","0","0","경기","용인시","차대사람","횡단중","횡단중","운전자법규위반","신호위반","교차로","교차로내","화물차","화물차","보행자","보행자","965859","1925578","127.11462626","37.32857608"
"2017","2017-07-31 17","45","주간","월","1","1","0","0","0","경남","합천군","차량단독","전도","전도","운전자법규위반","안전운전 의무 불이행","단일로","기타단일로","이륜차","이륜차","없음","없음","1049476","1724052","128.04560484","35.51115118"
"2017","2017-07-31 18","45","야간","월","1","1","0","0","0","울산","중구","차대사람","기타","기타","운전자법규위반","안전운전 의무 불이행","단일로","기타단일로","승용차","승용차","보행자","보행자","1166754","1730972","129.33994543","35.56073715"
"2017","2017-07-31 19","46","야간","월","1","1","0","0","0","대전","서구","차대차","측면충돌","측면충돌","운전자법규위반","부당한 회전","교차로","교차로횡단보도내","자전거","자전거","승용차","승용차","989788","1814126","127.38622618","36.32444402"
"2017","2017-07-31 21","10","야간","월","1","1","0","0","0","대구","남구","차대사람","횡단중","횡단중","운전자법규위반","안전운전 의무 불이행","교차로","교차로내","승용차","승용차","보행자","보행자","1099939","1762617","128.60681658","35.85500491"
"2017","2017-07-31 23","30","야간","월","1","5","3","1","0","충남","천안시","차대차","추돌","추돌","운전자법규위반","과속","단일로","고가도로위","승합차","승합차","승용차","승용차","968039","1865125","127.14180368","36.78372029"
"2017","2017-08-01 03","21","야간","화","1","1","0","0","0","인천","서구","차대사람","차도통행중","차도통행중","운전자법규위반","안전운전 의무 불이행","교차로","교차로횡단보도내","승용차","승용차","보행자","보행자","926658","1949422","126.66979729","37.54120939"
"2017","2017-08-01 04","52","야간","화","1","1","0","0","0","인천","남동구","차대사람","횡단중","횡단중","운전자법규위반","신호위반","교차로","교차로횡단보도내","승용차","승용차","보행자","보행자","929553","1941255","126.70334716","37.4678278"
"2017","2017-08-01 06","30","주간","화","1","2","0","1","0","경기","광주시","차대사람","보도통행중","보도통행중","운전자법규위반","안전운전 의무 불이행","단일로","기타단일로","승용차","승용차","보행자","보행자","954679","1928046","126.98828278","37.35034322"
"2017","2017-08-01 07","25","주간","화","1","1","0","0","0","충남","청양군","차량단독","전도전복","전도전복","운전자법규위반","안전운전 의무 불이행","단일로","기타단일로","농기계","농기계","없음","없음","950116","1823242","126.94365952","36.40538663"
"2017","2017-08-01 08","30","주간","화","1","3","2","0","0","경북","포항시","차량단독","전도전복","전도전복","운전자법규위반","안전운전 의무 불이행","교차로","교차로부근","승용차","승용차","없음","없음","1166104","1784701","129.34393672","36.04502991"
"2017","2017-08-01 11","15","주간","화","1","2","0","1","0","대구","북구","차대차","측면충돌","측면충돌","운전자법규위반","안전운전 의무 불이행","단일로","기타단일로","승합차","승합차","화물차","화물차","1099115","1770820","128.59871364","35.92903412"
"2017","2017-08-01 15","35","주간","화","1","1","0","0","0","경기","파주시","차대사람","횡단중","횡단중","운전자법규위반","안전운전 의무 불이행","교차로","교차로부근","승합차","승합차","보행자","보행자","936167","1974249","126.77525543","37.76567562"
"2017","2017-08-01 17","17","주간","화","1","1","0","0","0","서울","구로구","차대사람","횡단중","횡단중","운전자법규위반","안전운전 의무 불이행","교차로","교차로부근","승합차","승합차","보행자","보행자","942717","1944514","126.85194943","37.49811138"
"2017","2017-08-01 17","20","주간","화","1","4","0","3","0","강원","원주시","차대차","정면충돌","정면충돌","운전자법규위반","중앙선 침범","단일로","기타단일로","승용차","승용차","승용차","승용차","1043262","1927206","127.9884209","37.3428701"
"2017","2017-08-01 17","30","주간","화","1","1","0","0","0","전남","진도군","차량단독","전도","전도","운전자법규위반","안전운전 의무 불이행","단일로","기타단일로","이륜차","이륜차","없음","없음","880235","1599295","126.19783956","34.38087576"
"2017","2017-08-01 20","50","야간","화","1","2","0","1","0","경기","평택시","차대사람","횡단중","횡단중","운전자법규위반","안전운전 의무 불이행","단일로","기타단일로","화물차","화물차","보행자","보행자","958381","1890896","127.03215053","37.01565219"
"2017","2017-08-02 06","40","주간","수","1","1","0","0","0","서울","성동구","차대차","측면충돌","측면충돌","운전자법규위반","중앙선 침범","단일로","기타단일로","자전거","자전거","승용차","승용차","961490","1949945","127.06403925","37.54803715"
"2017","2017-08-02 16","10","주간","수","1","1","0","0","0","전북","남원시","차대차","추돌","추돌","운전자법규위반","안전운전 의무 불이행","단일로","기타단일로","이륜차","이륜차","화물차","화물차","990193","1712682","127.39195253","35.40984052"
"2017","2017-08-02 17","24","주간","수","1","4","0","0","3","대전","대덕구","차대차","기타","기타","운전자법규위반","안전운전 의무 불이행","단일로","기타단일로","화물차","화물차","화물차","화물차","992865","1821814","127.42043706","36.39378208"
"2017","2017-08-02 20","05","야간","수","1","1","0","0","0","충북","괴산군","차대사람","횡단중","횡단중","운전자법규위반","안전운전 의무 불이행","단일로","기타단일로","승용차","승용차","보행자","보행자","1026117","1848424","127.79213131","36.63334405"
"2017","2017-08-02 21","25","야간","수","1","1","0","0","0","대구","중구","차대사람","횡단중","횡단중","운전자법규위반","안전운전 의무 불이행","단일로","기타단일로","승용차","승용차","보행자","보행자","1099722","1763144","128.60447962","35.85977766"
"2017","2017-08-03 03","30","야간","목","1","1","0","0","0","서울","영등포구","차대사람","차도통행중","차도통행중","운전자법규위반","안전운전 의무 불이행","단일로","기타단일로","화물차","화물차","보행자","보행자","945380","1947444","126.88185692","37.52468126"