"발생년","발생년월일시","발생분","주야","요일","사망자수","사상자수","중상자수","경상자수","부상신고자수","발생지시도","발생지시군구","사고유형_대분류","사고유형_중분류","사고유형","법규위반_대분류","법규위반","도로형태_대분류","도로형태","당사자종별_1당_대분류","당사자종별_1당","당사자종별_2당_대분류","당사자종별_2당","발생위치X_UTMK","발생위치Y_UTMK","경도","위도"
"2017","2017-08-03 07","15","주간","목","1","1","0","0","0","충남","예산군","차대사람","기타","기타","운전자법규위반","과속","단일로","터널안","승용차","승용차","보행자","보행자","942661","1854249","126.85821419","36.68448473"
"2017","2017-08-03 11","19","주간","목","1","1","0","0","0","전남","강진군","차대차","추돌","추돌","운전자법규위반","안전운전 의무 불이행","교차로","교차로부근","화물차","화물차","승용차","승용차","924774","1634008","126.67853455","34.69773799"
"2017","2017-08-03 11","55","주간","목","1","15","2","12","0","전남","신안군","차대차","정면충돌","정면충돌","운전자법규위반","중앙선 침범","단일로","기타단일로","승용차","승용차","승합차","승합차","879470","1677147","126.17786325","35.08223483"
"2017","2017-08-03 12","10","주간","목","1","1","0","0","0","경북","구미시","차량단독","전도전복","전도전복","운전자법규위반","안전운전 의무 불이행","단일로","기타단일로","승용차","승용차","없음","없음","1082555","1791155","128.41728756","36.1138888"
"2017","2017-08-03 14","00","주간","목","1","1","0","0","0","경기","과천시","차대차","측면충돌","측면충돌","운전자법규위반","안전운전 의무 불이행","단일로","기타단일로","화물차","화물차","이륜차","이륜차","955673","1938120","126.99890144","37.44119304"
"2017","2017-08-03 15","00","주간","목","1","1","0","0","0","경기","광명시","차대사람","횡단중","횡단중","운전자법규위반","안전운전 의무 불이행","교차로","교차로횡단보도내","승용차","승용차","보행자","보행자","944534","1942216","126.87267749","37.47751015"
"2017","2017-08-03 17","30","주간","목","1","2","1","0","0","부산","강서구","차대차","측면충돌","측면충돌","운전자법규위반","중앙선 침범","단일로","기타단일로","화물차","화물차","승용차","승용차","1129628","1689628","128.92386759","35.19361335"
"2017","2017-08-03 18","37","야간","목","1","1","0","0","0","전북","익산시","차량단독","전복","전복","운전자법규위반","안전운전 의무 불이행","단일로","기타단일로","사륜오토바이(ATV)","사륜오토바이(ATV)","없음","없음","951346","1789697","126.95946395","36.10303631"
"2017","2017-08-03 20","50","야간","목","1","1","0","0","0","강원","강릉시","차대사람","횡단중","횡단중","운전자법규위반","과속","교차로","교차로횡단보도내","승용차","승용차","보행자","보행자","1122679","1972932","128.89209863","37.74790642"
"2017","2017-08-04 05","20","야간","금","1","1","0","0","0","경기","가평군","차대차","추돌","추돌","운전자법규위반","안전운전 의무 불이행","단일로","교량위","승용차","승용차","농기계","농기계","998572","1959113","127.48381592","37.63147688"
"2017","2017-08-04 06","43","주간","금","1","1","0","0","0","경남","밀양시","차대차","측면충돌","측면충돌","운전자법규위반","교차로 통행방법 위반","교차로","교차로내","화물차","화물차","원동기장치자전거","원동기장치자전거","1111638","1709690","128.72903489","35.37663495"
"2017","2017-08-04 07","10","주간","금","1","7","2","4","0","전남","보성군","차대차","추돌","추돌","운전자법규위반","안전거리 미확보","단일로","기타단일로","화물차","화물차","화물차","화물차","968179","1642287","127.15223475","34.77459472"
"2017","2017-08-04 08","00","주간","금","1","1","0","0","0","대구","서구","차대차","추돌","추돌","운전자법규위반","안전운전 의무 불이행","단일로","기타단일로","승용차","승용차","화물차","화물차","1094088","1766057","128.54243327","35.88659469"
"2017","2017-08-04 09","30","주간","금","1","1","0","0","0","전남","고흥군","차대사람","차도통행중","차도통행중","운전자법규위반","안전운전 의무 불이행","교차로","교차로내","화물차","화물차","보행자","보행자","980092","1623900","127.28286188","34.60908609"
"2017","2017-08-04 11","32","주간","금","1","1","0","0","0","충남","보령시","차량단독","기타","기타","운전자법규위반","안전운전 의무 불이행","단일로","기타단일로","이륜차","이륜차","없음","없음","915246","1817225","126.55545945","36.34870389"
"2017","2017-08-04 11","10","주간","금","1","1","0","0","0","경기","안산시","차대사람","횡단중","횡단중","운전자법규위반","안전운전 의무 불이행","교차로","교차로내","승용차","승용차","보행자","보행자","940877","1924683","126.83272179","37.31925475"
"2017","2017-08-04 13","23","주간","금","1","1","0","0","0","경남","거창군","차량단독","공작물충돌","공작물충돌","운전자법규위반","안전운전 의무 불이행","단일로","기타단일로","이륜차","이륜차","없음","없음","1040011","1741783","127.94210918","35.67144591"
"2017","2017-08-04 18","47","야간","금","1","1","0","0","0","전남","완도군","차량단독","기타","기타","운전자법규위반","안전운전 의무 불이행","교차로","교차로내","화물차","화물차","없음","없음","913456","1571902","126.56148869","34.13674894"
"2017","2017-08-04 18","40","야간","금","1","1","0","0","0","전남","여수시","차대차","추돌","추돌","운전자법규위반","안전운전 의무 불이행","단일로","기타단일로","승용차","승용차","농기계","농기계","1006594","1635883","127.57201491","34.71732002"
"2017","2017-08-04 20","18","야간","금","1","1","0","0","0","경기","용인시","차대차","측면충돌","측면충돌","운전자법규위반","신호위반","교차로","교차로내","승용차","승용차","이륜차","이륜차","963750","1924940","127.0908522","37.32274541"
"2017","2017-08-04 22","15","야간","금","1","3","1","1","0","전남","장성군","차대차","측면충돌","측면충돌","운전자법규위반","안전거리 미확보","단일로","기타단일로","승합차","승합차","승합차","승합차","936623","1717842","126.80159316","35.45437085"
"2017","2017-08-04 23","10","야간","금","1","1","0","0","0","부산","북구","차대차","측면충돌","측면충돌","운전자법규위반","중앙선 침범","단일로","기타단일로","자전거","자전거","승용차","승용차","1136537","1691500","129.00003467","35.20957541"
"2017","2017-08-05 00","30","야간","토","1","2","1","0","0","충남","아산시","차대차","추돌","추돌","운전자법규위반","안전운전 의무 불이행","단일로","기타단일로","승용차","승용차","승용차","승용차","959828","1869140","127.049571","36.81960063"
"2017","2017-08-05 00","50","야간","토","1","1","0","0","0","경기","양주시","차대사람","횡단중","횡단중","운전자법규위반","과속","단일로","기타단일로","승용차","승용차","보행자","보행자","960179","1980145","127.04754782","37.82017717"
"2017","2017-08-05 01","55","야간","토","1","1","0","0","0","대전","대덕구","차대차","추돌","추돌","운전자법규위반","안전운전 의무 불이행","단일로","기타단일로","화물차","화물차","화물차","화물차","993320","1820919","127.4255185","36.38571661"
"2017","2017-08-05 03","20","야간","토","1","1","0","0","0","대전","동구","차대사람","횡단중","횡단중","운전자법규위반","안전운전 의무 불이행","단일로","기타단일로","승용차","승용차","보행자","보행자","995020","1816652","127.4447128","36.34673908"
"2017","2017-08-05 07","55","주간","토","1","2","0","1","0","전남","광양시","차대차","측면충돌","측면충돌","운전자법규위반","중앙선 침범","단일로","기타단일로","승용차","승용차","화물차","화물차","1021927","1659688","127.74009217","34.93177049"
"2017","2017-08-05 10","40","주간","토","1","1","0","0","0","전남","보성군","차량단독","기타","기타","운전자법규위반","안전운전 의무 불이행","단일로","기타단일로","농기계","농기계","없음","없음","957048","1645764","127.03041177","34.80554014"
"2017","2017-08-05 10","20","주간","토","1","2","0","1","0","경남","거제시","차대차","측면충돌","측면충돌","운전자법규위반","안전운전 의무 불이행","단일로","기타단일로","화물차","화물차","화물차","화물차","1102153","1655229","128.61790058","34.88665806"
"2017","2017-08-05 10","01","주간","토","1","1","0","0","0","전북","전주시","차대차","측면충돌","측면충돌","운전자법규위반","안전운전 의무 불이행","교차로","교차로내","건설기계","건설기계","자전거","자전거","964859","1761682","127.11082883","35.85104274"
"2017","2017-08-05 11","10","주간","토","1","1","0","0","0","충남","부여군","차량단독","전도전복","전도전복","운전자법규위반","기타(운전자법규위반)","단일로","기타단일로","승용차","승용차","없음","없음","954031","1809322","126.98814252","36.28009233"
"2017","2017-08-05 11","20","주간","토","1","1","0","0","0","강원","춘천시","차량단독","기타","기타","운전자법규위반","안전운전 의무 불이행","기타","기타","자전거","자전거","없음","없음","1020414","1985758","127.7321079","37.87140808"
"2017","2017-08-05 12","00","주간","토","1","2","1","0","0","전북","익산시","차대차","추돌","추돌","운전자법규위반","안전운전 의무 불이행","단일로","기타단일로","승용차","승용차","화물차","화물차","953052","1769206","126.97963213","35.91838259"
"2017","2017-08-05 15","56","주간","토","1","1","0","0","0","인천","연수구","차대차","측면충돌","측면충돌","운전자법규위반","보행자 보호의무 위반","교차로","교차로내","자전거","자전거","화물차","화물차","924103","1932166","126.64265638","37.38547921"
"2017","2017-08-05 18","11","야간","토","1","1","0","0","0","경기","이천시","차대차","기타","기타","운전자법규위반","안전운전 의무 불이행","단일로","기타단일로","이륜차","이륜차","승용차","승용차","995367","1920246","127.44773678","37.28112967"
"2017","2017-08-05 20","00","야간","토","1","1","0","0","0","경북","포항시","차대사람","길가장자리구역통행중","길가장자리구역통행중","운전자법규위반","안전거리 미확보","단일로","기타단일로","승용차","승용차","보행자","보행자","1157870","1790027","129.25363512","36.09439651"
"2017","2017-08-05 20","32","야간","토","1","1","0","0","0","강원","평창군","차대사람","횡단중","횡단중","운전자법규위반","안전운전 의무 불이행","단일로","기타단일로","승용차","승용차","보행자","보행자","1080316","1933498","128.40719648","37.39715655"
"2017","2017-08-05 21","03","야간","토","1","1","0","0","0","강원","영월군","차대사람","횡단중","횡단중","운전자법규위반","안전운전 의무 불이행","교차로","교차로내","승용차","승용차","보행자","보행자","1087704","1910137","128.48793391","37.18554918"
"2017","2017-08-05 23","50","야간","토","1","1","0","0","0","경남","창녕군","차대사람","차도통행중","차도통행중","운전자법규위반","안전운전 의무 불이행","교차로","교차로내","승용차","승용차","보행자","보행자","1089146","1711098","128.4816083","35.39159372"
"2017","2017-08-05 23","48","야간","토","1","6","2","3","0","충남","당진시","차대차","추돌","추돌","운전자법규위반","과속","단일로","기타단일로","승용차","승용차","승용차","승용차","922598","1873691","126.63169862","36.85830794"
"2017","2017-08-06 00","15","야간","일","1","1","0","0","0","광주","서구","차대차","측면충돌","측면충돌","운전자법규위반","신호위반","교차로","교차로내","자전거","자전거","승용차","승용차","941700","1680849","126.86016763","35.12113617"
"2017","2017-08-06 04","00","야간","일","1","1","0","0","0","서울","노원구","차량단독","전도전복","전도전복","운전자법규위반","안전운전 의무 불이행","단일로","터널안","이륜차","이륜차","없음","없음","964881","1964326","127.10173624","37.67779256"
"2017","2017-08-06 07","25","주간","일","1","1","0","0","0","경북","경산시","차량단독","공작물충돌","공작물충돌","운전자법규위반","안전운전 의무 불이행","단일로","기타단일로","이륜차","이륜차","없음","없음","1122993","1766246","128.86263914","35.88509236"
"2017","2017-08-06 09","28","주간","일","1","1","0","0","0","강원","철원군","차대차","측면충돌","측면충돌","운전자법규위반","안전운전 의무 불이행","단일로","기타단일로","이륜차","이륜차","승용차","승용차","980175","2028473","127.27340479","38.25639992"
"2017","2017-08-06 10","40","주간","일","1","1","0","0","0","경북","김천시","차대차","측면충돌","측면충돌","운전자법규위반","안전운전 의무 불이행","단일로","기타단일로","승용차","승용차","이륜차","이륜차","1046867","1767125","128.01934749","35.89962479"
"2017","2017-08-06 10","30","주간","일","1","1","0","0","0","충북","청주시","차대차","측면충돌","측면충돌","운전자법규위반","과속","교차로","교차로내","승용차","승용차","이륜차","이륜차","1000087","1839245","127.5009721","36.55095306"
"2017","2017-08-06 10","11","주간","일","1","2","1","0","0","강원","횡성군","차량단독","공작물충돌","공작물충돌","운전자법규위반","안전운전 의무 불이행","단일로","기타단일로","승용차","승용차","없음","없음","1039459","1941675","127.9492941","37.48648849"
"2017","2017-08-06 11","20","주간","일","1","1","0","0","0","인천","옹진군","차량단독","공작물충돌","공작물충돌","운전자법규위반","안전운전 의무 불이행","단일로","기타단일로","자전거","자전거","없음","없음","901046","1949132","126.37996275","37.53620203"
"2017","2017-08-06 14","55","주간","일","1","1","0","0","0","경북","경주시","차량단독","공작물충돌","공작물충돌","운전자법규위반","안전운전 의무 불이행","단일로","기타단일로","이륜차","이륜차","없음","없음","1150585","1768296","129.16861288","35.89971128"
"2017","2017-08-06 15","30","주간","일","1","1","0","0","0","대구","동구","차대차","측면충돌","측면충돌","운전자법규위반","부당한 회전","교차로","교차로횡단보도내","자전거","자전거","승용차","승용차","1102846","1767339","128.63961529","35.89726978"
"2017","2017-08-06 19","30","야간","일","1","1","0","0","0","경남","창원시(통합)","차량단독","전도","전도","운전자법규위반","안전운전 의무 불이행","단일로","기타단일로","원동기장치자전거","원동기장치자전거","없음","없음","1103097","1694812","128.6331509","35.24342648"
"2017","2017-08-06 22","11","야간","일","1","1","0","0","0","인천","서구","차량단독","전도전복","전도전복","운전자법규위반","안전운전 의무 불이행","단일로","기타단일로","승합차","승합차","없음","없음","927677","1947043","126.68156521","37.51984871"
"2017","2017-08-06 23","15","야간","일","1","1","0","0","0","서울","강서구","차대차","추돌","추돌","운전자법규위반","안전운전 의무 불이행","단일로","기타단일로","승용차","승용차","자전거","자전거","939548","1950147","126.81563675","37.54867943"
"2017","2017-08-07 01","53","야간","월","1","1","0","0","0","울산","동구","차량단독","전도","전도","운전자법규위반","안전운전 의무 불이행","단일로","기타단일로","이륜차","이륜차","없음","없음","1174326","1725636","129.42230496","35.51134777"
"2017","2017-08-07 03","30","야간","월","1","2","0","1","0","충남","아산시","차대차","정면충돌","정면충돌","운전자법규위반","안전운전 의무 불이행","단일로","기타단일로","승용차","승용차","화물차","화물차","958601","1881432","127.03514266","36.93035178"
"2017","2017-08-07 05","48","야간","월","1","1","0","0","0","대구","북구","차대사람","기타","기타","운전자법규위반","안전운전 의무 불이행","단일로","기타단일로","화물차","화물차","보행자","보행자","1100857","1770075","128.61792632","35.92214017"
"2017","2017-08-07 06","24","주간","월","1","1","0","0","0","경남","창원시(통합)","차대차","측면충돌","측면충돌","운전자법규위반","과속","단일로","기타단일로","승용차","승용차","자전거","자전거","1105317","1686795","128.6565214","35.17092001"
"2017","2017-08-07 08","45","주간","월","1","1","0","0","0","충남","아산시","차대차","추돌","추돌","운전자법규위반","안전운전 의무 불이행","교차로","교차로내","원동기장치자전거","원동기장치자전거","농기계","농기계","954858","1880620","126.99316349","36.92286034"
"2017","2017-08-07 10","46","주간","월","1","1","0","0","0","경기","시흥시","차대차","기타","기타","운전자법규위반","안전운전 의무 불이행","단일로","기타단일로","화물차","화물차","화물차","화물차","940790","1932741","126.83109573","37.39187815"
"2017","2017-08-07 13","48","주간","월","1","1","0","0","0","충남","홍성군","차대차","추돌","추돌","운전자법규위반","안전운전 의무 불이행","단일로","기타단일로","화물차","화물차","농기계","농기계","918331","1844328","126.58697523","36.59327952"
"2017","2017-08-07 14","50","주간","월","1","1","0","0","0","경기","화성시","차대사람","차도통행중","차도통행중","운전자법규위반","안전운전 의무 불이행","단일로","기타단일로","화물차","화물차","보행자","보행자","939601","1901741","126.82017953","37.1123858"
"2017","2017-08-07 14","45","주간","월","1","1","0","0","0","경기","안성시","차량단독","전도전복","전도전복","운전자법규위반","안전운전 의무 불이행","단일로","기타단일로","화물차","화물차","없음","없음","990989","1897201","127.39862811","37.07336658"
"2017","2017-08-07 15","30","주간","월","1","1","0","0","0","경남","창원시(통합)","차대사람","횡단중","횡단중","운전자법규위반","안전운전 의무 불이행","단일로","기타단일로","승합차","승합차","보행자","보행자","1096993","1693366","128.56590123","35.23099956"
"2017","2017-08-07 20","20","야간","월","1","1","0","0","0","충북","충주시","차대사람","기타","기타","운전자법규위반","안전운전 의무 불이행","교차로","교차로부근","원동기장치자전거","원동기장치자전거","보행자","보행자","1042478","1878647","127.97681642","36.90519908"
"2017","2017-08-07 21","25","야간","월","1","1","0","0","0","경기","화성시","차대사람","횡단중","횡단중","운전자법규위반","안전운전 의무 불이행","단일로","기타단일로","승용차","승용차","보행자","보행자","939499","1913108","126.81811174","37.21483613"
"2017","2017-08-08 00","26","야간","화","1","1","0","0","0","부산","동래구","차대사람","횡단중","횡단중","운전자법규위반","안전운전 의무 불이행","단일로","기타단일로","승용차","승용차","보행자","보행자","1144302","1692714","129.08553927","35.21942924"
"2017","2017-08-08 05","45","야간","화","1","1","0","0","0","강원","원주시","차대사람","횡단중","횡단중","운전자법규위반","안전운전 의무 불이행","교차로","교차로횡단보도내","승용차","승용차","보행자","보행자","1040253","1927696","127.95447741","37.34742214"
"2017","2017-08-08 06","00","주간","화","1","1","0","0","0","전남","신안군","차량단독","전도전복","전도전복","운전자법규위반","안전운전 의무 불이행","단일로","기타단일로","자전거","자전거","없음","없음","869308","1651677","126.07041713","34.85136481"
"2017","2017-08-08 08","20","주간","화","1","1","0","0","0","전북","임실군","차량단독","전도","전도","운전자법규위반","안전운전 의무 불이행","교차로","교차로부근","화물차","화물차","없음","없음","972153","1732161","127.1926294","35.58510886"
"2017","2017-08-08 09","14","주간","화","1","1","0","0","0","경북","안동시","차대차","측면충돌","측면충돌","운전자법규위반","안전운전 의무 불이행","단일로","기타단일로","이륜차","이륜차","승합차","승합차","1108580","1841438","128.71347365","36.5645932"
"2017","2017-08-08 11","35","주간","화","1","1","0","0","0","경남","밀양시","차대사람","횡단중","횡단중","운전자법규위반","신호위반","단일로","기타단일로","화물차","화물차","보행자","보행자","1112290","1723911","128.73817308","35.50475944"
"2017","2017-08-08 13","10","주간","화","1","1","0","0","0","경기","평택시","차대차","정면충돌","정면충돌","운전자법규위반","교차로 통행방법 위반","교차로","교차로내","승용차","승용차","이륜차","이륜차","961013","1896431","127.0614498","37.0656582"
"2017","2017-08-08 13","24","주간","화","1","1","0","0","0","경북","포항시","차대사람","차도통행중","차도통행중","운전자법규위반","안전운전 의무 불이행","단일로","기타단일로","승용차","승용차","보행자","보행자","1169111","1805837","129.38184604","36.23496569"
"2017","2017-08-08 15","30","주간","화","1","1","0","0","0","경남","창원시(통합)","차대사람","기타","기타","운전자법규위반","안전운전 의무 불이행","교차로","교차로내","특수차","특수차","보행자","보행자","1097128","1689380","128.56691426","35.19505048"
"2017","2017-08-08 16","13","주간","화","1","1","0","0","0","전남","장흥군","차량단독","전도전복","전도전복","운전자법규위반","안전운전 의무 불이행","단일로","기타단일로","화물차","화물차","없음","없음","953439","1638705","126.99134715","34.74172752"
"2017","2017-08-08 18","55","야간","화","1","2","1","0","0","전북","군산시","차대차","기타","기타","운전자법규위반","신호위반","교차로","교차로내","원동기장치자전거","원동기장치자전거","원동기장치자전거","원동기장치자전거","930342","1772547","126.72764056","35.94714777"
"2017","2017-08-08 18","03","야간","화","1","3","0","2","0","전북","김제시","차대차","추돌","추돌","운전자법규위반","안전운전 의무 불이행","단일로","기타단일로","화물차","화물차","승용차","승용차","954251","1746790","126.99420481","35.71633981"
"2017","2017-08-09 10","35","주간","수","1","1","0","0","0","충북","영동군","차량단독","기타","기타","운전자법규위반","안전운전 의무 불이행","교차로","교차로부근","특수차","특수차","없음","없음","1033828","1801233","127.87632273","36.20766913"
"2017","2017-08-09 11","50","주간","수","1","1","0","0","0","경북","경산시","차대차","기타","기타","운전자법규위반","안전운전 의무 불이행","기타","기타","이륜차","이륜차","화물차","화물차","1112512","1760259","128.74570122","35.83238658"
"2017","2017-08-09 12","28","주간","수","1","1","0","0","0","전북","전주시","차대차","정면충돌","정면충돌","운전자법규위반","안전운전 의무 불이행","단일로","기타단일로","승용차","승용차","자전거","자전거","966924","1755559","127.13395092","35.79590951"
"2017","2017-08-09 13","30","주간","수","1","2","1","0","0","충북","보은군","차대차","정면충돌","정면충돌","운전자법규위반","중앙선 침범","단일로","기타단일로","화물차","화물차","화물차","화물차","953936","1952044","127.5999084","36.50629708"
"2017","2017-08-09 15","10","주간","수","1","1","0","0","0","전북","남원시","차대차","추돌","추돌","운전자법규위반","안전운전 의무 불이행","단일로","기타단일로","승용차","승용차","이륜차","이륜차","984741","1711659","127.33195826","35.4005234"
"2017","2017-08-09 15","00","주간","수","2","12","0","10","0","전남","여수시","차대차","정면충돌","정면충돌","운전자법규위반","중앙선 침범","단일로","기타단일로","승용차","승용차","승합차","승합차","1023588","1630484","127.75760933","34.66820295"
"2017","2017-08-09 15","50","주간","수","1","1","0","0","0","전북","순창군","차대차","측면충돌","측면충돌","운전자법규위반","안전운전 의무 불이행","단일로","기타단일로","화물차","화물차","자전거","자전거","967360","1710625","127.14059156","35.39078225"
"2017","2017-08-09 16","55","주간","수","1","1","0","0","0","전남","곡성군","차량단독","전도","전도","운전자법규위반","안전운전 의무 불이행","단일로","기타단일로","기타","기타","없음","없음","985716","1690972","127.34305621","35.21400423"
"2017","2017-08-09 19","10","야간","수","1","1","0","0","0","충남","아산시","차대차","측면충돌","측면충돌","운전자법규위반","안전운전 의무 불이행","단일로","기타단일로","이륜차","이륜차","승용차","승용차","944427","1868552","126.87693807","36.81352083"
"2017","2017-08-09 20","05","야간","수","1","4","2","1","0","충북","보은군","차대차","정면충돌","정면충돌","운전자법규위반","중앙선 침범","단일로","기타단일로","승용차","승용차","이륜차","이륜차","1021077","1827147","127.73517537","36.4416556"
"2017","2017-08-09 23","20","야간","수","1","5","2","2","0","인천","남동구","차대차","정면충돌","정면충돌","운전자법규위반","신호위반","교차로","교차로내","승용차","승용차","승용차","승용차","929958","1939610","126.70808309","37.45303243"
"2017","2017-08-10 00","05","야간","목","1","1","0","0","0","경기","파주시","차대사람","기타","기타","운전자법규위반","안전운전 의무 불이행","단일로","기타단일로","승용차","승용차","보행자","보행자","941238","1992496","126.83134316","37.93046707"
"2017","2017-08-10 05","00","야간","목","1","2","1","0","0","경남","진주시","차대차","추돌","추돌","운전자법규위반","과속","단일로","기타단일로","화물차","화물차","농기계","농기계","1049360","1684485","128.04193891","35.15439957"
"2017","2017-08-10 10","15","주간","목","1","2","0","1","0","충남","금산군","차대차","측면충돌","측면충돌","운전자법규위반","교차로 통행방법 위반","교차로","교차로내","화물차","화물차","승용차","승용차","1002891","1789285","127.53211755","36.10053675"
"2017","2017-08-10 10","13","주간","목","1","2","0","0","1","경기","군포시","차대사람","횡단중","횡단중","운전자법규위반","안전운전 의무 불이행","단일로","기타단일로","승용차","승용차","보행자","보행자","949086","1926464","126.92524392","37.33579392"
"2017","2017-08-10 13","20","주간","목","1","1","0","0","0","인천","남동구","차대차","측면충돌","측면충돌","운전자법규위반","안전운전 의무 불이행","단일로","기타단일로","화물차","화물차","기타","기타","930690","1939151","126.71589797","37.44923397"
"2017","2017-08-10 14","14","주간","목","1","4","0","3","0","제주","제주시","차대차","기타","기타","운전자법규위반","중앙선 침범","단일로","기타단일로","승용차","승용차","화물차","화물차","912070","1502271","126.55327148","33.50871051"
"2017","2017-08-10 16","10","주간","목","1","1","0","0","0","경남","사천시","차대사람","차도통행중","차도통행중","운전자법규위반","중앙선 침범","단일로","기타단일로","승합차","승합차","보행자","보행자","1052687","1659837","128.07690094","34.93198169"
"2017","2017-08-10 18","45","야간","목","1","1","0","0","0","강원","강릉시","차대차","정면충돌","정면충돌","운전자법규위반","중앙선 침범","단일로","기타단일로","화물차","화물차","화물차","화물차","1121029","1978984","128.87221324","37.80252614"
"2017","2017-08-10 21","55","야간","목","1","1","0","0","0","서울","동대문구","차대사람","횡단중","횡단중","운전자법규위반","안전운전 의무 불이행","단일로","기타단일로","승합차","승합차","보행자","보행자","953936","1952044","126.97839369","37.56660917"
"2017","2017-08-11 00","45","야간","금","1","1","0","0","0","대전","서구","차대사람","횡단중","횡단중","운전자법규위반","안전운전 의무 불이행","교차로","교차로부근","승용차","승용차","보행자","보행자","989191","1817618","127.37952642","36.35591932"
"2017","2017-08-11 02","10","야간","금","1","1","0","0","0","충북","제천시","차대사람","기타","기타","운전자법규위반","안전운전 의무 불이행","교차로","교차로부근","승용차","승용차","보행자","보행자","1063474","1905819","128.21477435","37.14893947"
"2017","2017-08-11 03","20","야간","금","1","1","0","0","0","인천","남동구","차대사람","횡단중","횡단중","운전자법규위반","과속","단일로","기타단일로","승용차","승용차","보행자","보행자","930733","1939944","126.71681334","37.45610112"
"2017","2017-08-11 05","50","야간","금","1","1","0","0","0","경북","경주시","차량단독","전도전복","전도전복","운전자법규위반","안전운전 의무 불이행","단일로","기타단일로","농기계","농기계","없음","없음","1162434","1742661","129.29465242","35.66679745"
"2017","2017-08-11 07","30","주간","금","1","1","0","0","0","충남","금산군","차대차","측면충돌","측면충돌","운전자법규위반","안전운전 의무 불이행","단일로","기타단일로","이륜차","이륜차","화물차","화물차","1001472","1789254","127.51635312","36.10026045"
"2017","2017-08-11 09","20","주간","금","1","1","0","0","0","경기","평택시","차대차","측면충돌","측면충돌","운전자법규위반","신호위반","교차로","교차로내","이륜차","이륜차","승용차","승용차","948468","1887960","126.92092148","36.9886956"
"2017","2017-08-11 15","58","주간","금","1","1","0","0","0","경남","통영시","차대사람","횡단중","횡단중","운전자법규위반","안전운전 의무 불이행","단일로","기타단일로","승용차","승용차","보행자","보행자","1083271","1658196","128.41158879","34.91513434"
"2017","2017-08-11 16","57","주간","금","1","1","0","0","0","충남","태안군","차대사람","횡단중","횡단중","운전자법규위반","안전운전 의무 불이행","교차로","교차로내","화물차","화물차","보행자","보행자","900853","1827791","126.39373278","36.44256688"
"2017","2017-08-11 17","10","주간","금","1","1","0","0","0","강원","원주시","차대차","측면충돌","측면충돌","운전자법규위반","안전운전 의무 불이행","단일로","기타단일로","기타","기타","건설기계","건설기계","1051706","1914887","128.08289654","37.23124456"
"2017","2017-08-11 18","25","야간","금","1","1","0","0","0","경북","성주군","차대사람","기타","기타","운전자법규위반","안전운전 의무 불이행","단일로","기타단일로","화물차","화물차","보행자","보행자","1071103","1765547","128.28775413","35.88393709"
"2017","2017-08-11 20","42","야간","금","1","1","0","0","0","강원","철원군","차대사람","횡단중","횡단중","운전자법규위반","안전운전 의무 불이행","단일로","기타단일로","승용차","승용차","보행자","보행자","992915","2027683","127.41902772","38.24947087"
"2017","2017-08-11 21","00","야간","금","2","7","5","0","0","전남","함평군","차대차","측면충돌","측면충돌","운전자법규위반","안전운전 의무 불이행","교차로","교차로내","승용차","승용차","승용차","승용차","911910","1672606","126.53413838","35.04465046"
"2017","2017-08-11 23","20","야간","금","1","1","0","0","0","인천","남구","차대사람","횡단중","횡단중","운전자법규위반","안전운전 의무 불이행","단일로","기타단일로","승용차","승용차","보행자","보행자","924695","1938114","126.64873655","37.43913566"
"2017","2017-08-12 04","27","야간","토","1","1","0","0","0","경기","성남시","차대사람","횡단중","횡단중","운전자법규위반","안전운전 의무 불이행","단일로","기타단일로","건설기계","건설기계","보행자","보행자","967064","1937181","127.12771103","37.43320508"
"2017","2017-08-12 05","20","야간","토","1","1","0","0","0","충남","부여군","차대차","측면충돌","측면충돌","운전자법규위반","중앙선 침범","단일로","교량위","농기계","농기계","화물차","화물차","945387","1808913","126.89192606","36.27595451"
"2017","2017-08-12 05","17","야간","토","1","1","0","0","0","제주","제주시","차대사람","횡단중","횡단중","운전자법규위반","안전운전 의무 불이행","단일로","기타단일로","승용차","승용차","보행자","보행자","910451","1500482","126.53602096","33.49244222"
"2017","2017-08-12 11","10","주간","토","1","1","0","0","0","서울","강동구","차대차","측면충돌","측면충돌","운전자법규위반","부당한 회전","교차로","교차로내","자전거","자전거","화물차","화물차","967195","1948707","127.12867793","37.53709933"
"2017","2017-08-12 17","55","주간","토","1","1","0","0","0","경북","청도군","차량단독","전도","전도","운전자법규위반","안전운전 의무 불이행","단일로","기타단일로","원동기장치자전거","원동기장치자전거","없음","없음","1105005","1740191","128.65997417","35.65231681"
"2017","2017-08-12 23","10","야간","토","1","1","0","0","0","강원","인제군","차량단독","전도","전도","운전자법규위반","안전운전 의무 불이행","교차로","교차로부근","이륜차","이륜차","없음","없음","1059095","2007635","128.17369282","38.06688236"