"발생년","발생년월일시","발생분","주야","요일","사망자수","사상자수","중상자수","경상자수","부상신고자수","발생지시도","발생지시군구","사고유형_대분류","사고유형_중분류","사고유형","법규위반_대분류","법규위반","도로형태_대분류","도로형태","당사자종별_1당_대분류","당사자종별_1당","당사자종별_2당_대분류","당사자종별_2당","발생위치X_UTMK","발생위치Y_UTMK","경도","위도"
"2017","2017-08-24 05","30","야간","목","1","1","0","0","0","경북","의성군","차량단독","전복","전복","운전자법규위반","안전운전 의무 불이행","단일로","기타단일로","이륜차","이륜차","없음","없음","1083171","1833351","128.42863024","36.49420377"
"2017","2017-08-24 05","30","야간","목","1","1","0","0","0","충북","제천시","차대사람","횡단중","횡단중","운전자법규위반","신호위반","교차로","교차로부근","화물차","화물차","보행자","보행자","1063405","1903431","128.21379515","37.12741988"
"2017","2017-08-24 07","28","주간","목","1","1","0","0","0","경남","거창군","차대차","측면충돌","측면충돌","운전자법규위반","안전운전 의무 불이행","교차로","교차로내","승용차","승용차","이륜차","이륜차","1038533","1743439","127.92585747","35.68643556"
"2017","2017-08-24 09","40","주간","목","1","1","0","0","0","대구","북구","차대사람","횡단중","횡단중","운전자법규위반","안전운전 의무 불이행","교차로","교차로횡단보도내","건설기계","건설기계","보행자","보행자","1094926","1766857","128.55181175","35.89372542"
"2017","2017-08-24 10","28","주간","목","1","1","0","0","0","전남","영광군","차대사람","차도통행중","차도통행중","운전자법규위반","안전운전 의무 불이행","단일로","기타단일로","화물차","화물차","보행자","보행자","909031","1697848","126.49979378","35.2719727"
"2017","2017-08-24 13","57","주간","목","1","3","2","0","0","전남","구례군","차량단독","기타","기타","운전자법규위반","안전운전 의무 불이행","단일로","기타단일로","화물차","화물차","없음","없음","1007144","1689509","127.57848127","35.20088845"
"2017","2017-08-24 13","45","주간","목","1","2","1","0","0","대구","달성군","차대차","추돌","추돌","운전자법규위반","안전운전 의무 불이행","단일로","기타단일로","특수차","특수차","건설기계","건설기계","1087447","1771239","128.4694349","35.93392532"
"2017","2017-08-24 19","15","야간","목","1","1","0","0","0","전남","여수시","차량단독","전도전복","전도전복","운전자법규위반","안전운전 의무 불이행","단일로","기타단일로","화물차","화물차","없음","없음","1025711","1627566","127.77288174","34.63870006"
"2017","2017-08-24 19","30","야간","목","1","3","1","1","0","제주","제주시","차대차","기타","기타","운전자법규위반","안전운전 의무 불이행","단일로","기타단일로","승용차","승용차","화물차","화물차","877240","1481088","126.18122721","33.31426251"
"2017","2017-08-24 20","40","야간","목","1","1","0","0","0","전남","보성군","차대차","정면충돌","정면충돌","운전자법규위반","중앙선 침범","단일로","기타단일로","사륜오토바이(ATV)","사륜오토바이(ATV)","화물차","화물차","960331","1649149","127.06614339","34.8361974"
"2017","2017-08-25 07","40","주간","금","2","5","0","3","0","경기","남양주시","차대차","측면충돌","측면충돌","운전자법규위반","신호위반","교차로","교차로부근","화물차","화물차","승용차","승용차","973382","1967080","127.19803898","37.70290119"
"2017","2017-08-25 09","15","주간","금","1","1","0","0","0","강원","철원군","차대차","측면충돌","측면충돌","운전자법규위반","안전운전 의무 불이행","단일로","기타단일로","원동기장치자전거","원동기장치자전거","화물차","화물차","977142","2019259","127.23903533","38.17328691"
"2017","2017-08-25 12","54","주간","금","1","1","0","0","0","충남","태안군","차량단독","도로이탈","도로이탈 추락","운전자법규위반","안전운전 의무 불이행","단일로","기타단일로","승용차","승용차","없음","없음","898600","1828428","126.36851515","36.44807289"
"2017","2017-08-25 13","30","주간","금","1","1","0","0","0","강원","인제군","차대사람","횡단중","횡단중","운전자법규위반","안전운전 의무 불이행","단일로","기타단일로","화물차","화물차","보행자","보행자","1068698","1996064","128.28205104","37.96192567"
"2017","2017-08-25 14","45","주간","금","1","4","3","0","0","경기","가평군","차대차","정면충돌","정면충돌","운전자법규위반","안전운전 의무 불이행","단일로","기타단일로","승합차","승합차","승용차","승용차","997347","1964967","127.46991123","37.68423874"
"2017","2017-08-25 14","50","주간","금","1","1","0","0","0","경기","부천시","차대차","측면충돌","측면충돌","운전자법규위반","신호위반","교차로","교차로내","승합차","승합차","이륜차","이륜차","939767","1943330","126.81867472","37.48725216"
"2017","2017-08-25 15","40","주간","금","1","1","0","0","0","서울","동작구","차대차","측면충돌","측면충돌","운전자법규위반","신호위반","교차로","교차로내","화물차","화물차","원동기장치자전거","원동기장치자전거","948771","1944670","126.92042491","37.4998733"
"2017","2017-08-25 18","42","야간","금","1","2","1","0","0","충남","천안시","차대차","정면충돌","정면충돌","운전자법규위반","중앙선 침범","교차로","교차로부근","화물차","화물차","화물차","화물차","974074","1863234","127.20950315","36.76685801"
"2017","2017-08-25 19","45","야간","금","1","2","0","1","0","충남","논산시","차대차","추돌","추돌","운전자법규위반","과속","단일로","고가도로위","화물차","화물차","이륜차","이륜차","960598","1797582","127.06185371","36.1745429"
"2017","2017-08-25 19","25","야간","금","1","1","0","0","0","전북","남원시","차대사람","횡단중","횡단중","운전자법규위반","안전운전 의무 불이행","교차로","교차로횡단보도내","승용차","승용차","보행자","보행자","989074","1711367","127.37967979","35.39794744"
"2017","2017-08-25 22","10","야간","금","1","1","0","0","0","강원","원주시","차대차","측면충돌","측면충돌","운전자법규위반","신호위반","교차로","교차로내","승용차","승용차","이륜차","이륜차","1040582","1924369","127.95800979","37.31741945"
"2017","2017-08-25 23","18","야간","금","1","1","0","0","0","서울","노원구","차대사람","차도통행중","차도통행중","운전자법규위반","안전운전 의무 불이행","단일로","기타단일로","승용차","승용차","보행자","보행자","962730","1959930","127.07756817","37.63808573"
"2017","2017-08-25 23","40","야간","금","1","2","1","0","0","대전","유성구","차대차","추돌","추돌","운전자법규위반","안전운전 의무 불이행","단일로","기타단일로","화물차","화물차","특수차","특수차","983117","1822080","127.31173096","36.39605828"
"2017","2017-08-26 01","00","야간","토","1","1","0","0","0","서울","강남구","차대차","정면충돌","정면충돌","운전자법규위반","신호위반","교차로","교차로부근","이륜차","이륜차","승용차","승용차","963995","1942882","127.09274307","37.48447671"
"2017","2017-08-26 03","34","야간","토","1","1","0","0","0","대구","동구","차대사람","횡단중","횡단중","운전자법규위반","과속","교차로","교차로부근","승용차","승용차","보행자","보행자","1107595","1764449","128.692058","35.87048856"
"2017","2017-08-26 04","10","야간","토","1","1","0","0","0","부산","북구","차량단독","공작물충돌","공작물충돌","운전자법규위반","안전운전 의무 불이행","단일로","기타단일로","이륜차","이륜차","없음","없음","1136911","1691910","129.0042159","35.21321561"
"2017","2017-08-26 06","30","주간","토","1","1","0","0","0","충남","논산시","차대사람","차도통행중","차도통행중","운전자법규위반","안전운전 의무 불이행","단일로","기타단일로","승용차","승용차","보행자","보행자","971569","1814602","127.18322938","36.32836976"
"2017","2017-08-26 07","14","주간","토","1","1","0","0","0","서울","동대문구","차량단독","기타","기타","운전자법규위반","안전운전 의무 불이행","단일로","기타단일로","이륜차","이륜차","없음","없음","958673","1952444","127.03200888","37.57043928"
"2017","2017-08-26 10","55","주간","토","1","3","2","0","0","경북","봉화군","차대차","정면충돌","정면충돌","운전자법규위반","중앙선 침범","단일로","기타단일로","화물차","화물차","화물차","화물차","1122149","1875174","128.8704087","36.86694679"
"2017","2017-08-26 10","00","주간","토","1","1","0","0","0","경북","안동시","차대차","기타","기타","운전자법규위반","안전운전 의무 불이행","단일로","기타단일로","자전거","자전거","승용차","승용차","1110260","1840923","128.732114","36.55971357"
"2017","2017-08-26 12","50","주간","토","1","1","0","0","0","경기","평택시","차대사람","기타","기타","운전자법규위반","안전운전 의무 불이행","교차로","교차로부근","화물차","화물차","보행자","보행자","964403","1888637","127.09995041","36.99553666"
"2017","2017-08-26 19","36","야간","토","1","1","0","0","0","대전","동구","차대차","기타","기타","운전자법규위반","안전운전 의무 불이행","교차로","교차로부근","승용차","승용차","승용차","승용차","995735","1813377","127.45248689","36.31773614"
"2017","2017-08-26 20","15","야간","토","1","1","0","0","0","제주","제주시","차대사람","차도통행중","차도통행중","운전자법규위반","안전운전 의무 불이행","기타","기타","승용차","승용차","보행자","보행자","886721","1494680","126.28134935","33.43787155"
"2017","2017-08-26 21","16","야간","토","1","1","0","0","0","전남","순천시","차대사람","기타","기타","운전자법규위반","안전운전 의무 불이행","단일로","기타단일로","승용차","승용차","보행자","보행자","999380","1661222","127.49322102","34.94589091"
"2017","2017-08-26 21","50","야간","토","1","2","1","0","0","경남","진주시","차대차","정면충돌","정면충돌","운전자법규위반","중앙선 침범","단일로","기타단일로","승용차","승용차","승용차","승용차","1073216","1685126","128.30389907","35.15872446"
"2017","2017-08-26 22","00","야간","토","1","1","0","0","0","인천","동구","차대사람","횡단중","횡단중","운전자법규위반","안전운전 의무 불이행","교차로","교차로부근","화물차","화물차","보행자","보행자","924473","1943407","126.64568464","37.48682189"
"2017","2017-08-26 23","05","야간","토","1","1","0","0","0","강원","홍천군","차량단독","기타","기타","운전자법규위반","안전운전 의무 불이행","단일로","터널안","이륜차","이륜차","없음","없음","953936","1952044","127.79799351","37.63927146"
"2017","2017-08-27 04","30","야간","일","1","1","0","0","0","충남","아산시","차대차","추돌","추돌","운전자법규위반","안전운전 의무 불이행","기타","기타","승용차","승용차","화물차","화물차","952665","1869604","126.9692298","36.82345193"
"2017","2017-08-27 05","45","야간","일","1","1","0","0","0","경북","경산시","차대차","정면충돌","정면충돌","운전자법규위반","안전운전 의무 불이행","교차로","교차로내","승용차","승용차","원동기장치자전거","원동기장치자전거","1119391","1764941","128.8225467","35.87377553"
"2017","2017-08-27 15","12","주간","일","1","1","0","0","0","대구","달성군","차량단독","공작물충돌","공작물충돌","운전자법규위반","안전운전 의무 불이행","단일로","기타단일로","자전거","자전거","없음","없음","1086184","1761521","128.4543831","35.84643122"
"2017","2017-08-27 15","03","주간","일","1","1","0","0","0","서울","강동구","차대사람","기타","기타","운전자법규위반","기타(운전자법규위반)","교차로","교차로횡단보도내","자전거","자전거","보행자","보행자","969628","1950337","127.15591847","37.55208937"
"2017","2017-08-27 17","50","주간","일","1","3","0","2","0","강원","춘천시","차대차","측면충돌","측면충돌","운전자법규위반","중앙선 침범","단일로","기타단일로","승용차","승용차","승합차","승합차","1009715","1970612","127.61025709","37.73507135"
"2017","2017-08-27 19","40","야간","일","1","2","0","0","1","세종","세종","차대사람","차도통행중","차도통행중","운전자법규위반","안전운전 의무 불이행","단일로","기타단일로","승용차","승용차","보행자","보행자","973317","1832883","127.20207624","36.4932267"
"2017","2017-08-27 21","30","야간","일","1","1","0","0","0","경기","과천시","차대사람","차도통행중","차도통행중","운전자법규위반","안전운전 의무 불이행","단일로","기타단일로","승용차","승용차","보행자","보행자","956265","1938761","127.00555551","37.44699882"
"2017","2017-08-27 21","15","야간","일","1","1","0","0","0","경남","창원시(통합)","차대차","기타","기타","운전자법규위반","안전운전 의무 불이행","단일로","기타단일로","화물차","화물차","이륜차","이륜차","1095495","1693934","128.54950745","35.23626424"
"2017","2017-08-28 02","05","야간","월","1","1","0","0","0","서울","광진구","차대차","측면충돌","측면충돌","운전자법규위반","안전거리 미확보","기타","기타","개인형이동수단(PM)","개인형이동수단(PM)","승용차","승용차","962376","1951370","127.07399604","37.56091775"
"2017","2017-08-28 05","30","야간","월","1","1","0","0","0","전북","전주시","차대사람","기타","기타","운전자법규위반","안전운전 의무 불이행","교차로","교차로내","승용차","승용차","보행자","보행자","964676","1759498","127.1088989","35.83134528"
"2017","2017-08-28 05","40","야간","월","1","1","0","0","0","전남","순천시","차대사람","횡단중","횡단중","운전자법규위반","안전운전 의무 불이행","단일로","기타단일로","승용차","승용차","보행자","보행자","999618","1661265","127.49581651","34.94622828"
"2017","2017-08-28 07","55","주간","월","1","19","9","9","0","경남","거제시","차대차","추돌","추돌","운전자법규위반","안전운전 의무 불이행","단일로","기타단일로","승합차","승합차","승용차","승용차","1098867","1653214","128.58170831","34.86881614"
"2017","2017-08-28 08","50","주간","월","1","1","0","0","0","서울","동대문구","차대사람","기타","기타","운전자법규위반","안전운전 의무 불이행","교차로","교차로부근","승합차","승합차","보행자","보행자","961925","1953382","127.06878511","37.57903399"
"2017","2017-08-28 09","35","주간","월","1","1","0","0","0","충북","괴산군","차량단독","공작물충돌","공작물충돌","운전자법규위반","기타(운전자법규위반)","단일로","기타단일로","건설기계","건설기계","없음","없음","1037268","1873249","127.91807024","36.85675982"
"2017","2017-08-28 09","32","주간","월","1","1","0","0","0","전북","익산시","차대차","측면충돌","측면충돌","운전자법규위반","안전운전 의무 불이행","단일로","기타단일로","승용차","승용차","원동기장치자전거","원동기장치자전거","952254","1772268","126.97060348","35.94594989"
"2017","2017-08-28 10","40","주간","월","1","1","0","0","0","경북","칠곡군","차량단독","공작물충돌","공작물충돌","운전자법규위반","안전운전 의무 불이행","단일로","기타단일로","농기계","농기계","없음","없음","1078000","1777203","128.36530346","35.98849064"
"2017","2017-08-28 10","00","주간","월","1","2","1","0","0","경북","경산시","차대차","측면충돌","측면충돌","운전자법규위반","교차로 통행방법 위반","교차로","교차로내","승합차","승합차","이륜차","이륜차","1110931","1759045","128.72803185","35.82162357"
"2017","2017-08-28 10","20","주간","월","1","1","0","0","0","강원","횡성군","차대차","기타","기타","운전자법규위반","안전운전 의무 불이행","기타","기타","특수차","특수차","자전거","자전거","1048631","1941172","128.04995295","37.46848541"
"2017","2017-08-28 13","20","주간","월","1","1","0","0","0","경남","창원시(통합)","차대차","기타","기타","운전자법규위반","안전운전 의무 불이행","교차로","교차로횡단보도내","승용차","승용차","특수차","특수차","1120196","1677396","128.81850997","35.08451943"
"2017","2017-08-28 16","15","주간","월","1","1","0","0","0","충남","부여군","차량단독","도로이탈","도로이탈 기타","운전자법규위반","안전운전 의무 불이행","단일로","기타단일로","건설기계","건설기계","없음","없음","951250","1799959","126.95776099","36.19554665"
"2017","2017-08-28 16","05","주간","월","1","1","0","0","0","경기","여주시","차량단독","공작물충돌","공작물충돌","운전자법규위반","안전운전 의무 불이행","단일로","기타단일로","원동기장치자전거","원동기장치자전거","없음","없음","1015301","1910438","127.67240335","37.19260579"
"2017","2017-08-28 17","10","주간","월","2","2","0","0","0","강원","삼척시","차량단독","공작물충돌","공작물충돌","운전자법규위반","안전운전 의무 불이행","단일로","기타단일로","승용차","승용차","없음","없음","1147245","1938655","129.16435901","37.43535788"
"2017","2017-08-28 20","03","야간","월","1","2","0","1","0","전남","신안군","차량단독","전도전복","전도전복","운전자법규위반","안전운전 의무 불이행","단일로","기타단일로","승합차","승합차","없음","없음","871091","1622944","126.09430719","34.59256092"
"2017","2017-08-28 23","40","야간","월","1","1","0","0","0","경북","청도군","차대차","기타","기타","운전자법규위반","안전운전 의무 불이행","단일로","터널안","이륜차","이륜차","승용차","승용차","1106383","1747895","128.67610458","35.72176235"
"2017","2017-08-29 01","05","야간","화","1","1","0","0","0","경남","창원시(통합)","차대차","정면충돌","정면충돌","운전자법규위반","안전운전 의무 불이행","교차로","교차로부근","원동기장치자전거","원동기장치자전거","승용차","승용차","1104340","1695470","128.64689398","35.24922985"
"2017","2017-08-29 03","20","야간","화","1","1","0","0","0","경기","구리시","차대차","정면충돌","정면충돌","운전자법규위반","안전운전 의무 불이행","단일로","기타단일로","승용차","승용차","건설기계","건설기계","965657","1958601","127.1108056","37.62622123"
"2017","2017-08-29 07","29","주간","화","1","2","0","1","0","경남","진주시","차대차","기타","기타","운전자법규위반","신호위반","교차로","교차로내","화물차","화물차","건설기계","건설기계","1065326","1681349","128.21697593","35.1252129"
"2017","2017-08-29 14","35","주간","화","1","2","1","0","0","충남","아산시","차대차","정면충돌","정면충돌","운전자법규위반","중앙선 침범","단일로","기타단일로","화물차","화물차","승용차","승용차","956557","1863494","127.01321817","36.76856066"
"2017","2017-08-29 14","30","주간","화","1","1","0","0","0","경기","남양주시","차대사람","기타","기타","운전자법규위반","안전운전 의무 불이행","교차로","교차로내","화물차","화물차","보행자","보행자","981184","1955648","127.2868408","37.60005376"
"2017","2017-08-29 19","20","야간","화","1","1","0","0","0","세종","세종","차대차","추돌","추돌","운전자법규위반","안전운전 의무 불이행","단일로","기타단일로","승용차","승용차","자전거","자전거","981474","1835831","127.29308024","36.51999592"
"2017","2017-08-29 19","30","야간","화","1","1","0","0","0","경남","양산시","차대사람","횡단중","횡단중","운전자법규위반","보행자 보호의무 위반","단일로","기타단일로","승용차","승용차","보행자","보행자","1138650","1703271","129.02523987","35.31538571"
"2017","2017-08-29 23","36","야간","화","1","1","0","0","0","전남","영암군","차대차","추돌","추돌","운전자법규위반","안전운전 의무 불이행","교차로","교차로부근","승용차","승용차","농기계","농기계","924961","1644663","126.67973245","34.7937535"
"2017","2017-08-30 04","20","야간","수","1","5","2","2","0","강원","원주시","차대차","측면충돌","측면충돌","운전자법규위반","신호위반","교차로","교차로내","이륜차","이륜차","승용차","승용차","1039623","1926032","127.94727562","37.33245056"
"2017","2017-08-30 05","23","야간","수","1","1","0","0","0","서울","양천구","차대사람","기타","기타","운전자법규위반","안전운전 의무 불이행","단일로","기타단일로","화물차","화물차","보행자","보행자","943764","1947600","126.86355747","37.52599016"
"2017","2017-08-30 10","35","주간","수","1","1","0","0","0","경남","김해시","차대차","측면충돌","측면충돌","운전자법규위반","안전운전 의무 불이행","교차로","교차로내","원동기장치자전거","원동기장치자전거","화물차","화물차","1121074","1709993","128.83293767","35.37826515"
"2017","2017-08-30 10","10","주간","수","1","1","0","0","0","전남","고흥군","차대사람","길가장자리구역통행중","길가장자리구역통행중","운전자법규위반","안전운전 의무 불이행","교차로","교차로내","화물차","화물차","보행자","보행자","985286","1619801","127.33972826","34.57206753"
"2017","2017-08-30 10","30","주간","수","1","1","0","0","0","강원","정선군","차대사람","횡단중","횡단중","운전자법규위반","안전운전 의무 불이행","단일로","기타단일로","건설기계","건설기계","보행자","보행자","1119384","1944792","128.85052077","37.49467439"
"2017","2017-08-30 11","30","주간","수","1","1","0","0","0","충북","보은군","차대차","측면충돌","측면충돌","운전자법규위반","신호위반","교차로","교차로내","이륜차","이륜차","승용차","승용차","1018492","1831390","127.70643371","36.47996039"
"2017","2017-08-30 13","58","주간","수","1","1","0","0","0","서울","동대문구","차대사람","횡단중","횡단중","운전자법규위반","보행자 보호의무 위반","단일로","기타단일로","건설기계","건설기계","보행자","보행자","959804","1953223","127.04477332","37.57751069"
"2017","2017-08-30 13","45","주간","수","1","1","0","0","0","경남","함양군","차대차","측면충돌","측면충돌","운전자법규위반","신호위반","교차로","교차로내","사륜오토바이(ATV)","사륜오토바이(ATV)","화물차","화물차","1016809","1711891","127.68511602","35.40259034"
"2017","2017-08-30 15","40","주간","수","1","2","1","0","0","충북","옥천군","차량단독","공작물충돌","공작물충돌","운전자법규위반","안전운전 의무 불이행","단일로","기타단일로","승용차","승용차","없음","없음","1007726","1816194","127.58609737","36.34311108"
"2017","2017-08-30 15","40","주간","수","1","1","0","0","0","전북","전주시","차대차","측면충돌","측면충돌","운전자법규위반","안전운전 의무 불이행","교차로","교차로내","승용차","승용차","이륜차","이륜차","966502","1757363","127.12939592","35.81208681"
"2017","2017-08-30 18","00","야간","수","1","4","3","0","0","대구","달성군","차대차","정면충돌","정면충돌","운전자법규위반","중앙선 침범","단일로","기타단일로","승용차","승용차","화물차","화물차","1085777","1754564","128.44912985","35.78374971"
"2017","2017-08-30 20","55","야간","수","1","2","0","1","0","충북","청주시","차대차","정면충돌","정면충돌","운전자법규위반","중앙선 침범","단일로","기타단일로","이륜차","이륜차","승용차","승용차","1015576","1846293","127.67418254","36.61436393"
"2017","2017-08-30 22","25","야간","수","1","1","0","0","0","충남","아산시","차대차","측면충돌","측면충돌","운전자법규위반","안전운전 의무 불이행","단일로","기타단일로","승용차","승용차","건설기계","건설기계","960613","1882143","127.05769716","36.93684719"
"2017","2017-08-31 00","25","야간","목","1","2","1","0","0","광주","서구","차대차","측면충돌","측면충돌","운전자법규위반","안전운전 의무 불이행","단일로","기타단일로","승용차","승용차","이륜차","이륜차","943470","1683919","126.8792591","35.14905668"
"2017","2017-08-31 02","52","야간","목","1","1","0","0","0","인천","남구","차대사람","횡단중","횡단중","운전자법규위반","안전운전 의무 불이행","기타","기타","승합차","승합차","보행자","보행자","927539","1939442","126.68075215","37.45133185"
"2017","2017-08-31 06","45","주간","목","1","1","0","0","0","경기","평택시","차대사람","횡단중","횡단중","운전자법규위반","안전운전 의무 불이행","교차로","교차로부근","화물차","화물차","보행자","보행자","959427","1884739","127.04423977","36.96019776"
"2017","2017-08-31 14","33","주간","목","1","1","0","0","0","서울","성북구","차대차","측면충돌","측면충돌","운전자법규위반","안전거리 미확보","단일로","기타단일로","건설기계","건설기계","원동기장치자전거","원동기장치자전거","958405","1956549","127.02874089","37.60742649"
"2017","2017-08-31 15","35","주간","목","1","1","0","0","0","경기","남양주시","차대차","기타","기타","운전자법규위반","안전운전 의무 불이행","단일로","기타단일로","화물차","화물차","자전거","자전거","969323","1963515","127.15214354","37.67064217"
"2017","2017-08-31 16","00","주간","목","1","1","0","0","0","경기","남양주시","차대차","측면충돌","측면충돌","운전자법규위반","신호위반","교차로","교차로내","이륜차","이륜차","승용차","승용차","971736","1962512","127.17954379","37.66167939"
"2017","2017-08-31 16","54","주간","목","1","1","0","0","0","충남","태안군","차대차","측면충돌","측면충돌","운전자법규위반","안전거리 미확보","단일로","기타단일로","이륜차","이륜차","승합차","승합차","894990","1843352","126.32621006","36.58219838"
"2017","2017-08-31 16","50","주간","목","1","2","0","1","0","전북","남원시","차대차","측면충돌","측면충돌","운전자법규위반","신호위반","교차로","교차로내","승용차","승용차","이륜차","이륜차","1009457","1718827","127.60422983","35.46522767"
"2017","2017-08-31 16","20","주간","목","1","1","0","0","0","경기","용인시","차량단독","기타","기타","운전자법규위반","신호위반","교차로","교차로부근","승합차","승합차","없음","없음","964163","1924964","127.0955124","37.32297777"
"2017","2017-08-31 19","45","야간","목","1","1","0","0","0","경북","김천시","차대사람","차도통행중","차도통행중","운전자법규위반","안전운전 의무 불이행","단일로","기타단일로","화물차","화물차","보행자","보행자","1056160","1791193","128.1240287","36.11611792"
"2017","2017-08-31 20","00","야간","목","1","2","0","1","0","경기","수원시","차대차","측면충돌","측면충돌","운전자법규위반","중앙선 침범","교차로","교차로부근","승용차","승용차","이륜차","이륜차","957877","1918357","127.02493981","37.26316064"
"2017","2017-08-31 20","10","야간","목","1","1","0","0","0","경북","포항시","차대사람","횡단중","횡단중","운전자법규위반","신호위반","교차로","교차로내","승용차","승용차","보행자","보행자","1167747","1782264","129.36165018","36.02278796"
"2017","2017-08-31 21","20","야간","목","1","1","0","0","0","전북","정읍시","차대사람","기타","기타","운전자법규위반","안전운전 의무 불이행","기타","기타","자전거","자전거","보행자","보행자","941635","1729636","126.85609212","35.56116409"
"2017","2017-08-31 22","15","야간","목","1","1","0","0","0","경기","김포시","차량단독","기타","기타","운전자법규위반","안전운전 의무 불이행","단일로","기타단일로","승용차","승용차","없음","없음","923297","1958021","126.63085553","37.61843433"
"2017","2017-09-01 00","40","야간","금","1","1","0","0","0","울산","동구","차대차","기타","기타","운전자법규위반","안전운전 의무 불이행","단일로","기타단일로","승용차","승용차","승용차","승용차","1173338","1723491","129.41095757","35.49219084"
"2017","2017-09-01 03","35","야간","금","2","4","0","2","0","경기","하남시","차대차","정면충돌","정면충돌","운전자법규위반","중앙선 침범","단일로","기타단일로","승용차","승용차","특수차","특수차","970148","1946369","127.16219762","37.51612621"
"2017","2017-09-01 05","50","야간","금","1","1","0","0","0","인천","중구","차대차","측면충돌","측면충돌","운전자법규위반","신호위반","교차로","교차로내","이륜차","이륜차","승용차","승용차","914515","1943296","126.53307253","37.48495337"
"2017","2017-09-01 05","00","야간","금","1","3","2","0","0","대구","달성군","차량단독","공작물충돌","공작물충돌","운전자법규위반","중앙선 침범","교차로","교차로부근","승용차","승용차","없음","없음","1087686","1762332","128.47110294","35.85360904"
"2017","2017-09-01 09","00","주간","금","1","1","0","0","0","경기","남양주시","차대차","기타","기타","운전자법규위반","안전운전 의무 불이행","교차로","교차로내","자전거","자전거","승용차","승용차","977407","1961514","127.24387162","37.65284123"
"2017","2017-09-01 11","25","주간","금","1","1","0","0","0","제주","제주시","차대사람","기타","기타","운전자법규위반","안전운전 의무 불이행","단일로","기타단일로","승용차","승용차","보행자","보행자","909751","1500859","126.52844855","33.4957833"
"2017","2017-09-01 11","00","주간","금","1","1","0","0","0","대구","중구","차대차","측면충돌","측면충돌","운전자법규위반","안전운전 의무 불이행","교차로","교차로횡단보도내","화물차","화물차","자전거","자전거","1098186","1763887","128.5875618","35.86663062"
"2017","2017-09-01 17","40","주간","금","1","1","0","0","0","충남","청양군","차대차","추돌","추돌","운전자법규위반","과속","단일로","기타단일로","화물차","화물차","자전거","자전거","950726","1825343","126.95032893","36.42435844"
"2017","2017-09-01 18","42","야간","금","1","1","0","0","0","충북","충주시","차대사람","기타","기타","운전자법규위반","안전운전 의무 불이행","단일로","기타단일로","화물차","화물차","보행자","보행자","1039257","1885693","127.94102749","36.96885314"
"2017","2017-09-01 19","55","야간","금","1","1","0","0","0","경북","경산시","차대사람","횡단중","횡단중","운전자법규위반","보행자 보호의무 위반","단일로","기타단일로","승용차","승용차","보행자","보행자","1115942","1757940","128.78333224","35.81108366"
"2017","2017-09-02 00","02","야간","토","1","1","0","0","0","강원","삼척시","차대차","측면충돌","측면충돌","운전자법규위반","안전운전 의무 불이행","단일로","기타단일로","승용차","승용차","승용차","승용차","1136803","1915862","129.04216518","37.2315813"
"2017","2017-09-02 01","49","야간","토","1","1","0","0","0","경기","군포시","차대사람","횡단중","횡단중","운전자법규위반","안전운전 의무 불이행","교차로","교차로횡단보도내","승용차","승용차","보행자","보행자","948952","1929340","126.92353313","37.36170922"
"2017","2017-09-02 04","28","야간","토","1","1","0","0","0","서울","용산구","차량단독","공작물충돌","공작물충돌","운전자법규위반","과속","단일로","고가도로위","승용차","승용차","없음","없음","954784","1949631","126.98814446","37.5449023"
"2017","2017-09-02 05","30","야간","토","1","1","0","0","0","대구","달서구","차대사람","기타","기타","운전자법규위반","안전운전 의무 불이행","교차로","교차로내","승용차","승용차","보행자","보행자","1095890","1762282","128.561941","35.8523897"
"2017","2017-09-02 05","25","야간","토","2","2","0","0","0","인천","부평구","차대사람","횡단중","횡단중","운전자법규위반","안전운전 의무 불이행","단일로","기타단일로","승용차","승용차","보행자","보행자","932040","1945308","126.73109483","37.50454324"
"2017","2017-09-02 11","00","주간","토","1","105","9","68","27","경기","용인시","차대차","기타","기타","운전자법규위반","안전운전 의무 불이행","단일로","기타단일로","승합차","승합차","승합차","승합차","966501","1899252","127.12305508","37.09129918"
"2017","2017-09-02 11","15","주간","토","1","1","0","0","0","전북","장수군","차량단독","전도전복","전도전복","운전자법규위반","안전운전 의무 불이행","단일로","기타단일로","농기계","농기계","없음","없음","1012419","1747532","127.6373166","35.72401449"
"2017","2017-09-02 15","40","주간","토","1","1","0","0","0","경남","거창군","차대사람","기타","기타","운전자법규위반","안전운전 의무 불이행","단일로","기타단일로","승용차","승용차","보행자","보행자","1032835","1742767","127.86285834","35.68058293"
"2017","2017-09-02 15","55","주간","토","2","20","8","10","0","충남","천안시","차대차","추돌","추돌","운전자법규위반","안전운전 의무 불이행","단일로","기타단일로","승합차","승합차","승용차","승용차","966118","1855124","127.11853573","36.69352188"
"2017","2017-09-02 18","40","야간","토","1","1","0","0","0","충남","보령시","차량단독","전도전복","전도전복","운전자법규위반","안전운전 의무 불이행","단일로","기타단일로","이륜차","이륜차","없음","없음","917806","1821011","126.58358588","36.38305388"