"발생년","발생년월일시","발생분","주야","요일","사망자수","사상자수","중상자수","경상자수","부상신고자수","발생지시도","발생지시군구","사고유형_대분류","사고유형_중분류","사고유형","법규위반_대분류","법규위반","도로형태_대분류","도로형태","당사자종별_1당_대분류","당사자종별_1당","당사자종별_2당_대분류","당사자종별_2당","발생위치X_UTMK","발생위치Y_UTMK","경도","위도"
"2017","2017-09-02 19","52","야간","토","1","2","1","0","0","제주","제주시","차대사람","횡단중","횡단중","운전자법규위반","안전운전 의무 불이행","단일로","기타단일로","이륜차","이륜차","보행자","보행자","908305","1501532","126.51281513","33.5017296"
"2017","2017-09-02 20","12","야간","토","1","1","0","0","0","경기","부천시","차대사람","횡단중","횡단중","운전자법규위반","과속","교차로","교차로부근","승용차","승용차","보행자","보행자","935525","1946500","126.77041684","37.51553671"
"2017","2017-09-02 22","35","야간","토","1","1","0","0","0","대구","동구","차대사람","기타","기타","운전자법규위반","안전운전 의무 불이행","교차로","교차로부근","승용차","승용차","보행자","보행자","1102981","1766091","128.64094949","35.88600572"
"2017","2017-09-02 23","40","야간","토","1","1","0","0","0","경기","오산시","차량단독","기타","기타","운전자법규위반","안전운전 의무 불이행","단일로","기타단일로","이륜차","이륜차","없음","없음","959464","1909933","127.04329547","37.18729886"
"2017","2017-09-03 05","20","야간","일","1","1","0","0","0","인천","남동구","차대사람","차도통행중","차도통행중","운전자법규위반","안전운전 의무 불이행","교차로","교차로부근","승용차","승용차","보행자","보행자","929966","1941541","126.70798998","37.47043687"
"2017","2017-09-03 05","10","야간","일","1","1","0","0","0","부산","중구","차대사람","횡단중","횡단중","운전자법규위반","신호위반","단일로","기타단일로","승용차","승용차","보행자","보행자","1139169","1679720","129.02696681","35.10302698"
"2017","2017-09-03 09","24","주간","일","1","1","0","0","0","서울","성북구","차대사람","기타","기타","운전자법규위반","안전운전 의무 불이행","단일로","기타단일로","승용차","승용차","보행자","보행자","957807","1954211","127.02210073","37.58632638"
"2017","2017-09-03 11","10","주간","일","1","1","0","0","0","전북","완주군","차량단독","공작물충돌","공작물충돌","운전자법규위반","안전운전 의무 불이행","단일로","기타단일로","승용차","승용차","없음","없음","970355","1771120","127.17134213","35.93631704"
"2017","2017-09-03 12","00","주간","일","1","1","0","0","0","전북","남원시","차량단독","전복","전복","운전자법규위반","안전운전 의무 불이행","단일로","기타단일로","자전거","자전거","없음","없음","990205","1723757","127.39198546","35.50967672"
"2017","2017-09-03 12","25","주간","일","1","1","0","0","0","경북","구미시","차대차","측면충돌","측면충돌","운전자법규위반","직진 및 우회전차의 통행방해","교차로","교차로내","승용차","승용차","이륜차","이륜차","1072015","1804241","128.30138659","36.23269588"
"2017","2017-09-03 14","45","주간","일","1","1","0","0","0","경북","안동시","차대사람","기타","기타","운전자법규위반","안전운전 의무 불이행","단일로","기타단일로","이륜차","이륜차","보행자","보행자","1117578","1838031","128.81342994","36.53277569"
"2017","2017-09-03 17","50","주간","일","1","2","0","1","0","경기","김포시","차대차","측면충돌","측면충돌","운전자법규위반","교차로 통행방법 위반","교차로","교차로내","승용차","승용차","이륜차","이륜차","921016","1959768","126.60482288","37.63398575"
"2017","2017-09-03 19","50","야간","일","1","1","0","0","0","충북","청주시","차대차","측면충돌","측면충돌","운전자법규위반","신호위반","교차로","교차로횡단보도내","승용차","승용차","자전거","자전거","999022","1847414","127.48906182","36.62459656"
"2017","2017-09-03 21","00","야간","일","1","1","0","0","0","충남","당진시","차대사람","차도통행중","차도통행중","운전자법규위반","안전운전 의무 불이행","단일로","기타단일로","승용차","승용차","보행자","보행자","937753","1875919","126.80151285","36.87951135"
"2017","2017-09-03 22","58","야간","일","1","1","0","0","0","경기","포천시","차대사람","길가장자리구역통행중","길가장자리구역통행중","운전자법규위반","안전운전 의무 불이행","단일로","기타단일로","승용차","승용차","보행자","보행자","976544","1977286","127.23357951","37.79497619"
"2017","2017-09-04 09","25","주간","월","1","5","0","4","0","경기","구리시","차대차","측면충돌","측면충돌","운전자법규위반","안전운전 의무 불이행","단일로","기타단일로","이륜차","이륜차","승용차","승용차","968328","1959000","127.14105703","37.62991349"
"2017","2017-09-04 11","40","주간","월","1","1","0","0","0","충북","진천군","차대차","측면충돌","측면충돌","운전자법규위반","교차로 통행방법 위반","교차로","교차로내","승용차","승용차","이륜차","이륜차","994531","1887806","127.43854313","36.98870387"
"2017","2017-09-04 12","15","주간","월","1","1","0","0","0","충북","보은군","차대차","측면충돌","측면충돌","운전자법규위반","신호위반","교차로","교차로내","승용차","승용차","승용차","승용차","1009745","1831153","127.60878464","36.47795275"
"2017","2017-09-04 14","35","주간","월","1","4","3","0","0","강원","홍천군","차대사람","기타","기타","운전자법규위반","안전운전 의무 불이행","주차장","주차장","승용차","승용차","보행자","보행자","1042971","1977865","127.98810651","37.79948492"
"2017","2017-09-04 15","05","주간","월","1","1","0","0","0","충북","괴산군","차대차","추돌","추돌","운전자법규위반","안전운전 의무 불이행","단일로","기타단일로","승용차","승용차","화물차","화물차","1042974","1863093","127.98150422","36.76496724"
"2017","2017-09-04 17","55","주간","월","1","1","0","0","0","강원","동해시","차대차","측면충돌","측면충돌","운전자법규위반","신호위반","교차로","교차로부근","승용차","승용차","자전거","자전거","1143639","1947153","129.12527196","37.51249232"
"2017","2017-09-04 19","05","야간","월","2","3","0","1","0","전남","강진군","차대사람","차도통행중","차도통행중","운전자법규위반","안전운전 의무 불이행","단일로","기타단일로","원동기장치자전거","원동기장치자전거","보행자","보행자","931301","1625466","126.75059364","34.62109954"
"2017","2017-09-04 19","43","야간","월","1","1","0","0","0","인천","서구","차대사람","차도통행중","차도통행중","운전자법규위반","안전운전 의무 불이행","단일로","교량위","승용차","승용차","보행자","보행자","927062","1943100","126.67499742","37.4842631"
"2017","2017-09-04 20","15","야간","월","1","2","1","0","0","경기","양평군","차대차","정면충돌","정면충돌","운전자법규위반","중앙선 침범","단일로","기타단일로","승합차","승합차","화물차","화물차","1002397","1943944","127.52711653","37.49474803"
"2017","2017-09-05 04","20","야간","화","1","1","0","0","0","부산","서구","차대사람","횡단중","횡단중","운전자법규위반","안전운전 의무 불이행","단일로","기타단일로","승용차","승용차","보행자","보행자","1138974","1677994","129.02453825","35.08749557"
"2017","2017-09-05 04","00","야간","화","1","1","0","0","0","부산","기장군","차대사람","기타","기타","운전자법규위반","안전운전 의무 불이행","교차로","교차로부근","승용차","승용차","보행자","보행자","1153214","1703556","129.18167083","35.31833985"
"2017","2017-09-05 08","20","주간","화","1","1","0","0","0","서울","중랑구","차대사람","횡단중","횡단중","운전자법규위반","안전운전 의무 불이행","단일로","기타단일로","화물차","화물차","보행자","보행자","965204","1955758","127.10580735","37.60057944"
"2017","2017-09-05 09","40","주간","화","1","1","0","0","0","강원","춘천시","차대차","측면충돌","측면충돌","운전자법규위반","안전운전 의무 불이행","단일로","기타단일로","승용차","승용차","자전거","자전거","1020232","1989701","127.73014916","37.9069504"
"2017","2017-09-05 10","10","주간","화","1","2","0","1","0","경기","화성시","차대차","정면충돌","정면충돌","운전자법규위반","안전운전 의무 불이행","단일로","기타단일로","화물차","화물차","화물차","화물차","949253","1905363","126.92856673","37.14560683"
"2017","2017-09-05 11","57","주간","화","1","2","1","0","0","경북","고령군","차대차","정면충돌","정면충돌","운전자법규위반","중앙선 침범","단일로","기타단일로","승용차","승용차","승용차","승용차","1068034","1746010","128.25209337","35.70802002"
"2017","2017-09-05 15","20","주간","화","1","1","0","0","0","충남","보령시","차대사람","횡단중","횡단중","운전자법규위반","안전운전 의무 불이행","단일로","기타단일로","승용차","승용차","보행자","보행자","924606","1821689","126.65932833","36.38972319"
"2017","2017-09-05 16","30","주간","화","1","1","0","0","0","울산","울주군","차대차","정면충돌","정면충돌","운전자법규위반","중앙선 침범","단일로","기타단일로","화물차","화물차","이륜차","이륜차","1156003","1737739","129.22267611","35.62347636"
"2017","2017-09-05 20","00","야간","화","2","2","0","0","0","전북","전주시","차대사람","횡단중","횡단중","운전자법규위반","안전운전 의무 불이행","교차로","교차로내","승합차","승합차","보행자","보행자","968282","1756485","127.14907023","35.80452087"
"2017","2017-09-06 03","32","야간","수","1","1","0","0","0","경기","하남시","차대차","정면충돌","정면충돌","운전자법규위반","과속","단일로","기타단일로","승용차","승용차","화물차","화물차","968465","1946168","127.14316191","37.5142585"
"2017","2017-09-06 05","14","야간","수","1","1","0","0","0","경북","경산시","차대차","측면충돌","측면충돌","운전자법규위반","안전운전 의무 불이행","교차로","교차로내","승용차","승용차","화물차","화물차","1112474","1759267","128.74514088","35.82344898"
"2017","2017-09-06 08","00","주간","수","1","1","0","0","0","경기","화성시","차량단독","공작물충돌","공작물충돌","운전자법규위반","안전운전 의무 불이행","단일로","기타단일로","승용차","승용차","없음","없음","925355","1908096","126.65921429","37.16863723"
"2017","2017-09-06 13","24","주간","수","1","1","0","0","0","대전","대덕구","차대사람","횡단중","횡단중","운전자법규위반","안전운전 의무 불이행","교차로","교차로횡단보도내","특수차","특수차","보행자","보행자","993404","1826818","127.42640494","36.43889853"
"2017","2017-09-06 15","04","주간","수","1","4","0","3","0","서울","강남구","차대차","추돌","추돌","운전자법규위반","안전운전 의무 불이행","단일로","기타단일로","화물차","화물차","화물차","화물차","965645","1942629","127.11141783","37.48225915"
"2017","2017-09-06 17","10","주간","수","1","1","0","0","0","강원","춘천시","차대사람","차도통행중","차도통행중","운전자법규위반","안전운전 의무 불이행","교차로","교차로횡단보도내","화물차","화물차","보행자","보행자","1022207","1989765","127.75261756","37.90748115"
"2017","2017-09-06 22","30","야간","수","1","1","0","0","0","경기","부천시","차대사람","차도통행중","차도통행중","운전자법규위반","안전운전 의무 불이행","단일로","기타단일로","승용차","승용차","보행자","보행자","938255","1942765","126.8016203","37.48205994"
"2017","2017-09-07 00","22","야간","목","1","3","2","0","0","전남","광양시","차대차","정면충돌","정면충돌","운전자법규위반","중앙선 침범","단일로","기타단일로","승용차","승용차","화물차","화물차","1006978","1663080","127.57643505","34.96257108"
"2017","2017-09-07 01","44","야간","목","1","2","1","0","0","광주","광산구","차대차","정면충돌","정면충돌","운전자법규위반","중앙선 침범","단일로","기타단일로","승용차","승용차","승용차","승용차","942403","1688799","126.86732776","35.19285907"
"2017","2017-09-07 04","03","야간","목","1","2","1","0","0","충북","증평군","차량단독","공작물충돌","공작물충돌","운전자법규위반","안전운전 의무 불이행","단일로","기타단일로","승용차","승용차","없음","없음","1006337","1864878","127.57101917","36.78201174"
"2017","2017-09-07 04","45","야간","목","1","2","0","1","0","경기","부천시","차대차","정면충돌","정면충돌","운전자법규위반","안전운전 의무 불이행","교차로","교차로내","승용차","승용차","승합차","승합차","935929","1946473","126.77499042","37.5153215"
"2017","2017-09-07 10","56","주간","목","1","1","0","0","0","경남","통영시","차대차","측면충돌","측면충돌","운전자법규위반","중앙선 침범","교차로","교차로부근","승용차","승용차","사륜오토바이(ATV)","사륜오토바이(ATV)","1075153","1657034","128.32262302","34.90529112"
"2017","2017-09-07 11","50","주간","목","1","1","0","0","0","충남","공주시","차량단독","도로이탈","도로이탈 추락","운전자법규위반","안전운전 의무 불이행","단일로","기타단일로","화물차","화물차","없음","없음","963221","1824670","127.08974376","36.4188516"
"2017","2017-09-07 16","28","주간","목","1","3","0","0","2","충북","충주시","차대차","기타","기타","운전자법규위반","안전운전 의무 불이행","교차로","교차로내","이륜차","이륜차","승용차","승용차","1024538","1905751","127.77632606","37.15015971"
"2017","2017-09-07 16","30","주간","목","1","1","0","0","0","광주","남구","차대차","정면충돌","정면충돌","운전자법규위반","안전운전 의무 불이행","단일로","기타단일로","승용차","승용차","자전거","자전거","944974","1679861","126.89649646","35.11259485"
"2017","2017-09-07 19","15","야간","목","1","1","0","0","0","경북","포항시","차량단독","전도","전도","운전자법규위반","안전운전 의무 불이행","단일로","기타단일로","승용차","승용차","없음","없음","1167233","1775764","129.35457644","35.96430347"
"2017","2017-09-07 20","25","야간","목","1","1","0","0","0","서울","강동구","차대사람","기타","기타","운전자법규위반","안전운전 의무 불이행","단일로","기타단일로","승합차","승합차","보행자","보행자","970242","1950826","127.16308061","37.55630222"
"2017","2017-09-07 22","20","야간","목","1","1","0","0","0","경북","김천시","차대차","추돌","추돌","운전자법규위반","안전운전 의무 불이행","단일로","기타단일로","화물차","화물차","승용차","승용차","1048702","1794341","128.04135668","36.14490121"
"2017","2017-09-08 07","15","주간","금","1","1","0","0","0","경북","문경시","차대사람","횡단중","횡단중","운전자법규위반","안전운전 의무 불이행","교차로","교차로내","화물차","화물차","보행자","보행자","1067523","1854616","128.25579767","36.68712402"
"2017","2017-09-08 07","24","주간","금","1","1","0","0","0","경기","부천시","차대차","추돌","추돌","운전자법규위반","안전운전 의무 불이행","단일로","기타단일로","화물차","화물차","자전거","자전거","938576","1947352","126.80486758","37.52342396"
"2017","2017-09-08 07","30","주간","금","1","1","0","0","0","경북","영천시","차량단독","도로이탈","도로이탈 추락","운전자법규위반","안전운전 의무 불이행","단일로","기타단일로","화물차","화물차","없음","없음","1137652","1771191","129.02585281","35.92770908"
"2017","2017-09-08 09","20","주간","금","1","1","0","0","0","부산","서구","차량단독","공작물충돌","공작물충돌","운전자법규위반","안전운전 의무 불이행","단일로","기타단일로","자전거","자전거","없음","없음","1138722","1677618","129.02172257","35.08413453"
"2017","2017-09-08 16","15","주간","금","1","2","1","0","0","경기","이천시","차대차","측면충돌","측면충돌","운전자법규위반","안전거리 미확보","교차로","교차로부근","승용차","승용차","이륜차","이륜차","994530","1919677","127.43829907","37.27599616"
"2017","2017-09-08 16","55","주간","금","1","3","1","1","0","충북","충주시","차대차","추돌","추돌","운전자법규위반","안전운전 의무 불이행","단일로","기타단일로","화물차","화물차","화물차","화물차","1023934","1893539","127.76913479","37.04009414"
"2017","2017-09-08 19","15","야간","금","1","1","0","0","0","충남","공주시","차대사람","차도통행중","차도통행중","운전자법규위반","신호위반","교차로","교차로내","이륜차","이륜차","보행자","보행자","967525","1831148","127.13748076","36.47740662"
"2017","2017-09-08 22","01","야간","금","1","1","0","0","0","경북","구미시","차대사람","횡단중","횡단중","운전자법규위반","안전운전 의무 불이행","교차로","교차로내","승용차","승용차","보행자","보행자","1074599","1801668","128.32989375","36.20930511"
"2017","2017-09-08 22","33","야간","금","1","1","0","0","0","대전","서구","차대사람","기타","기타","운전자법규위반","안전운전 의무 불이행","교차로","교차로부근","승용차","승용차","보행자","보행자","990966","1815505","127.39933448","36.33688807"
"2017","2017-09-08 23","12","야간","금","1","1","0","0","0","부산","사상구","차대사람","횡단중","횡단중","운전자법규위반","안전운전 의무 불이행","교차로","교차로횡단보도내","승용차","승용차","보행자","보행자","1134486","1687044","128.97679218","35.16968345"
"2017","2017-09-09 00","55","야간","토","1","1","0","0","0","제주","서귀포시","차량단독","공작물충돌","공작물충돌","운전자법규위반","안전운전 의무 불이행","단일로","기타단일로","이륜차","이륜차","없음","없음","944899","1497493","126.90700852","33.46781375"
"2017","2017-09-09 02","15","야간","토","1","1","0","0","0","부산","동구","차대사람","기타","기타","운전자법규위반","안전운전 의무 불이행","단일로","기타단일로","승용차","승용차","보행자","보행자","1140054","1681181","129.03692125","35.11607379"
"2017","2017-09-09 04","45","야간","토","1","2","0","1","0","전남","나주시","차대사람","보도통행중","보도통행중","운전자법규위반","기타(운전자법규위반)","교차로","교차로부근","승용차","승용차","보행자","보행자","928483","1672243","126.71594135","35.04296256"
"2017","2017-09-09 04","35","야간","토","1","2","1","0","0","서울","성북구","차대사람","횡단중","횡단중","운전자법규위반","안전운전 의무 불이행","단일로","기타단일로","승용차","승용차","보행자","보행자","960550","1956684","127.05303513","37.60873782"
"2017","2017-09-09 04","40","야간","토","1","2","0","0","1","경기","용인시","차대차","정면충돌","정면충돌","운전자법규위반","중앙선 침범","교차로","교차로부근","승용차","승용차","승용차","승용차","963833","1917291","127.09216128","37.25380239"
"2017","2017-09-09 08","13","주간","토","1","3","0","2","0","경북","영주시","차대차","측면충돌","측면충돌","운전자법규위반","안전운전 의무 불이행","단일로","기타단일로","화물차","화물차","승용차","승용차","1099874","1870483","128.61980867","36.82734916"
"2017","2017-09-09 09","21","주간","토","1","1","0","0","0","경남","함안군","차대차","측면충돌","측면충돌","운전자법규위반","교차로 통행방법 위반","교차로","교차로내","화물차","화물차","이륜차","이륜차","1072504","1702090","128.29757797","35.31172718"
"2017","2017-09-09 12","00","주간","토","1","1","0","0","0","경북","안동시","차량단독","전도전복","전도전복","운전자법규위반","안전운전 의무 불이행","단일로","기타단일로","사륜오토바이(ATV)","사륜오토바이(ATV)","없음","없음","1086331","1838688","128.4645051","36.54203104"
"2017","2017-09-09 13","37","주간","토","1","2","1","0","0","충북","괴산군","차대차","정면충돌","정면충돌","운전자법규위반","안전운전 의무 불이행","단일로","기타단일로","이륜차","이륜차","승용차","승용차","1029621","1870840","127.83219416","36.83531462"
"2017","2017-09-09 14","30","주간","토","1","1","0","0","0","경기","평택시","차량단독","전도","전도","운전자법규위반","안전운전 의무 불이행","단일로","기타단일로","기타","기타","없음","없음","953020","1890826","126.97189277","37.01476834"
"2017","2017-09-09 15","10","주간","토","1","1","0","0","0","전남","장흥군","차대사람","기타","기타","운전자법규위반","교차로 통행방법 위반","교차로","교차로내","화물차","화물차","보행자","보행자","948519","1625160","126.9384263","34.61934941"
"2017","2017-09-09 19","20","야간","토","1","1","0","0","0","경기","김포시","차대사람","횡단중","횡단중","운전자법규위반","안전운전 의무 불이행","기타","기타","승용차","승용차","보행자","보행자","935753","1955940","126.77216951","37.60063391"
"2017","2017-09-09 20","50","야간","토","1","1","0","0","0","인천","옹진군","차대차","측면충돌","측면충돌","운전자법규위반","중앙선 침범","단일로","교량위","화물차","화물차","이륜차","이륜차","912388","1917703","126.51204666","37.25409665"
"2017","2017-09-09 23","49","야간","토","1","2","1","0","0","경기","양평군","차대차","정면충돌","정면충돌","운전자법규위반","중앙선 침범","교차로","교차로내","승용차","승용차","승용차","승용차","999530","1944906","127.49468242","37.50342217"
"2017","2017-09-10 00","58","야간","일","1","1","0","0","0","부산","북구","차대사람","횡단중","횡단중","운전자법규위반","과속","단일로","기타단일로","승용차","승용차","보행자","보행자","1137726","1694098","129.01353398","35.2328446"
"2017","2017-09-10 02","25","야간","일","1","4","0","3","0","강원","강릉시","차대차","측면충돌","측면충돌","운전자법규위반","안전운전 의무 불이행","교차로","교차로내","승용차","승용차","이륜차","이륜차","1123051","1975435","128.8971532","37.77031049"
"2017","2017-09-10 02","15","야간","일","1","1","0","0","0","강원","강릉시","차량단독","기타","기타","운전자법규위반","안전운전 의무 불이행","교차로","교차로부근","승용차","승용차","없음","없음","1122467","1969429","128.8893372","37.71663901"
"2017","2017-09-10 04","10","야간","일","1","1","0","0","0","울산","동구","차량단독","기타","기타","운전자법규위반","안전운전 의무 불이행","단일로","기타단일로","이륜차","이륜차","없음","없음","1173550","1728093","129.41427811","35.53362534"
"2017","2017-09-10 05","50","야간","일","1","1","0","0","0","전남","목포시","차대사람","횡단중","횡단중","운전자법규위반","안전운전 의무 불이행","단일로","기타단일로","승용차","승용차","보행자","보행자","898297","1645289","126.38822896","34.79708448"
"2017","2017-09-10 07","00","주간","일","1","1","0","0","0","세종","세종","차대사람","기타","기타","운전자법규위반","안전운전 의무 불이행","단일로","기타단일로","화물차","화물차","보행자","보행자","989651","1836901","127.38439583","36.52976558"
"2017","2017-09-10 09","05","주간","일","1","3","0","1","1","강원","원주시","차대차","정면충돌","정면충돌","운전자법규위반","교차로 통행방법 위반","교차로","교차로내","승용차","승용차","이륜차","이륜차","1039339","1930853","127.9443259","37.37591729"
"2017","2017-09-10 09","30","주간","일","1","1","0","0","0","전북","정읍시","차량단독","도로이탈","도로이탈 추락","운전자법규위반","안전운전 의무 불이행","단일로","기타단일로","승합차","승합차","없음","없음","945521","1725090","126.89915659","35.52024784"
"2017","2017-09-10 12","06","주간","일","1","1","0","0","0","부산","부산진구","차대차","기타","기타","운전자법규위반","앞지르기 금지위반","교차로","교차로내","승용차","승용차","이륜차","이륜차","1141483","1686594","129.05352464","35.16466627"
"2017","2017-09-10 13","30","주간","일","1","1","0","0","0","경남","창원시(통합)","차대사람","기타","기타","운전자법규위반","안전운전 의무 불이행","교차로","교차로내","승용차","승용차","보행자","보행자","1105513","1695047","128.65973081","35.24529354"
"2017","2017-09-10 16","25","주간","일","1","4","3","0","0","충남","공주시","차대차","추돌","추돌","운전자법규위반","안전운전 의무 불이행","단일로","기타단일로","승용차","승용차","승용차","승용차","968153","1821827","127.14487404","36.39339785"
"2017","2017-09-10 17","15","주간","일","1","6","3","2","0","광주","동구","차대차","추돌","추돌","운전자법규위반","안전운전 의무 불이행","교차로","교차로부근","승용차","승용차","승용차","승용차","947696","1683359","126.92576557","35.14411743"
"2017","2017-09-10 17","00","주간","일","1","2","0","1","0","전북","익산시","차대차","정면충돌","정면충돌","운전자법규위반","중앙선 침범","단일로","기타단일로","승용차","승용차","승용차","승용차","956311","1782922","127.01499737","36.04219237"
"2017","2017-09-10 23","20","야간","일","1","2","0","1","0","대구","동구","차대차","측면충돌","측면충돌","운전자법규위반","안전운전 의무 불이행","단일로","기타단일로","승용차","승용차","승용차","승용차","1107067","1764203","128.68595693","35.8685484"
"2017","2017-09-11 01","18","야간","월","1","1","0","0","0","충북","청주시","차대사람","기타","기타","운전자법규위반","과속","단일로","기타단일로","화물차","화물차","보행자","보행자","999900","1845334","127.49888185","36.60584582"
"2017","2017-09-11 04","47","야간","월","1","1","0","0","0","경기","부천시","차량단독","기타","기타","운전자법규위반","안전운전 의무 불이행","단일로","기타단일로","승용차","승용차","없음","없음","939466","1941722","126.81540242","37.47273948"
"2017","2017-09-11 04","30","야간","월","2","5","1","2","0","전북","군산시","차대차","기타","기타","운전자법규위반","안전운전 의무 불이행","단일로","기타단일로","승용차","승용차","화물차","화물차","937085","1778972","126.80189097","36.00552893"
"2017","2017-09-11 05","30","야간","월","1","2","1","0","0","경남","거제시","차량단독","공작물충돌","공작물충돌","운전자법규위반","과속","단일로","기타단일로","승용차","승용차","없음","없음","1107483","1653614","128.67601081","34.87154736"
"2017","2017-09-11 05","40","야간","월","1","2","0","1","0","경기","남양주시","차대차","기타","기타","운전자법규위반","신호위반","교차로","교차로내","승합차","승합차","화물차","화물차","972923","1966845","127.19284079","37.70076963"
"2017","2017-09-11 09","25","주간","월","2","2","0","0","0","강원","영월군","차량단독","도로이탈","도로이탈 추락","운전자법규위반","안전운전 의무 불이행","단일로","기타단일로","승용차","승용차","없음","없음","1090767","1910286","128.52262257","37.18694762"
"2017","2017-09-11 09","30","주간","월","1","1","0","0","0","경북","의성군","차량단독","전도","전도","운전자법규위반","안전운전 의무 불이행","기타","기타","사륜오토바이(ATV)","사륜오토바이(ATV)","없음","없음","1113122","1807158","128.75916764","36.25505021"
"2017","2017-09-11 11","30","주간","월","1","1","0","0","0","전북","전주시","차대사람","횡단중","횡단중","운전자법규위반","안전운전 의무 불이행","단일로","기타단일로","승용차","승용차","보행자","보행자","967976","1758985","127.14554068","35.82692381"
"2017","2017-09-11 11","00","주간","월","1","1","0","0","0","울산","동구","차대차","측면충돌","측면충돌","운전자법규위반","안전운전 의무 불이행","단일로","기타단일로","화물차","화물차","화물차","화물차","1175246","1722404","129.43174709","35.48206035"
"2017","2017-09-11 13","20","주간","월","1","2","1","0","0","충북","충주시","차대차","측면충돌","측면충돌","운전자법규위반","중앙선 침범","단일로","기타단일로","승용차","승용차","승용차","승용차","1025081","1886700","127.78180484","36.97841534"
"2017","2017-09-11 14","30","주간","월","1","1","0","0","0","강원","춘천시","차량단독","전도전복","전도전복","운전자법규위반","안전운전 의무 불이행","단일로","기타단일로","화물차","화물차","없음","없음","1024326","1986304","127.77660544","37.87623309"
"2017","2017-09-11 16","45","주간","월","1","1","0","0","0","서울","송파구","차대사람","기타","기타","운전자법규위반","안전운전 의무 불이행","단일로","기타단일로","승용차","승용차","보행자","보행자","966504","1948897","127.12084793","37.53878703"
"2017","2017-09-11 19","46","야간","월","1","1","0","0","0","경기","안성시","차대사람","기타","기타","운전자법규위반","안전운전 의무 불이행","단일로","기타단일로","화물차","화물차","보행자","보행자","994691","1891651","127.440314","37.02336522"
"2017","2017-09-11 19","10","야간","월","1","1","0","0","0","경남","창원시(통합)","차대사람","길가장자리구역통행중","길가장자리구역통행중","운전자법규위반","안전운전 의무 불이행","단일로","기타단일로","승용차","승용차","보행자","보행자","1086390","1679458","128.44793854","35.10657567"
"2017","2017-09-11 20","50","야간","월","1","1","0","0","0","경기","안성시","차대사람","기타","기타","운전자법규위반","안전운전 의무 불이행","단일로","기타단일로","승용차","승용차","보행자","보행자","977940","1891723","127.25199115","37.02377011"
"2017","2017-09-11 20","50","야간","월","1","1","0","0","0","경남","거창군","차대차","추돌","추돌","운전자법규위반","안전운전 의무 불이행","단일로","기타단일로","화물차","화물차","화물차","화물차","1032677","1732455","127.86069436","35.58761194"
"2017","2017-09-11 20","20","야간","월","1","4","0","3","0","전북","전주시","차대차","추돌","추돌","운전자법규위반","안전운전 의무 불이행","단일로","기타단일로","화물차","화물차","승용차","승용차","966522","1765632","127.12907954","35.88671399"
"2017","2017-09-11 23","55","야간","월","1","1","0","0","0","경기","안산시","차대사람","횡단중","횡단중","운전자법규위반","안전운전 의무 불이행","단일로","기타단일로","승용차","승용차","보행자","보행자","946977","1922658","126.90170907","37.30137068"
"2017","2017-09-12 05","32","야간","화","1","1","0","0","0","경기","광주시","차대사람","기타","기타","운전자법규위반","안전운전 의무 불이행","단일로","기타단일로","승용차","승용차","보행자","보행자","992726","1930695","127.41784213","37.37529922"
"2017","2017-09-12 05","35","야간","화","1","1","0","0","0","경기","성남시","차대사람","횡단중","횡단중","운전자법규위반","안전운전 의무 불이행","단일로","기타단일로","화물차","화물차","보행자","보행자","968829","1934235","127.14778558","37.40671211"
"2017","2017-09-12 08","15","주간","화","1","1","0","0","0","경기","고양시","차대사람","횡단중","횡단중","운전자법규위반","신호위반","교차로","교차로부근","승합차","승합차","보행자","보행자","937921","1969802","126.79554853","37.72571735"
"2017","2017-09-12 10","50","주간","화","1","1","0","0","0","전북","김제시","차량단독","기타","기타","운전자법규위반","안전운전 의무 불이행","기타","기타","농기계","농기계","없음","없음","950703","1763453","126.95395331","35.86639964"
"2017","2017-09-12 10","33","주간","화","1","1","0","0","0","경북","상주시","차대차","추돌","추돌","운전자법규위반","안전운전 의무 불이행","교차로","교차로부근","승용차","승용차","자전거","자전거","1059808","1829967","128.16753246","36.46544346"
"2017","2017-09-12 10","25","주간","화","1","5","4","0","0","전남","영광군","차대차","측면충돌","측면충돌","운전자법규위반","신호위반","교차로","교차로내","승용차","승용차","승용차","승용차","913837","1701706","126.55222388","35.30718084"
"2017","2017-09-12 12","53","주간","화","1","1","0","0","0","경남","창녕군","차대사람","기타","기타","운전자법규위반","안전운전 의무 불이행","교차로","교차로내","화물차","화물차","보행자","보행자","1085087","1733349","128.439251","35.59255236"
"2017","2017-09-12 12","00","주간","화","1","1","0","0","0","경남","고성군","차대사람","차도통행중","차도통행중","운전자법규위반","안전운전 의무 불이행","단일로","기타단일로","승용차","승용차","보행자","보행자","1058781","1658421","128.1435245","34.9188785"
"2017","2017-09-12 14","39","주간","화","1","1","0","0","0","서울","강서구","차대차","기타","기타","운전자법규위반","신호위반","교차로","교차로내","승합차","승합차","이륜차","이륜차","938048","1953819","126.79834639","37.58167512"