"발생년","발생년월일시","발생분","주야","요일","사망자수","사상자수","중상자수","경상자수","부상신고자수","발생지시도","발생지시군구","사고유형_대분류","사고유형_중분류","사고유형","법규위반_대분류","법규위반","도로형태_대분류","도로형태","당사자종별_1당_대분류","당사자종별_1당","당사자종별_2당_대분류","당사자종별_2당","발생위치X_UTMK","발생위치Y_UTMK","경도","위도"
"2017","2017-09-29 01","50","야간","금","1","1","0","0","0","서울","강남구","차대사람","기타","기타","운전자법규위반","안전운전 의무 불이행","단일로","기타단일로","승용차","승용차","보행자","보행자","958007","1945041","127.0248908","37.50368368"
"2017","2017-09-29 05","10","야간","금","1","1","0","0","0","서울","강남구","차대사람","보도통행중","보도통행중","운전자법규위반","신호위반","교차로","교차로부근","승용차","승용차","보행자","보행자","958912","1946342","127.03505694","37.5154508"
"2017","2017-09-29 06","34","주간","금","1","1","0","0","0","서울","강남구","차대차","추돌","추돌","운전자법규위반","과속","단일로","기타단일로","승용차","승용차","이륜차","이륜차","960095","1941705","127.0486947","37.47370762"
"2017","2017-09-29 06","30","주간","금","1","1","0","0","0","경남","창녕군","차대차","측면충돌","측면충돌","운전자법규위반","신호위반","교차로","교차로내","자전거","자전거","승용차","승용차","1093171","1718206","128.52673525","35.45530667"
"2017","2017-09-29 07","52","주간","금","1","1","0","0","0","경기","안산시","차대차","측면충돌","측면충돌","운전자법규위반","안전운전 의무 불이행","단일로","기타단일로","이륜차","이륜차","화물차","화물차","941570","1927749","126.84030108","37.34693344"
"2017","2017-09-29 10","10","주간","금","1","1","0","0","0","부산","사하구","차대사람","횡단중","횡단중","운전자법규위반","안전운전 의무 불이행","교차로","교차로횡단보도내","승용차","승용차","보행자","보행자","1136633","1678170","128.99959141","35.08942152"
"2017","2017-09-29 10","25","주간","금","1","1","0","0","0","강원","평창군","차대차","정면충돌","정면충돌","운전자법규위반","중앙선 침범","단일로","기타단일로","승용차","승용차","건설기계","건설기계","1091707","1960970","128.53950585","37.64363606"
"2017","2017-09-29 11","30","주간","금","1","2","0","1","0","전북","순창군","차대차","측면충돌","측면충돌","운전자법규위반","신호위반","교차로","교차로내","승합차","승합차","승용차","승용차","967731","1706891","127.14482423","35.35712594"
"2017","2017-09-29 11","40","주간","금","1","1","0","0","0","전북","익산시","차대차","기타","기타","운전자법규위반","안전운전 의무 불이행","교차로","교차로부근","승용차","승용차","이륜차","이륜차","951832","1773888","126.96588468","35.96092241"
"2017","2017-09-29 14","47","주간","금","1","1","0","0","0","경기","이천시","차량단독","전도전복","전도전복","운전자법규위반","안전운전 의무 불이행","단일로","기타단일로","사륜오토바이(ATV)","사륜오토바이(ATV)","없음","없음","996323","1917518","127.45853456","37.2565437"
"2017","2017-09-29 15","36","주간","금","1","1","0","0","0","전북","군산시","차대사람","횡단중","횡단중","운전자법규위반","보행자 보호의무 위반","단일로","기타단일로","승용차","승용차","보행자","보행자","929963","1775805","126.72315098","35.97649208"
"2017","2017-09-29 15","45","주간","금","1","2","0","1","0","부산","기장군","차대차","측면충돌","측면충돌","운전자법규위반","신호위반","교차로","교차로내","이륜차","이륜차","승용차","승용차","1152037","1703929","129.17256335","35.31937589"
"2017","2017-09-29 16","00","주간","금","1","1","0","0","0","강원","홍천군","차대차","측면충돌","측면충돌","운전자법규위반","직진 및 우회전차의 통행방해","교차로","교차로내","이륜차","이륜차","승용차","승용차","1038042","1964833","127.93223647","37.6819678"
"2017","2017-09-29 19","00","야간","금","2","2","0","0","0","전남","해남군","차대차","추돌","추돌","운전자법규위반","안전운전 의무 불이행","단일로","기타단일로","화물차","화물차","농기계","농기계","909253","1605380","126.51225078","34.43827373"
"2017","2017-09-29 19","00","야간","금","1","1","0","0","0","전북","고창군","차량단독","도로이탈","도로이탈 추락","운전자법규위반","안전운전 의무 불이행","단일로","기타단일로","농기계","농기계","없음","없음","924812","1722728","126.67099646","35.49759886"
"2017","2017-09-29 20","00","야간","금","1","1","0","0","0","경기","오산시","차대차","측면충돌","측면충돌","운전자법규위반","안전운전 의무 불이행","단일로","기타단일로","승용차","승용차","이륜차","이륜차","959058","1905516","127.03896327","37.14746682"
"2017","2017-09-29 21","26","야간","금","1","2","0","1","0","경북","경산시","차대사람","길가장자리구역통행중","길가장자리구역통행중","운전자법규위반","안전운전 의무 불이행","단일로","기타단일로","이륜차","이륜차","보행자","보행자","1111465","1759985","128.73407331","35.8300363"
"2017","2017-09-30 01","00","야간","토","1","1","0","0","0","충북","충주시","차량단독","공작물충돌","공작물충돌","운전자법규위반","안전운전 의무 불이행","교차로","교차로내","승용차","승용차","없음","없음","1035633","1882858","127.90018136","36.94344191"
"2017","2017-09-30 04","15","야간","토","1","1","0","0","0","서울","강남구","차대차","기타","기타","운전자법규위반","안전운전 의무 불이행","단일로","교량위","승용차","승용차","이륜차","이륜차","960749","1947669","127.05577254","37.52749152"
"2017","2017-09-30 04","14","야간","토","1","1","0","0","0","광주","서구","차대사람","횡단중","횡단중","운전자법규위반","과속","교차로","교차로횡단보도내","승용차","승용차","보행자","보행자","941242","1684239","126.85490036","35.15167603"
"2017","2017-09-30 06","00","주간","토","1","1","0","0","0","경기","용인시","차대사람","기타","기타","운전자법규위반","안전운전 의무 불이행","단일로","기타단일로","화물차","화물차","보행자","보행자","991171","1903751","127.40059845","37.13241171"
"2017","2017-09-30 12","35","주간","토","1","1","0","0","0","전남","곡성군","차량단독","기타","기타","운전자법규위반","안전운전 의무 불이행","교차로","교차로부근","이륜차","이륜차","없음","없음","981242","1698104","127.29373611","35.27823989"
"2017","2017-09-30 13","00","주간","토","1","1","0","0","0","전남","해남군","차량단독","공작물충돌","공작물충돌","운전자법규위반","안전운전 의무 불이행","단일로","기타단일로","승용차","승용차","없음","없음","923306","1607139","126.66503929","34.45527503"
"2017","2017-09-30 14","02","주간","토","1","1","0","0","0","충남","천안시","차대차","측면충돌","측면충돌","운전자법규위반","신호위반","교차로","교차로부근","이륜차","이륜차","화물차","화물차","976007","1879566","127.23064607","36.91413492"
"2017","2017-09-30 14","10","주간","토","1","1","0","0","0","울산","남구","차대차","기타","기타","운전자법규위반","중앙선 침범","단일로","지하차도(도로)내","특수차","특수차","승용차","승용차","1168100","1729103","129.35440208","35.54366642"
"2017","2017-09-30 14","03","주간","토","1","7","0","6","0","경북","청도군","차대차","측면충돌","측면충돌","운전자법규위반","신호위반","교차로","교차로내","이륜차","이륜차","승합차","승합차","1125376","1747281","128.88606046","35.71384716"
"2017","2017-09-30 15","45","주간","토","1","1","0","0","0","전남","무안군","차량단독","기타","기타","운전자법규위반","안전운전 의무 불이행","단일로","기타단일로","농기계","농기계","없음","없음","906204","1652215","126.47387752","34.86028985"
"2017","2017-09-30 16","50","주간","토","1","2","1","0","0","전북","고창군","차대차","측면충돌","측면충돌","운전자법규위반","직진 및 우회전차의 통행방해","교차로","교차로부근","화물차","화물차","이륜차","이륜차","923795","1710736","126.66090722","35.38940372"
"2017","2017-09-30 17","10","주간","토","1","1","0","0","0","전북","김제시","차량단독","도로이탈","도로이탈 기타","운전자법규위반","안전운전 의무 불이행","단일로","기타단일로","화물차","화물차","없음","없음","938403","1760406","126.81795336","35.83823287"
"2017","2017-09-30 17","20","주간","토","1","1","0","0","0","부산","사상구","차대사람","횡단중","횡단중","운전자법규위반","보행자 보호의무 위반","단일로","기타단일로","승용차","승용차","보행자","보행자","1134250","1682928","128.9734735","35.13270244"
"2017","2017-09-30 18","05","야간","토","1","1","0","0","0","경남","합천군","차대차","측면충돌","측면충돌","운전자법규위반","신호위반","교차로","교차로내","자전거","자전거","승용차","승용차","1060759","1730377","128.17049755","35.56755062"
"2017","2017-09-30 18","55","야간","토","1","1","0","0","0","경북","상주시","차대사람","횡단중","횡단중","운전자법규위반","안전운전 의무 불이행","교차로","교차로부근","승용차","승용차","보행자","보행자","1040587","1827464","127.95287823","36.44388605"
"2017","2017-09-30 19","10","야간","토","1","3","1","1","0","경북","성주군","차대사람","길가장자리구역통행중","길가장자리구역통행중","운전자법규위반","안전운전 의무 불이행","기타","기타","화물차","화물차","보행자","보행자","1077285","1768212","128.35649703","35.90749362"
"2017","2017-09-30 19","50","야간","토","1","2","0","0","1","경북","칠곡군","차대차","측면충돌","측면충돌","운전자법규위반","안전운전 의무 불이행","단일로","기타단일로","승용차","승용차","화물차","화물차","1092505","1790409","128.52774153","36.10626669"
"2017","2017-09-30 20","35","야간","토","1","1","0","0","0","충북","옥천군","차대사람","차도통행중","차도통행중","운전자법규위반","안전운전 의무 불이행","교차로","교차로내","이륜차","이륜차","보행자","보행자","1006190","1811734","127.56894501","36.30291328"
"2017","2017-09-30 21","19","야간","토","1","2","1","0","0","경기","안산시","차대차","측면충돌","측면충돌","운전자법규위반","신호위반","교차로","교차로내","원동기장치자전거","원동기장치자전거","승용차","승용차","944556","1922833","126.87437983","37.30280678"
"2017","2017-10-01 02","30","야간","일","1","1","0","0","0","부산","동구","차대사람","횡단중","횡단중","운전자법규위반","안전운전 의무 불이행","단일로","기타단일로","승용차","승용차","보행자","보행자","1142059","1683641","129.05933918","35.13796706"
"2017","2017-10-01 03","30","야간","일","1","3","2","0","0","경남","김해시","차대차","측면충돌","측면충돌","운전자법규위반","중앙선 침범","단일로","기타단일로","승용차","승용차","승용차","승용차","1135064","1699054","128.98510879","35.27786495"
"2017","2017-10-01 04","20","야간","일","1","1","0","0","0","경남","진주시","차대사람","기타","기타","운전자법규위반","과속","단일로","기타단일로","승용차","승용차","보행자","보행자","1070526","1694428","128.27516229","35.2427866"
"2017","2017-10-01 07","10","주간","일","1","2","0","1","0","대구","동구","차대차","측면충돌","측면충돌","운전자법규위반","신호위반","기타","기타","이륜차","이륜차","승용차","승용차","1101380","1764936","128.62306774","35.87576127"
"2017","2017-10-01 11","40","주간","일","1","3","1","1","0","경기","남양주시","차대차","추돌","추돌","운전자법규위반","안전운전 의무 불이행","기타","기타","승용차","승용차","화물차","화물차","971599","1957345","127.17819145","37.61510337"
"2017","2017-10-01 13","35","주간","일","1","1","0","0","0","충남","서천군","차량단독","기타","기타","운전자법규위반","안전운전 의무 불이행","교차로","교차로내","승용차","승용차","없음","없음","928733","1779179","126.70920546","36.00681991"
"2017","2017-10-01 15","35","주간","일","1","1","0","0","0","전북","군산시","차량단독","공작물충돌","공작물충돌","운전자법규위반","안전운전 의무 불이행","교차로","교차로부근","화물차","화물차","없음","없음","931893","1777173","126.74443924","35.98896154"
"2017","2017-10-01 16","25","주간","일","1","1","0","0","0","경기","김포시","차대차","기타","기타","운전자법규위반","안전운전 의무 불이행","단일로","기타단일로","승합차","승합차","자전거","자전거","916869","1968616","126.55681906","37.71335956"
"2017","2017-10-01 18","26","야간","일","1","1","0","0","0","충남","천안시","차량단독","공작물충돌","공작물충돌","운전자법규위반","안전운전 의무 불이행","단일로","기타단일로","화물차","화물차","없음","없음","972342","1867038","127.1899585","36.80110068"
"2017","2017-10-01 19","35","야간","일","1","2","1","0","0","경기","의왕시","차대차","측면충돌","측면충돌","운전자법규위반","안전운전 의무 불이행","단일로","기타단일로","승용차","승용차","승용차","승용차","952635","1929044","126.96514115","37.35923661"
"2017","2017-10-01 19","30","야간","일","1","2","1","0","0","경기","고양시","차대사람","횡단중","횡단중","운전자법규위반","보행자 보호의무 위반","교차로","교차로내","승용차","승용차","보행자","보행자","941444","1958563","126.83642655","37.62465469"
"2017","2017-10-01 20","10","야간","일","3","4","1","0","0","충남","논산시","차대차","정면충돌","정면충돌","운전자법규위반","중앙선 침범","단일로","교량위","승용차","승용차","승용차","승용차","957440","1795973","127.0268253","36.15990349"
"2017","2017-10-01 22","35","야간","일","1","1","0","0","0","광주","북구","차대사람","차도통행중","차도통행중","운전자법규위반","안전운전 의무 불이행","단일로","기타단일로","승용차","승용차","보행자","보행자","947135","1688079","126.91934995","35.18662744"
"2017","2017-10-02 00","10","야간","월","1","1","0","0","0","충남","논산시","차대사람","횡단중","횡단중","운전자법규위반","안전운전 의무 불이행","단일로","기타단일로","화물차","화물차","보행자","보행자","964675","1792690","127.10740842","36.13059639"
"2017","2017-10-02 04","10","야간","월","1","2","1","0","0","경기","의정부시","차대차","추돌","추돌","운전자법규위반","안전운전 의무 불이행","단일로","기타단일로","이륜차","이륜차","승용차","승용차","962573","1972870","127.07512368","37.75470909"
"2017","2017-10-02 04","05","야간","월","1","2","1","0","0","경남","거제시","차량단독","기타","기타","운전자법규위반","안전운전 의무 불이행","단일로","기타단일로","승용차","승용차","없음","없음","1099682","1655857","128.59093869","34.89256573"
"2017","2017-10-02 04","28","야간","월","1","1","0","0","0","서울","동대문구","차량단독","공작물충돌","공작물충돌","운전자법규위반","안전운전 의무 불이행","교차로","교차로내","이륜차","이륜차","없음","없음","961892","1952689","127.06844743","37.57278641"
"2017","2017-10-02 05","02","야간","월","1","1","0","0","0","서울","서대문구","차대사람","횡단중","횡단중","운전자법규위반","보행자 보호의무 위반","단일로","기타단일로","승합차","승합차","보행자","보행자","950350","1954550","126.93761944","37.58900965"
"2017","2017-10-02 05","58","야간","월","1","1","0","0","0","경기","안양시","차대차","측면충돌","측면충돌","운전자법규위반","안전운전 의무 불이행","교차로","교차로내","화물차","화물차","원동기장치자전거","원동기장치자전거","952998","1931616","126.96907673","37.38243773"
"2017","2017-10-02 09","20","주간","월","1","1","0","0","0","광주","동구","차대사람","기타","기타","운전자법규위반","안전운전 의무 불이행","단일로","기타단일로","승용차","승용차","보행자","보행자","947643","1682295","126.92529635","35.13450119"
"2017","2017-10-02 10","00","주간","월","1","1","0","0","0","전남","장성군","차대사람","기타","기타","운전자법규위반","안전운전 의무 불이행","교차로","교차로내","화물차","화물차","보행자","보행자","934129","1705232","126.77512983","35.3405154"
"2017","2017-10-02 11","15","주간","월","1","1","0","0","0","충남","논산시","차대사람","횡단중","횡단중","운전자법규위반","보행자 보호의무 위반","교차로","교차로횡단보도내","화물차","화물차","보행자","보행자","963882","1789805","127.09872781","36.10455734"
"2017","2017-10-02 14","18","주간","월","1","1","0","0","0","광주","북구","차대사람","횡단중","횡단중","운전자법규위반","안전운전 의무 불이행","교차로","교차로내","승용차","승용차","보행자","보행자","945094","1690023","126.89669639","35.20402228"
"2017","2017-10-02 19","00","야간","월","1","1","0","0","0","전북","남원시","차대차","추돌","추돌","운전자법규위반","안전운전 의무 불이행","단일로","기타단일로","화물차","화물차","자전거","자전거","988792","1712494","127.37655885","35.40810626"
"2017","2017-10-02 20","06","야간","월","1","1","0","0","0","경기","용인시","차대차","추돌","추돌","운전자법규위반","안전운전 의무 불이행","교차로","교차로횡단보도내","승용차","승용차","이륜차","이륜차","965611","1917458","127.11220283","37.25537506"
"2017","2017-10-03 01","00","야간","화","1","1","0","0","0","경기","가평군","차량단독","기타","기타","운전자법규위반","안전운전 의무 불이행","단일로","교량위","사륜오토바이(ATV)","사륜오토바이(ATV)","없음","없음","1002912","1967818","127.53303759","37.70993505"
"2017","2017-10-03 01","30","야간","화","1","1","0","0","0","경북","경산시","차대사람","기타","기타","운전자법규위반","안전운전 의무 불이행","교차로","교차로부근","승용차","승용차","보행자","보행자","1114046","1758419","128.76241886","35.81562357"
"2017","2017-10-03 07","47","주간","화","1","2","1","0","0","부산","사상구","차대차","추돌","추돌","운전자법규위반","안전운전 의무 불이행","단일로","기타단일로","승용차","승용차","특수차","특수차","1135561","1686989","128.9885842","35.1690432"
"2017","2017-10-03 08","35","주간","화","1","3","1","1","0","충남","아산시","차대차","측면충돌","측면충돌","운전자법규위반","중앙선 침범","불명","불명","승용차","승용차","승용차","승용차","954357","1852191","126.98924289","36.66656636"
"2017","2017-10-03 10","02","주간","화","1","1","0","0","0","강원","철원군","차량단독","전도전복","전도전복","운전자법규위반","안전운전 의무 불이행","기타","기타","원동기장치자전거","원동기장치자전거","없음","없음","977079","2018977","127.23832517","38.17074378"
"2017","2017-10-03 18","15","야간","화","1","4","2","1","0","충북","음성군","차대차","측면충돌","측면충돌","운전자법규위반","신호위반","교차로","교차로내","승용차","승용차","승합차","승합차","1009847","1892934","127.61072081","37.03489402"
"2017","2017-10-04 02","20","야간","수","1","1","0","0","0","서울","강북구","차대차","측면충돌","측면충돌","운전자법규위반","안전운전 의무 불이행","단일로","기타단일로","승용차","승용차","승용차","승용차","957017","1958336","127.01291072","37.62346918"
"2017","2017-10-04 16","00","주간","수","1","4","0","3","0","충남","금산군","차대차","측면충돌","측면충돌","운전자법규위반","안전운전 의무 불이행","단일로","기타단일로","승용차","승용차","승용차","승용차","996964","1799203","127.46623327","36.18995426"
"2017","2017-10-05 01","50","야간","목","1","1","0","0","0","경기","화성시","차량단독","기타","기타","운전자법규위반","안전운전 의무 불이행","단일로","기타단일로","이륜차","이륜차","없음","없음","943110","1900644","126.85975598","37.10271764"
"2017","2017-10-05 03","50","야간","목","1","1","0","0","0","인천","부평구","차대차","기타","기타","운전자법규위반","안전운전 의무 불이행","교차로","교차로내","승용차","승용차","승용차","승용차","932097","1946085","126.7316679","37.51155041"
"2017","2017-10-05 07","10","주간","목","1","1","0","0","0","경남","창원시(통합)","차대사람","기타","기타","운전자법규위반","안전운전 의무 불이행","단일로","기타단일로","승용차","승용차","보행자","보행자","1101934","1696831","128.62062093","35.26174745"
"2017","2017-10-05 17","30","주간","목","1","1","0","0","0","전남","강진군","차대사람","횡단중","횡단중","운전자법규위반","과속","단일로","기타단일로","승용차","승용차","보행자","보행자","935226","1616051","126.79412483","34.53645642"
"2017","2017-10-05 20","05","야간","목","1","1","0","0","0","광주","서구","차대사람","기타","기타","운전자법규위반","안전운전 의무 불이행","단일로","기타단일로","승용차","승용차","보행자","보행자","943497","1684350","126.88048706","35.15260215"
"2017","2017-10-06 00","30","야간","금","1","1","0","0","0","강원","원주시","차량단독","도로이탈","도로이탈 추락","운전자법규위반","안전운전 의무 불이행","단일로","기타단일로","이륜차","이륜차","없음","없음","1040498","1927514","127.95723356","37.345771"
"2017","2017-10-06 00","00","야간","금","1","1","0","0","0","충남","서산시","차량단독","공작물충돌","공작물충돌","운전자법규위반","중앙선 침범","단일로","기타단일로","승용차","승용차","없음","없음","906272","1864128","126.44975616","36.77063594"
"2017","2017-10-06 03","10","야간","금","1","1","0","0","0","대구","달성군","차량단독","기타","기타","운전자법규위반","안전운전 의무 불이행","단일로","기타단일로","이륜차","이륜차","없음","없음","1083920","1763301","128.42950234","35.86267437"
"2017","2017-10-06 05","12","야간","금","1","1","0","0","0","부산","사상구","차대사람","횡단중","횡단중","운전자법규위반","안전운전 의무 불이행","단일로","기타단일로","승용차","승용차","보행자","보행자","1135125","1686407","128.98370264","35.16385569"
"2017","2017-10-06 05","25","야간","금","1","1","0","0","0","제주","제주시","차대사람","횡단중","횡단중","운전자법규위반","과속","단일로","기타단일로","승용차","승용차","보행자","보행자","913539","1503407","126.5689764","33.51907531"
"2017","2017-10-06 06","50","주간","금","1","1","0","0","0","경기","포천시","차량단독","전도","전도","운전자법규위반","안전운전 의무 불이행","단일로","기타단일로","원동기장치자전거","원동기장치자전거","없음","없음","983275","1992409","127.30968162","37.93142878"
"2017","2017-10-06 14","35","주간","금","1","1","0","0","0","전남","광양시","차대차","측면충돌","측면충돌","운전자법규위반","중앙선 침범","단일로","기타단일로","화물차","화물차","원동기장치자전거","원동기장치자전거","1019127","1661801","127.70948189","34.95088111"
"2017","2017-10-06 15","00","주간","금","1","1","0","0","0","전남","진도군","차대차","기타","기타","운전자법규위반","직진 및 우회전차의 통행방해","교차로","교차로내","승합차","승합차","화물차","화물차","883287","1611321","126.23875985","34.48851418"
"2017","2017-10-06 17","26","주간","금","1","3","2","0","0","전남","진도군","차량단독","공작물충돌","공작물충돌","운전자법규위반","안전운전 의무 불이행","단일로","기타단일로","화물차","화물차","없음","없음","895340","1609388","126.36063079","34.4729198"
"2017","2017-10-06 19","00","야간","금","1","1","0","0","0","경기","여주시","차대사람","차도통행중","차도통행중","운전자법규위반","안전운전 의무 불이행","단일로","기타단일로","승용차","승용차","보행자","보행자","1015472","1925016","127.67463317","37.32400897"
"2017","2017-10-06 20","24","야간","금","1","2","0","1","0","서울","용산구","차대사람","횡단중","횡단중","운전자법규위반","안전운전 의무 불이행","단일로","기타단일로","승용차","승용차","보행자","보행자","954493","1946851","126.98502271","37.51983114"
"2017","2017-10-06 22","20","야간","금","1","1","0","0","0","대구","달서구","차대차","측면충돌","측면충돌","운전자법규위반","신호위반","교차로","교차로내","승용차","승용차","이륜차","이륜차","1096800","1763355","128.57214754","35.86197286"
"2017","2017-10-07 01","50","야간","토","1","1","0","0","0","전남","고흥군","차대사람","길가장자리구역통행중","길가장자리구역통행중","운전자법규위반","안전운전 의무 불이행","교차로","교차로내","화물차","화물차","보행자","보행자","985477","1646815","127.34606981","34.82341209"
"2017","2017-10-07 02","36","야간","토","2","2","0","0","0","전남","목포시","차량단독","공작물충돌","공작물충돌","운전자법규위반","안전운전 의무 불이행","단일로","기타단일로","승용차","승용차","없음","없음","903961","1647106","126.45031883","34.8140616"
"2017","2017-10-07 03","30","야간","토","1","2","0","1","0","전북","군산시","차량단독","공작물충돌","공작물충돌","운전자법규위반","과속","단일로","기타단일로","승용차","승용차","없음","없음","926374","1775173","126.68340409","35.97053023"
"2017","2017-10-07 10","20","주간","토","1","1","0","0","0","강원","철원군","차량단독","전도전복","전도전복","운전자법규위반","안전운전 의무 불이행","단일로","기타단일로","이륜차","이륜차","없음","없음","970113","2029171","127.15837055","38.26241212"
"2017","2017-10-07 21","16","야간","토","1","2","1","0","0","경남","함양군","차대차","정면충돌","정면충돌","운전자법규위반","중앙선 침범","교차로","교차로부근","농기계","농기계","승용차","승용차","1019595","1725232","127.71611934","35.52283105"
"2017","2017-10-07 22","58","야간","토","1","1","0","0","0","인천","부평구","차대사람","기타","기타","운전자법규위반","안전운전 의무 불이행","단일로","기타단일로","승용차","승용차","보행자","보행자","929961","1941524","126.70793506","37.47028328"
"2017","2017-10-08 08","55","주간","일","1","2","1","0","0","광주","북구","차대차","정면충돌","정면충돌","운전자법규위반","중앙선 침범","단일로","기타단일로","승용차","승용차","승용차","승용차","943632","1686865","126.88154582","35.17517716"
"2017","2017-10-08 09","10","주간","일","1","1","0","0","0","전남","보성군","차대차","추돌","추돌","운전자법규위반","안전거리 미확보","단일로","기타단일로","이륜차","이륜차","승용차","승용차","963254","1643779","127.09834632","34.78788325"
"2017","2017-10-08 11","20","주간","일","1","1","0","0","0","경기","성남시","차대사람","차도통행중","차도통행중","운전자법규위반","안전운전 의무 불이행","단일로","터널안","승용차","승용차","보행자","보행자","964981","1932793","127.10437462","37.39357697"
"2017","2017-10-08 11","10","주간","일","1","2","0","1","0","경기","이천시","차대차","기타","기타","운전자법규위반","중앙선 침범","단일로","기타단일로","자전거","자전거","화물차","화물차","1008777","1904190","127.59882125","37.13636944"
"2017","2017-10-08 14","50","주간","일","1","1","0","0","0","경북","청송군","차대사람","기타","기타","운전자법규위반","안전운전 의무 불이행","기타","기타","화물차","화물차","보행자","보행자","1141894","1838669","129.08508834","36.53522501"
"2017","2017-10-08 16","26","주간","일","1","1","0","0","0","대전","동구","차대사람","기타","기타","운전자법규위반","안전운전 의무 불이행","교차로","교차로내","화물차","화물차","보행자","보행자","995336","1817190","127.44801911","36.35211015"
"2017","2017-10-08 17","13","주간","일","1","1","0","0","0","충남","예산군","차대차","기타","기타","운전자법규위반","안전운전 의무 불이행","단일로","기타단일로","이륜차","이륜차","승용차","승용차","940468","1862402","126.83303464","36.75784302"
"2017","2017-10-08 18","50","야간","일","1","1","0","0","0","강원","홍천군","차대사람","횡단중","횡단중","운전자법규위반","보행자 보호의무 위반","단일로","기타단일로","승용차","승용차","보행자","보행자","1032394","1965814","127.86742791","37.6913045"
"2017","2017-10-08 21","42","야간","일","1","1","0","0","0","부산","사상구","차대사람","횡단중","횡단중","운전자법규위반","신호위반","단일로","기타단일로","승용차","승용차","보행자","보행자","1137192","1684782","129.00611624","35.14892511"
"2017","2017-10-08 23","20","야간","일","1","1","0","0","0","세종","세종","차대차","측면충돌","측면충돌","운전자법규위반","안전운전 의무 불이행","단일로","기타단일로","승용차","승용차","승용차","승용차","975922","1833569","127.23114017","36.49948013"
"2017","2017-10-09 00","30","야간","월","1","1","0","0","0","경남","창녕군","차대차","정면충돌","정면충돌","운전자법규위반","안전운전 의무 불이행","교차로","교차로부근","원동기장치자전거","원동기장치자전거","승용차","승용차","1093033","1717547","128.52513936","35.4493785"
"2017","2017-10-09 01","51","야간","월","1","1","0","0","0","경북","경주시","차량단독","공작물충돌","공작물충돌","운전자법규위반","안전운전 의무 불이행","단일로","터널안","승용차","승용차","없음","없음","1180464","1758426","129.4972998","35.80572063"
"2017","2017-10-09 04","33","야간","월","1","1","0","0","0","서울","도봉구","차량단독","기타","기타","운전자법규위반","안전운전 의무 불이행","단일로","기타단일로","이륜차","이륜차","없음","없음","960407","1965213","127.05095242","37.68560495"
"2017","2017-10-09 04","49","야간","월","1","1","0","0","0","경남","창원시(통합)","차대차","추돌","추돌","운전자법규위반","안전운전 의무 불이행","단일로","기타단일로","승용차","승용차","자전거","자전거","1097728","1692950","128.5739278","35.22717771"
"2017","2017-10-09 06","25","주간","월","1","1","0","0","0","경남","창원시(통합)","차대차","추돌","추돌","운전자법규위반","안전운전 의무 불이행","단일로","기타단일로","승용차","승용차","승용차","승용차","1096496","1690482","128.56010214","35.20504663"
"2017","2017-10-09 07","45","주간","월","1","1","0","0","0","경남","거제시","차대사람","횡단중","횡단중","운전자법규위반","안전운전 의무 불이행","교차로","교차로내","승용차","승용차","보행자","보행자","1108565","1655960","128.68815152","34.89258307"
"2017","2017-10-09 10","00","주간","월","1","1","0","0","0","경남","밀양시","차대차","측면충돌","측면충돌","운전자법규위반","안전운전 의무 불이행","단일로","기타단일로","화물차","화물차","이륜차","이륜차","1103777","1719693","128.64378237","35.46766134"
"2017","2017-10-09 10","40","주간","월","1","1","0","0","0","대구","북구","차대사람","횡단중","횡단중","운전자법규위반","보행자 보호의무 위반","단일로","교량위","화물차","화물차","보행자","보행자","1096063","1767905","128.56453465","35.90306167"
"2017","2017-10-09 12","13","주간","월","1","1","0","0","0","경기","이천시","차대사람","횡단중","횡단중","운전자법규위반","안전운전 의무 불이행","단일로","기타단일로","화물차","화물차","보행자","보행자","995613","1919577","127.45051576","37.2751005"
"2017","2017-10-09 14","25","주간","월","1","2","0","1","0","경남","창녕군","차대차","기타","기타","운전자법규위반","안전운전 의무 불이행","단일로","기타단일로","농기계","농기계","화물차","화물차","1087468","1718459","128.46392416","35.45810573"
"2017","2017-10-09 15","25","주간","월","1","1","0","0","0","충남","당진시","차대차","추돌","추돌","운전자법규위반","안전거리 미확보","교차로","교차로부근","이륜차","이륜차","승용차","승용차","938137","1880423","126.80545367","36.92013528"
"2017","2017-10-09 16","50","주간","월","1","1","0","0","0","경북","봉화군","차량단독","전복","전복","운전자법규위반","안전운전 의무 불이행","단일로","기타단일로","화물차","화물차","없음","없음","1132658","1888046","128.9905328","36.98152499"
"2017","2017-10-09 17","20","주간","월","1","1","0","0","0","대구","달성군","차대차","기타","기타","운전자법규위반","신호위반","교차로","교차로내","이륜차","이륜차","승합차","승합차","1083361","1753558","128.42229499","35.77488853"
"2017","2017-10-09 18","44","야간","월","1","2","1","0","0","강원","강릉시","차대사람","횡단중","횡단중","운전자법규위반","과속","단일로","기타단일로","승용차","승용차","보행자","보행자","1108235","1983900","128.73024334","37.8484196"