"발생년","발생년월일시","발생분","주야","요일","사망자수","사상자수","중상자수","경상자수","부상신고자수","발생지시도","발생지시군구","사고유형_대분류","사고유형_중분류","사고유형","법규위반_대분류","법규위반","도로형태_대분류","도로형태","당사자종별_1당_대분류","당사자종별_1당","당사자종별_2당_대분류","당사자종별_2당","발생위치X_UTMK","발생위치Y_UTMK","경도","위도"
"2017","2017-10-09 19","15","야간","월","1","1","0","0","0","경기","남양주시","차대차","기타","기타","운전자법규위반","안전운전 의무 불이행","단일로","기타단일로","이륜차","이륜차","승용차","승용차","986474","1962017","127.34665103","37.65755336"
"2017","2017-10-09 19","50","야간","월","1","1","0","0","0","전남","무안군","차량단독","기타","기타","운전자법규위반","기타(운전자법규위반)","단일로","기타단일로","화물차","화물차","없음","없음","891673","1679932","126.31133091","35.10872805"
"2017","2017-10-09 20","05","야간","월","1","1","0","0","0","전북","정읍시","차대사람","횡단중","횡단중","운전자법규위반","안전운전 의무 불이행","교차로","교차로부근","승용차","승용차","보행자","보행자","932242","1735884","126.75180968","35.61674628"
"2017","2017-10-09 21","36","야간","월","1","1","0","0","0","부산","사상구","차대사람","기타","기타","운전자법규위반","안전거리 미확보","교차로","교차로내","승용차","승용차","보행자","보행자","1135535","1688065","128.98847559","35.17874591"
"2017","2017-10-10 04","00","야간","화","2","6","3","1","0","경북","경산시","차대차","측면충돌","측면충돌","운전자법규위반","신호위반","교차로","교차로내","승용차","승용차","특수차","특수차","1118897","1768959","128.81767581","35.91005276"
"2017","2017-10-10 05","18","야간","화","1","1","0","0","0","부산","금정구","차량단독","공작물충돌","공작물충돌","운전자법규위반","안전운전 의무 불이행","단일로","기타단일로","승용차","승용차","없음","없음","1148745","1695234","129.13479566","35.24149393"
"2017","2017-10-10 05","40","야간","화","1","1","0","0","0","전남","진도군","차대사람","횡단중","횡단중","운전자법규위반","안전운전 의무 불이행","교차로","교차로내","승용차","승용차","보행자","보행자","886042","1610149","126.25902355","34.4789648"
"2017","2017-10-10 07","44","주간","화","1","1","0","0","0","경기","화성시","차대사람","기타","기타","운전자법규위반","안전운전 의무 불이행","기타","기타","화물차","화물차","보행자","보행자","944100","1908279","126.8703268","37.17159668"
"2017","2017-10-10 10","55","주간","화","1","1","0","0","0","제주","제주시","차대차","기타","기타","운전자법규위반","신호위반","교차로","교차로내","이륜차","이륜차","승용차","승용차","877685","1479794","126.18618165","33.30264444"
"2017","2017-10-10 12","55","주간","화","1","1","0","0","0","전남","광양시","차대차","측면충돌","측면충돌","운전자법규위반","직진 및 우회전차의 통행방해","교차로","교차로내","승용차","승용차","사륜오토바이(ATV)","사륜오토바이(ATV)","1008503","1664448","127.59315342","34.97489533"
"2017","2017-10-10 14","50","주간","화","1","2","0","1","0","경기","평택시","차대차","정면충돌","정면충돌","운전자법규위반","중앙선 침범","단일로","기타단일로","승용차","승용차","건설기계","건설기계","959791","1899816","127.04752306","37.09611906"
"2017","2017-10-10 16","20","주간","화","1","2","0","1","0","경북","상주시","차대차","측면충돌","측면충돌","운전자법규위반","안전운전 의무 불이행","교차로","교차로내","원동기장치자전거","원동기장치자전거","화물차","화물차","1060631","1840676","128.17755862","36.5619284"
"2017","2017-10-10 18","47","야간","화","1","3","1","1","0","전남","장성군","차대차","기타","기타","운전자법규위반","중앙선 침범","단일로","기타단일로","화물차","화물차","농기계","농기계","941448","1694671","126.85618471","35.24566385"
"2017","2017-10-10 18","24","야간","화","1","3","1","1","0","경북","구미시","차대차","추돌","추돌","운전자법규위반","안전운전 의무 불이행","단일로","기타단일로","화물차","화물차","농기계","농기계","1066533","1809567","128.24084061","36.28110174"
"2017","2017-10-10 23","21","야간","화","1","1","0","0","0","서울","성북구","차대차","기타","기타","운전자법규위반","안전운전 의무 불이행","단일로","기타단일로","승용차","승용차","승용차","승용차","960502","1958054","127.0524173","37.62108386"
"2017","2017-10-11 00","55","야간","수","1","1","0","0","0","대구","북구","차대사람","횡단중","횡단중","운전자법규위반","안전운전 의무 불이행","단일로","기타단일로","승용차","승용차","보행자","보행자","1094598","1771398","128.54871814","35.93469231"
"2017","2017-10-11 01","25","야간","수","1","1","0","0","0","충북","청주시","차량단독","기타","기타","운전자법규위반","안전운전 의무 불이행","교차로","교차로부근","승용차","승용차","없음","없음","990966","1853383","127.39889137","36.67836443"
"2017","2017-10-11 03","20","야간","수","1","1","0","0","0","인천","서구","차대사람","기타","기타","운전자법규위반","안전운전 의무 불이행","교차로","교차로부근","승용차","승용차","보행자","보행자","928751","1958055","126.69264727","37.61917976"
"2017","2017-10-11 04","50","야간","수","1","1","0","0","0","경기","의정부시","차대사람","횡단중","횡단중","운전자법규위반","안전운전 의무 불이행","교차로","교차로횡단보도내","승용차","승용차","보행자","보행자","959883","1972411","127.04461265","37.75045809"
"2017","2017-10-11 05","20","야간","수","1","1","0","0","0","서울","양천구","차대차","측면충돌","측면충돌","운전자법규위반","안전운전 의무 불이행","교차로","교차로부근","승용차","승용차","자전거","자전거","941373","1947211","126.83653036","37.52233518"
"2017","2017-10-11 05","45","야간","수","1","1","0","0","0","대전","대덕구","차대차","기타","기타","운전자법규위반","안전운전 의무 불이행","단일로","기타단일로","화물차","화물차","자전거","자전거","991599","1827628","127.40625684","36.44618678"
"2017","2017-10-11 05","20","야간","수","1","1","0","0","0","경남","사천시","차대사람","기타","기타","운전자법규위반","중앙선 침범","단일로","기타단일로","건설기계","건설기계","보행자","보행자","1051781","1672228","128.06775195","35.04375824"
"2017","2017-10-11 06","10","주간","수","1","1","0","0","0","전남","여수시","차대차","추돌","추돌","운전자법규위반","안전운전 의무 불이행","단일로","기타단일로","승용차","승용차","농기계","농기계","1020891","1646691","127.72848261","34.81480929"
"2017","2017-10-11 08","20","주간","수","1","1","0","0","0","경북","영주시","차대사람","횡단중","횡단중","운전자법규위반","안전운전 의무 불이행","교차로","교차로부근","화물차","화물차","보행자","보행자","1098922","1868113","128.60895172","36.80602501"
"2017","2017-10-11 18","30","야간","수","1","1","0","0","0","전남","함평군","차량단독","공작물충돌","공작물충돌","운전자법규위반","안전운전 의무 불이행","단일로","교량위","승용차","승용차","없음","없음","907225","1670906","126.48296672","35.02890354"
"2017","2017-10-11 18","40","야간","수","1","1","0","0","0","경남","밀양시","차대사람","길가장자리구역통행중","길가장자리구역통행중","운전자법규위반","안전운전 의무 불이행","단일로","기타단일로","승용차","승용차","보행자","보행자","1108064","1713607","128.69021486","35.41234011"
"2017","2017-10-11 21","50","야간","수","1","1","0","0","0","대구","북구","차대사람","횡단중","횡단중","운전자법규위반","안전운전 의무 불이행","교차로","교차로횡단보도내","승용차","승용차","보행자","보행자","1098889","1765113","128.59549948","35.87761164"
"2017","2017-10-11 23","16","야간","수","1","4","2","1","0","경기","이천시","차대차","추돌","추돌","운전자법규위반","안전운전 의무 불이행","단일로","기타단일로","화물차","화물차","화물차","화물차","990583","1915694","127.39382785","37.24006174"
"2017","2017-10-12 09","36","주간","목","1","1","0","0","0","경기","안양시","차대사람","차도통행중","차도통행중","운전자법규위반","교차로 통행방법 위반","교차로","교차로내","건설기계","건설기계","보행자","보행자","951954","1933975","126.95713112","37.40364687"
"2017","2017-10-12 12","35","주간","목","1","1","0","0","0","부산","부산진구","차량단독","공작물충돌","공작물충돌","운전자법규위반","안전운전 의무 불이행","단일로","기타단일로","자전거","자전거","없음","없음","1141004","1689085","129.04869267","35.18718716"
"2017","2017-10-12 13","15","주간","목","1","1","0","0","0","강원","양구군","차량단독","전도전복","전도전복","운전자법규위반","안전운전 의무 불이행","기타","기타","이륜차","이륜차","없음","없음","1047606","2019363","128.04350531","38.17325645"
"2017","2017-10-12 16","50","주간","목","1","1","0","0","0","경남","김해시","차대차","기타","기타","운전자법규위반","안전운전 의무 불이행","교차로","교차로부근","화물차","화물차","승용차","승용차","1127799","1695694","128.90472491","35.248531"
"2017","2017-10-12 17","00","주간","목","1","1","0","0","0","충남","태안군","차량단독","기타","기타","운전자법규위반","안전운전 의무 불이행","단일로","기타단일로","농기계","농기계","없음","없음","898008","1844877","126.35973658","36.596271"
"2017","2017-10-12 22","21","야간","목","1","3","2","0","0","부산","수영구","차대차","추돌","추돌","운전자법규위반","안전운전 의무 불이행","단일로","교량위","승용차","승용차","화물차","화물차","1149076","1685880","129.13673953","35.15713292"
"2017","2017-10-12 23","30","야간","목","1","1","0","0","0","전남","나주시","차대사람","차도통행중","차도통행중","운전자법규위반","과속","단일로","기타단일로","승용차","승용차","보행자","보행자","939070","1672361","126.83192983","35.0444466"
"2017","2017-10-12 23","24","야간","목","1","1","0","0","0","부산","사상구","차대사람","길가장자리구역통행중","길가장자리구역통행중","운전자법규위반","안전운전 의무 불이행","단일로","기타단일로","승용차","승용차","보행자","보행자","1135559","1686992","128.9626901","35.12630713"
"2017","2017-10-13 03","00","야간","금","1","2","1","0","0","대전","서구","차대차","측면충돌","측면충돌","운전자법규위반","신호위반","교차로","교차로내","이륜차","이륜차","승용차","승용차","990769","1815298","127.39714178","36.33502001"
"2017","2017-10-13 06","55","주간","금","1","1","0","0","0","대전","유성구","차대사람","횡단중","횡단중","운전자법규위반","보행자 보호의무 위반","단일로","기타단일로","승용차","승용차","보행자","보행자","984395","1820131","127.32602153","36.37850904"
"2017","2017-10-13 07","20","주간","금","1","1","0","0","0","대구","수성구","차량단독","공작물충돌","공작물충돌","운전자법규위반","안전운전 의무 불이행","단일로","기타단일로","이륜차","이륜차","없음","없음","1100456","1763134","128.61260647","35.85961251"
"2017","2017-10-13 10","40","주간","금","1","1","0","0","0","서울","동대문구","차대사람","횡단중","횡단중","운전자법규위반","신호위반","기타","기타","화물차","화물차","보행자","보행자","961620","1954717","127.06526098","37.59105404"
"2017","2017-10-13 11","26","주간","금","1","1","0","0","0","전북","부안군","차대차","측면충돌","측면충돌","운전자법규위반","안전운전 의무 불이행","단일로","기타단일로","원동기장치자전거","원동기장치자전거","화물차","화물차","924489","1753351","126.66456718","35.77365703"
"2017","2017-10-13 13","10","주간","금","1","1","0","0","0","인천","강화군","차대사람","횡단중","횡단중","운전자법규위반","안전운전 의무 불이행","단일로","기타단일로","건설기계","건설기계","보행자","보행자","901242","1967440","126.37970772","37.70121037"
"2017","2017-10-13 16","00","주간","금","1","22","9","12","0","충북","음성군","차대차","추돌","추돌","운전자법규위반","안전운전 의무 불이행","단일로","기타단일로","화물차","화물차","승합차","승합차","1013722","1904359","127.65450052","37.13783335"
"2017","2017-10-13 17","00","주간","금","1","1","0","0","0","서울","양천구","차대사람","횡단중","횡단중","운전자법규위반","보행자 보호의무 위반","단일로","기타단일로","승용차","승용차","보행자","보행자","944431","1946407","126.87119597","37.51527798"
"2017","2017-10-13 17","30","주간","금","1","1","0","0","0","경남","사천시","차대차","측면충돌","측면충돌","운전자법규위반","신호위반","교차로","교차로내","원동기장치자전거","원동기장치자전거","승용차","승용차","1054179","1660670","128.09329105","34.93941423"
"2017","2017-10-13 18","20","야간","금","1","1","0","0","0","경남","진주시","차대사람","횡단중","횡단중","운전자법규위반","안전운전 의무 불이행","단일로","기타단일로","승용차","승용차","보행자","보행자","1053305","1687091","128.08541874","35.17769567"
"2017","2017-10-13 18","30","야간","금","1","1","0","0","0","경기","고양시","차대사람","기타","기타","운전자법규위반","안전운전 의무 불이행","교차로","교차로내","승용차","승용차","보행자","보행자","941662","1962675","126.8385683","37.66172937"
"2017","2017-10-13 18","30","야간","금","1","1","0","0","0","경북","경산시","차대사람","기타","기타","운전자법규위반","안전운전 의무 불이행","단일로","기타단일로","승용차","승용차","보행자","보행자","1113060","1758668","128.75154203","35.81798219"
"2017","2017-10-13 18","25","야간","금","1","1","0","0","0","경북","예천군","차대사람","횡단중","횡단중","운전자법규위반","보행자 보호의무 위반","교차로","교차로횡단보도내","이륜차","이륜차","보행자","보행자","1085118","1851165","128.45233628","36.65460497"
"2017","2017-10-13 19","25","야간","금","1","3","1","1","0","충남","공주시","차량단독","공작물충돌","공작물충돌","운전자법규위반","안전운전 의무 불이행","단일로","기타단일로","승용차","승용차","없음","없음","960108","1830341","127.05472827","36.46985132"
"2017","2017-10-13 20","15","야간","금","1","1","0","0","0","서울","강북구","차대사람","기타","기타","운전자법규위반","기타(운전자법규위반)","단일로","기타단일로","승합차","승합차","보행자","보행자","957709","1958044","127.0207692","37.62086944"
"2017","2017-10-13 23","29","야간","금","1","4","1","2","0","전북","정읍시","차대사람","기타","기타","운전자법규위반","안전운전 의무 불이행","단일로","기타단일로","승용차","승용차","보행자","보행자","946531","1737691","126.9094619","35.63391469"
"2017","2017-10-14 04","31","야간","토","1","1","0","0","0","부산","사하구","차대사람","횡단중","횡단중","운전자법규위반","과속","교차로","교차로부근","승용차","승용차","보행자","보행자","1133450","1679742","128.96427225","35.10427391"
"2017","2017-10-14 06","30","주간","토","1","2","0","1","0","경기","포천시","차대차","기타","기타","운전자법규위반","안전운전 의무 불이행","단일로","터널안","승용차","승용차","농기계","농기계","979702","1994599","127.26896196","37.95109428"
"2017","2017-10-14 06","05","주간","토","1","1","0","0","0","경남","진주시","차대사람","차도통행중","차도통행중","운전자법규위반","안전운전 의무 불이행","단일로","기타단일로","화물차","화물차","보행자","보행자","1053368","1688354","128.08619237","35.18908041"
"2017","2017-10-14 10","40","주간","토","1","1","0","0","0","강원","강릉시","차대사람","횡단중","횡단중","운전자법규위반","과속","교차로","교차로부근","화물차","화물차","보행자","보행자","1120310","1973967","128.86579232","37.75773699"
"2017","2017-10-14 11","45","주간","토","1","1","0","0","0","전남","영암군","차대차","측면충돌","측면충돌","운전자법규위반","안전운전 의무 불이행","교차로","교차로내","이륜차","이륜차","화물차","화물차","921378","1644717","126.64048682","34.79399306"
"2017","2017-10-14 12","30","주간","토","1","3","1","1","0","강원","양양군","차대차","정면충돌","정면충돌","운전자법규위반","중앙선 침범","기타","기타","이륜차","이륜차","승용차","승용차","1091436","2001564","128.54156413","38.00948325"
"2017","2017-10-14 13","20","주간","토","1","1","0","0","0","경북","성주군","차량단독","도로이탈","도로이탈 기타","운전자법규위반","안전운전 의무 불이행","단일로","기타단일로","화물차","화물차","없음","없음","1071265","1769883","128.29082307","35.92359915"
"2017","2017-10-14 13","00","주간","토","1","1","0","0","0","전북","무주군","차량단독","기타","기타","운전자법규위반","안전운전 의무 불이행","단일로","기타단일로","농기계","농기계","없음","없음","1012420","1769103","127.63766305","35.91850265"
"2017","2017-10-14 14","34","주간","토","1","1","0","0","0","경기","화성시","차대사람","기타","기타","운전자법규위반","안전운전 의무 불이행","단일로","기타단일로","화물차","화물차","보행자","보행자","940925","1901030","126.8351369","37.10606159"
"2017","2017-10-14 15","54","주간","토","1","1","0","0","0","광주","남구","차대사람","기타","기타","운전자법규위반","안전운전 의무 불이행","단일로","기타단일로","승합차","승합차","보행자","보행자","945477","1680022","126.90167199","35.11389101"
"2017","2017-10-14 16","23","주간","토","1","1","0","0","0","경북","구미시","차대사람","차도통행중","차도통행중","운전자법규위반","보행자 보호의무 위반","단일로","기타단일로","화물차","화물차","보행자","보행자","1074857","1792579","128.33189727","36.12735023"
"2017","2017-10-14 18","16","야간","토","1","2","1","0","0","충북","충주시","차대차","추돌","추돌","운전자법규위반","안전운전 의무 불이행","단일로","기타단일로","화물차","화물차","건설기계","건설기계","1029465","1897802","127.83149646","37.07836425"
"2017","2017-10-14 18","11","야간","토","1","1","0","0","0","경북","상주시","차대사람","횡단중","횡단중","운전자법규위반","안전운전 의무 불이행","단일로","기타단일로","승용차","승용차","보행자","보행자","1059252","1823293","128.16075776","36.40491044"
"2017","2017-10-14 18","20","야간","토","1","1","0","0","0","전남","곡성군","차대사람","차도통행중","차도통행중","운전자법규위반","안전운전 의무 불이행","단일로","기타단일로","승용차","승용차","보행자","보행자","977757","1682446","127.25591993","35.13680384"
"2017","2017-10-14 19","03","야간","토","1","2","0","1","0","제주","제주시","차대사람","횡단중","횡단중","운전자법규위반","보행자 보호의무 위반","단일로","기타단일로","승용차","승용차","보행자","보행자","907371","1502950","126.50261434","33.51443698"
"2017","2017-10-14 19","05","야간","토","1","1","0","0","0","강원","철원군","차대사람","차도통행중","차도통행중","운전자법규위반","안전운전 의무 불이행","단일로","기타단일로","승용차","승용차","보행자","보행자","981181","2015638","127.28524309","38.14074572"
"2017","2017-10-14 20","55","야간","토","1","1","0","0","0","전북","김제시","차대차","추돌","추돌","운전자법규위반","안전운전 의무 불이행","단일로","기타단일로","승용차","승용차","이륜차","이륜차","950992","1767464","126.9569075","35.90257617"
"2017","2017-10-14 23","43","야간","토","1","1","0","0","0","경기","이천시","차대사람","횡단중","횡단중","운전자법규위반","신호위반","교차로","교차로내","승용차","승용차","보행자","보행자","995890","1919373","127.45364138","37.2732629"
"2017","2017-10-15 04","40","야간","일","1","1","0","0","0","경기","양주시","차량단독","전도전복","전도전복","운전자법규위반","안전운전 의무 불이행","단일로","기타단일로","이륜차","이륜차","없음","없음","962469","1982024","127.07346899","37.8372095"
"2017","2017-10-15 06","20","주간","일","1","1","0","0","0","광주","서구","차대사람","횡단중","횡단중","운전자법규위반","안전운전 의무 불이행","단일로","기타단일로","승용차","승용차","보행자","보행자","941281","1684150","126.85536554","35.15074254"
"2017","2017-10-15 06","20","주간","일","1","1","0","0","0","광주","서구","차대사람","횡단중","횡단중","운전자법규위반","안전운전 의무 불이행","단일로","기타단일로","승용차","승용차","보행자","보행자","941261","1684168","126.85537048","35.15067223"
"2017","2017-10-15 06","00","주간","일","1","1","0","0","0","서울","광진구","차대차","기타","기타","운전자법규위반","안전운전 의무 불이행","단일로","교량위","승용차","승용차","자전거","자전거","965769","1949343","127.10871023","37.54377699"
"2017","2017-10-15 07","10","주간","일","1","1","0","0","0","부산","강서구","차량단독","공작물충돌","공작물충돌","운전자법규위반","안전운전 의무 불이행","단일로","기타단일로","승용차","승용차","없음","없음","1122451","1680362","128.84367389","35.11099227"
"2017","2017-10-15 09","05","주간","일","1","2","1","0","0","서울","영등포구","차대사람","기타","기타","운전자법규위반","안전운전 의무 불이행","단일로","기타단일로","승용차","승용차","보행자","보행자","946972","1947698","126.89985457","37.52706351"
"2017","2017-10-15 09","40","주간","일","1","1","0","0","0","대전","유성구","차량단독","전도","전도","운전자법규위반","안전운전 의무 불이행","단일로","기타단일로","이륜차","이륜차","없음","없음","980616","1818105","127.28394062","36.36017521"
"2017","2017-10-15 11","30","주간","일","1","1","0","0","0","서울","동대문구","차대사람","기타","기타","운전자법규위반","안전운전 의무 불이행","단일로","기타단일로","승용차","승용차","보행자","보행자","959854","1953464","127.04532636","37.57968507"
"2017","2017-10-15 12","05","주간","일","2","6","4","0","0","충북","보은군","차대차","기타","기타","운전자법규위반","교차로 통행방법 위반","교차로","교차로내","승용차","승용차","승용차","승용차","1021341","1833181","127.73828747","36.49604723"
"2017","2017-10-15 12","10","주간","일","1","1","0","0","0","경북","상주시","차대차","측면충돌","측면충돌","운전자법규위반","안전운전 의무 불이행","단일로","기타단일로","사륜오토바이(ATV)","사륜오토바이(ATV)","화물차","화물차","1051966","1816082","128.0790807","36.34072939"
"2017","2017-10-15 14","00","주간","일","1","1","0","0","0","강원","강릉시","차대차","측면충돌","측면충돌","운전자법규위반","안전운전 의무 불이행","단일로","기타단일로","승용차","승용차","자전거","자전거","1124021","1975224","128.9082506","37.76829114"
"2017","2017-10-15 17","16","주간","일","1","1","0","0","0","경북","칠곡군","차량단독","기타","기타","운전자법규위반","안전운전 의무 불이행","단일로","기타단일로","이륜차","이륜차","없음","없음","1079696","1780838","128.38448221","36.02112249"
"2017","2017-10-15 18","15","야간","일","1","1","0","0","0","충남","천안시","차량단독","전도전복","전도전복","운전자법규위반","안전운전 의무 불이행","단일로","기타단일로","화물차","화물차","없음","없음","981448","1861360","127.29217268","36.75013744"
"2017","2017-10-15 18","26","야간","일","1","1","0","0","0","전북","완주군","차대사람","횡단중","횡단중","운전자법규위반","안전운전 의무 불이행","단일로","교량위","승합차","승합차","보행자","보행자","964198","1770000","127.10313466","35.92601303"
"2017","2017-10-15 20","40","야간","일","1","1","0","0","0","전남","영암군","차대사람","횡단중","횡단중","운전자법규위반","과속","교차로","교차로내","승용차","승용차","보행자","보행자","898362","1638148","126.38980185","34.73270706"
"2017","2017-10-15 21","35","야간","일","1","1","0","0","0","서울","서초구","차대사람","횡단중","횡단중","운전자법규위반","안전운전 의무 불이행","단일로","기타단일로","승용차","승용차","보행자","보행자","960514","1940176","127.05351521","37.45994407"
"2017","2017-10-15 22","39","야간","일","1","1","0","0","0","충북","청주시","차대사람","횡단중","횡단중","운전자법규위반","안전운전 의무 불이행","단일로","기타단일로","승용차","승용차","보행자","보행자","998701","1846150","127.48547382","36.6132012"
"2017","2017-10-15 23","47","야간","일","1","1","0","0","0","경기","성남시","차대차","추돌","추돌","운전자법규위반","안전운전 의무 불이행","단일로","기타단일로","승용차","승용차","건설기계","건설기계","970115","1936219","127.16223611","37.42463756"
"2017","2017-10-16 07","11","주간","월","1","1","0","0","0","대전","유성구","차량단독","기타","기타","운전자법규위반","안전운전 의무 불이행","단일로","기타단일로","이륜차","이륜차","없음","없음","987778","1818657","127.3637613","36.36526938"
"2017","2017-10-16 12","44","주간","월","1","4","3","0","0","전북","김제시","차대차","추돌","추돌","운전자법규위반","안전거리 미확보","교차로","교차로부근","화물차","화물차","화물차","화물차","953515","1754587","126.98561581","35.78660273"
"2017","2017-10-16 14","50","주간","월","1","1","0","0","0","전남","나주시","차량단독","공작물충돌","공작물충돌","운전자법규위반","안전운전 의무 불이행","단일로","기타단일로","화물차","화물차","없음","없음","931656","1658267","126.75180136","34.91689042"
"2017","2017-10-16 16","44","주간","월","1","2","1","0","0","경기","평택시","차대차","기타","기타","운전자법규위반","안전운전 의무 불이행","단일로","기타단일로","화물차","화물차","특수차","특수차","954562","1895748","126.98892866","37.05921119"
"2017","2017-10-16 16","40","주간","월","1","1","0","0","0","경남","거제시","차량단독","공작물충돌","공작물충돌","운전자법규위반","안전운전 의무 불이행","단일로","기타단일로","승용차","승용차","없음","없음","1092117","1656922","128.50827508","34.90288278"
"2017","2017-10-16 18","50","야간","월","1","1","0","0","0","경기","광주시","차대사람","횡단중","횡단중","운전자법규위반","보행자 보호의무 위반","교차로","교차로횡단보도내","승합차","승합차","보행자","보행자","978513","1936371","127.25714596","37.42624073"
"2017","2017-10-16 19","00","야간","월","1","2","1","0","0","대전","서구","차대사람","횡단중","횡단중","운전자법규위반","보행자 보호의무 위반","교차로","교차로횡단보도내","승용차","승용차","보행자","보행자","989393","1814959","127.38181407","36.3319496"
"2017","2017-10-16 19","19","야간","월","1","1","0","0","0","인천","서구","차대사람","횡단중","횡단중","운전자법규위반","안전운전 의무 불이행","교차로","교차로부근","승합차","승합차","보행자","보행자","927060","1942926","126.67452284","37.48247242"
"2017","2017-10-16 20","43","야간","월","1","2","0","1","0","강원","철원군","차대사람","차도통행중","차도통행중","운전자법규위반","과속","단일로","기타단일로","화물차","화물차","보행자","보행자","984850","2019655","127.32702694","38.17701848"
"2017","2017-10-16 21","05","야간","월","1","2","0","1","0","경북","경주시","차대사람","차도통행중","차도통행중","운전자법규위반","안전운전 의무 불이행","교차로","교차로내","승용차","승용차","보행자","보행자","1166127","1743380","129.33558438","35.672662"
"2017","2017-10-16 21","58","야간","월","1","1","0","0","0","서울","은평구","차대차","측면충돌","측면충돌","운전자법규위반","신호위반","교차로","교차로횡단보도내","원동기장치자전거","원동기장치자전거","승용차","승용차","949049","1956510","126.92274736","37.60660411"
"2017","2017-10-17 00","17","야간","화","1","1","0","0","0","서울","마포구","차대사람","횡단중","횡단중","운전자법규위반","과속","단일로","기타단일로","승용차","승용차","보행자","보행자","947710","1951820","126.90791272","37.56425772"
"2017","2017-10-17 01","13","야간","화","1","1","0","0","0","대전","대덕구","차대사람","횡단중","횡단중","운전자법규위반","안전운전 의무 불이행","단일로","기타단일로","승합차","승합차","보행자","보행자","992630","1819713","127.41783649","36.37483904"
"2017","2017-10-17 02","57","야간","화","1","1","0","0","0","부산","해운대구","차량단독","공작물충돌","공작물충돌","운전자법규위반","안전운전 의무 불이행","단일로","기타단일로","이륜차","이륜차","없음","없음","1148457","1692643","129.13118033","35.21818081"
"2017","2017-10-17 05","50","야간","화","1","2","1","0","0","서울","동작구","차대차","측면충돌","측면충돌","운전자법규위반","신호위반","교차로","교차로내","승용차","승용차","원동기장치자전거","원동기장치자전거","948222","1944303","126.91423998","37.49653482"
"2017","2017-10-17 06","04","주간","화","1","1","0","0","0","부산","수영구","차대사람","횡단중","횡단중","운전자법규위반","신호위반","단일로","기타단일로","화물차","화물차","보행자","보행자","1146990","1685840","129.11383788","35.15707958"
"2017","2017-10-17 06","40","주간","화","1","4","3","0","0","강원","평창군","차대차","측면충돌","측면충돌","운전자법규위반","중앙선 침범","단일로","기타단일로","승용차","승용차","화물차","화물차","1079038","1932105","128.39281444","37.38466689"
"2017","2017-10-17 06","30","주간","화","1","1","0","0","0","경기","평택시","차대차","추돌","추돌","운전자법규위반","안전운전 의무 불이행","단일로","기타단일로","화물차","화물차","이륜차","이륜차","960849","1899406","127.05944994","37.09246814"
"2017","2017-10-17 08","53","주간","화","1","2","0","1","0","전북","정읍시","차대차","추돌","추돌","운전자법규위반","안전운전 의무 불이행","교차로","교차로부근","화물차","화물차","승합차","승합차","933278","1728857","126.76382857","35.5534626"
"2017","2017-10-17 09","30","주간","화","1","1","0","0","0","경북","경산시","차대차","측면충돌","측면충돌","운전자법규위반","안전운전 의무 불이행","교차로","교차로내","화물차","화물차","이륜차","이륜차","1120602","1753497","128.83423058","35.77047367"
"2017","2017-10-17 09","00","주간","화","1","1","0","0","0","전남","해남군","차량단독","기타","기타","운전자법규위반","안전운전 의무 불이행","단일로","기타단일로","화물차","화물차","없음","없음","908941","1618621","126.50744118","34.55763811"
"2017","2017-10-17 10","35","주간","화","1","1","0","0","0","전남","광양시","차대사람","보도통행중","보도통행중","운전자법규위반","안전운전 의무 불이행","단일로","기타단일로","화물차","화물차","보행자","보행자","1007070","1664700","127.57745654","34.97717876"
"2017","2017-10-17 15","44","주간","화","1","13","3","9","0","경기","평택시","차대차","추돌","추돌","운전자법규위반","안전운전 의무 불이행","단일로","기타단일로","승합차","승합차","화물차","화물차","968908","1889527","127.1505413","37.00371918"
"2017","2017-10-17 16","35","주간","화","1","1","0","0","0","강원","영월군","차대사람","기타","기타","운전자법규위반","안전운전 의무 불이행","단일로","기타단일로","승용차","승용차","보행자","보행자","1076291","1909417","128.3594589","37.18041061"
"2017","2017-10-17 17","29","주간","화","1","2","0","1","0","경북","김천시","차대차","정면충돌","정면충돌","운전자법규위반","중앙선 침범","단일로","기타단일로","이륜차","이륜차","승용차","승용차","1067924","1797605","128.25529045","36.17316957"
"2017","2017-10-17 18","10","야간","화","1","2","1","0","0","전남","순천시","차대차","정면충돌","정면충돌","운전자법규위반","중앙선 침범","단일로","기타단일로","승용차","승용차","화물차","화물차","992061","1651357","127.41314983","34.85685108"
"2017","2017-10-17 18","30","야간","화","1","3","0","2","0","경기","가평군","차대차","추돌","추돌","운전자법규위반","안전운전 의무 불이행","교차로","교차로부근","승합차","승합차","농기계","농기계","1000517","1983004","127.50587636","37.8468146"
"2017","2017-10-18 00","02","야간","수","1","1","0","0","0","충남","천안시","차대사람","차도통행중","차도통행중","운전자법규위반","안전운전 의무 불이행","단일로","기타단일로","승용차","승용차","보행자","보행자","966647","1884899","127.12533388","36.96192364"