"발생년","발생년월일시","발생분","주야","요일","사망자수","사상자수","중상자수","경상자수","부상신고자수","발생지시도","발생지시군구","사고유형_대분류","사고유형_중분류","사고유형","법규위반_대분류","법규위반","도로형태_대분류","도로형태","당사자종별_1당_대분류","당사자종별_1당","당사자종별_2당_대분류","당사자종별_2당","발생위치X_UTMK","발생위치Y_UTMK","경도","위도"
"2017","2017-10-25 05","50","야간","수","1","1","0","0","0","충북","충주시","차대사람","횡단중","횡단중","운전자법규위반","안전운전 의무 불이행","단일로","기타단일로","승용차","승용차","보행자","보행자","1040712","1878645","127.95699351","36.90525896"
"2017","2017-10-25 08","20","주간","수","1","2","0","1","0","경남","밀양시","차대차","측면충돌","측면충돌","운전자법규위반","안전운전 의무 불이행","교차로","교차로내","승용차","승용차","승용차","승용차","1110425","1709476","128.7156546","35.37484086"
"2017","2017-10-25 10","20","주간","수","1","1","0","0","0","충북","보은군","차대차","측면충돌","측면충돌","운전자법규위반","교차로 통행방법 위반","교차로","교차로내","이륜차","이륜차","화물차","화물차","1020465","1838901","127.72865807","36.54763264"
"2017","2017-10-25 11","13","주간","수","1","1","0","0","0","경남","합천군","차대사람","기타","기타","운전자법규위반","안전운전 의무 불이행","단일로","기타단일로","화물차","화물차","보행자","보행자","1050453","1725325","128.05645763","35.52257965"
"2017","2017-10-25 11","30","주간","수","1","2","1","0","0","전북","익산시","차대차","정면충돌","정면충돌","운전자법규위반","중앙선 침범","단일로","기타단일로","화물차","화물차","화물차","화물차","952876","1783079","126.97773686","36.04614434"
"2017","2017-10-25 11","00","주간","수","1","1","0","0","0","인천","서구","차대차","측면충돌","측면충돌","운전자법규위반","안전거리 미확보","교차로","교차로내","승용차","승용차","이륜차","이륜차","926103","1953492","126.66310531","37.57784638"
"2017","2017-10-25 14","05","주간","수","1","1","0","0","0","전북","완주군","차대사람","횡단중","횡단중","운전자법규위반","안전운전 의무 불이행","단일로","기타단일로","승용차","승용차","보행자","보행자","968911","1772539","127.15527799","35.94906566"
"2017","2017-10-25 15","40","주간","수","1","1","0","0","0","전남","담양군","차대차","기타","기타","운전자법규위반","안전운전 의무 불이행","교차로","교차로내","화물차","화물차","자전거","자전거","952122","1692111","126.97388876","35.22323321"
"2017","2017-10-25 17","40","주간","수","1","1","0","0","0","경북","경산시","차대차","측면충돌","측면충돌","운전자법규위반","안전운전 의무 불이행","단일로","기타단일로","승용차","승용차","자전거","자전거","1111649","1756946","128.73568541","35.80262146"
"2017","2017-10-25 18","10","야간","수","1","1","0","0","0","전북","진안군","차대차","추돌","추돌","운전자법규위반","안전운전 의무 불이행","단일로","기타단일로","화물차","화물차","농기계","농기계","1005536","1760660","127.56120708","35.84245546"
"2017","2017-10-25 18","35","야간","수","1","1","0","0","0","경기","평택시","차대사람","기타","기타","운전자법규위반","안전운전 의무 불이행","교차로","교차로부근","승합차","승합차","보행자","보행자","958403","1882734","127.03284781","36.94207958"
"2017","2017-10-25 19","00","야간","수","1","1","0","0","0","강원","평창군","차량단독","공작물충돌","공작물충돌","운전자법규위반","안전운전 의무 불이행","단일로","기타단일로","이륜차","이륜차","없음","없음","1079640","1954824","128.40207276","37.58937193"
"2017","2017-10-25 19","22","야간","수","1","1","0","0","0","충남","예산군","차대사람","기타","기타","운전자법규위반","안전운전 의무 불이행","단일로","기타단일로","승용차","승용차","보행자","보행자","931041","1854602","126.72813148","36.68689472"
"2017","2017-10-25 20","40","야간","수","1","1","0","0","0","충남","보령시","차대차","기타","기타","운전자법규위반","안전운전 의무 불이행","단일로","기타단일로","자전거","자전거","건설기계","건설기계","919455","1804018","126.60372399","36.23001226"
"2017","2017-10-25 23","40","야간","수","1","2","1","0","0","강원","평창군","차량단독","공작물충돌","공작물충돌","운전자법규위반","안전운전 의무 불이행","단일로","기타단일로","승용차","승용차","없음","없음","1082258","1952162","128.43142409","37.5651507"
"2017","2017-10-26 02","46","야간","목","1","1","0","0","0","충북","제천시","차량단독","기타","기타","운전자법규위반","안전운전 의무 불이행","단일로","기타단일로","승용차","승용차","없음","없음","1062158","1901270","128.1995785","37.10802523"
"2017","2017-10-26 04","57","야간","목","1","1","0","0","0","경기","양주시","차량단독","공작물충돌","공작물충돌","운전자법규위반","안전운전 의무 불이행","단일로","기타단일로","이륜차","이륜차","없음","없음","960201","1980184","127.04779563","37.82052963"
"2017","2017-10-26 06","00","주간","목","1","1","0","0","0","인천","계양구","차대사람","횡단중","횡단중","운전자법규위반","안전운전 의무 불이행","교차로","교차로횡단보도내","화물차","화물차","보행자","보행자","932797","1949368","126.73928744","37.54119079"
"2017","2017-10-26 07","15","주간","목","1","3","1","1","0","부산","수영구","차대차","추돌","추돌","운전자법규위반","안전운전 의무 불이행","교차로","교차로부근","승합차","승합차","승용차","승용차","1148397","1686232","129.12935061","35.16040616"
"2017","2017-10-26 17","40","주간","목","1","1","0","0","0","경기","광주시","차대사람","횡단중","횡단중","운전자법규위반","안전운전 의무 불이행","단일로","기타단일로","승용차","승용차","보행자","보행자","985803","1927094","127.33971797","37.34276019"
"2017","2017-10-26 18","15","야간","목","1","1","0","0","0","전남","담양군","차대차","기타","기타","운전자법규위반","안전운전 의무 불이행","단일로","기타단일로","화물차","화물차","농기계","농기계","953702","1700795","126.99076046","35.30160839"
"2017","2017-10-26 20","15","야간","목","1","1","0","0","0","전북","익산시","차대사람","횡단중","횡단중","운전자법규위반","안전운전 의무 불이행","교차로","교차로부근","승용차","승용차","보행자","보행자","949268","1771941","126.9375173","35.94274932"
"2017","2017-10-26 21","25","야간","목","1","2","1","0","0","충북","충주시","차대차","추돌","추돌","운전자법규위반","안전운전 의무 불이행","단일로","기타단일로","화물차","화물차","특수차","특수차","1031022","1890052","127.84869356","37.00845398"
"2017","2017-10-26 23","30","야간","목","1","1","0","0","0","경남","창원시(통합)","차대차","기타","기타","운전자법규위반","안전운전 의무 불이행","단일로","기타단일로","승용차","승용차","승용차","승용차","1106597","1684730","128.67030819","35.15216839"
"2017","2017-10-27 02","41","야간","금","1","2","1","0","0","울산","남구","차대차","기타","기타","운전자법규위반","안전운전 의무 불이행","단일로","교량위","승용차","승용차","이륜차","이륜차","1160698","1730144","129.27298895","35.55427611"
"2017","2017-10-27 03","46","야간","금","1","1","0","0","0","울산","남구","차대차","측면충돌","측면충돌","운전자법규위반","신호위반","교차로","교차로내","이륜차","이륜차","승용차","승용차","1160210","1729904","129.26755962","35.5521922"
"2017","2017-10-27 07","19","주간","금","1","2","0","1","0","경남","창원시(통합)","차대차","추돌","추돌","운전자법규위반","안전운전 의무 불이행","단일로","기타단일로","화물차","화물차","건설기계","건설기계","1093130","1695331","128.52367769","35.24908165"
"2017","2017-10-27 09","50","주간","금","1","1","0","0","0","경북","영덕군","차대사람","기타","기타","운전자법규위반","안전운전 의무 불이행","단일로","기타단일로","승용차","승용차","보행자","보행자","1168709","1819414","129.38030949","36.35737337"
"2017","2017-10-27 09","03","주간","금","1","1","0","0","0","충남","당진시","차대사람","기타","기타","운전자법규위반","기타(운전자법규위반)","단일로","기타단일로","승용차","승용차","보행자","보행자","935208","1876502","126.77290708","36.88459516"
"2017","2017-10-27 10","50","주간","금","1","1","0","0","0","전남","장흥군","차대차","기타","기타","운전자법규위반","안전운전 의무 불이행","교차로","교차로내","자전거","자전거","승합차","승합차","945264","1611844","126.90399177","34.49930541"
"2017","2017-10-27 10","05","주간","금","1","2","1","0","0","충남","금산군","차대차","기타","기타","운전자법규위반","안전운전 의무 불이행","단일로","기타단일로","승용차","승용차","승용차","승용차","993970","1797351","127.43294792","36.17324322"
"2017","2017-10-27 16","50","주간","금","1","1","0","0","0","강원","양양군","차대차","측면충돌","측면충돌","운전자법규위반","안전운전 의무 불이행","기타","기타","화물차","화물차","승용차","승용차","1091012","2000188","128.53487627","37.99512043"
"2017","2017-10-27 17","20","주간","금","2","3","1","0","0","전남","무안군","차대차","정면충돌","정면충돌","운전자법규위반","중앙선 침범","단일로","기타단일로","승용차","승용차","화물차","화물차","890141","1676327","126.29500185","35.07606189"
"2017","2017-10-27 18","53","야간","금","1","1","0","0","0","전북","군산시","차대차","추돌","추돌","운전자법규위반","안전운전 의무 불이행","교차로","교차로내","승용차","승용차","자전거","자전거","931823","1776441","126.74372572","35.98235753"
"2017","2017-10-27 18","12","야간","금","1","1","0","0","0","전남","보성군","차대사람","횡단중","횡단중","운전자법규위반","안전운전 의무 불이행","단일로","기타단일로","화물차","화물차","보행자","보행자","984337","1649255","127.32916067","34.83769247"
"2017","2017-10-27 19","45","야간","금","1","1","0","0","0","전북","전주시","차대차","정면충돌","정면충돌","운전자법규위반","안전운전 의무 불이행","교차로","교차로내","화물차","화물차","이륜차","이륜차","966843","1761753","127.13291387","35.85146928"
"2017","2017-10-27 21","10","야간","금","1","1","0","0","0","경기","고양시","차량단독","공작물충돌","공작물충돌","운전자법규위반","안전운전 의무 불이행","단일로","기타단일로","승용차","승용차","없음","없음","942484","1963424","126.84782845","37.66853187"
"2017","2017-10-27 21","15","야간","금","1","1","0","0","0","경북","상주시","차량단독","도로이탈","도로이탈 기타","운전자법규위반","안전운전 의무 불이행","단일로","기타단일로","이륜차","이륜차","없음","없음","1067809","1827883","128.25664454","36.44612445"
"2017","2017-10-27 23","05","야간","금","1","1","0","0","0","경기","파주시","차대사람","기타","기타","운전자법규위반","안전운전 의무 불이행","단일로","기타단일로","승용차","승용차","보행자","보행자","939052","1981349","126.80741159","37.82986162"
"2017","2017-10-28 05","50","야간","토","1","1","0","0","0","충남","홍성군","차대사람","차도통행중","차도통행중","운전자법규위반","안전운전 의무 불이행","교차로","교차로내","승합차","승합차","보행자","보행자","925252","1846487","126.66413132","36.61330848"
"2017","2017-10-28 11","39","주간","토","1","1","0","0","0","충남","아산시","차량단독","기타","기타","운전자법규위반","안전운전 의무 불이행","단일로","기타단일로","이륜차","이륜차","없음","없음","955299","1859334","126.99936636","36.73100197"
"2017","2017-10-28 13","25","주간","토","1","1","0","0","0","경남","김해시","차대사람","횡단중","횡단중","운전자법규위반","안전운전 의무 불이행","단일로","기타단일로","화물차","화물차","보행자","보행자","1119030","1700650","128.80908082","35.29428809"
"2017","2017-10-28 15","15","주간","토","1","1","0","0","0","강원","양양군","차량단독","전도","전도","운전자법규위반","안전운전 의무 불이행","단일로","기타단일로","이륜차","이륜차","없음","없음","1104864","2004757","128.69496349","38.03680091"
"2017","2017-10-28 18","02","야간","토","1","1","0","0","0","경북","상주시","차대차","측면충돌","측면충돌","운전자법규위반","안전운전 의무 불이행","단일로","기타단일로","승용차","승용차","이륜차","이륜차","1061035","1841846","128.18216582","36.57244957"
"2017","2017-10-28 18","50","야간","토","1","6","3","2","0","전남","영광군","차대차","측면충돌","측면충돌","운전자법규위반","안전운전 의무 불이행","단일로","기타단일로","화물차","화물차","승합차","승합차","908055","1689720","126.48997299","35.19860402"
"2017","2017-10-28 18","19","야간","토","1","1","0","0","0","전남","화순군","차량단독","전도전복","전도전복","운전자법규위반","안전운전 의무 불이행","교차로","교차로내","농기계","농기계","없음","없음","970337","1687872","127.17419468","35.18571459"
"2017","2017-10-28 18","45","야간","토","1","1","0","0","0","경북","의성군","차대사람","횡단중","횡단중","운전자법규위반","신호위반","단일로","기타단일로","승용차","승용차","보행자","보행자","1096534","1810929","128.57502339","36.29084285"
"2017","2017-10-28 20","00","야간","토","1","1","0","0","0","경남","창원시(통합)","차대사람","기타","기타","운전자법규위반","안전운전 의무 불이행","교차로","교차로부근","승합차","승합차","보행자","보행자","1108917","1699266","128.69769785","35.28296385"
"2017","2017-10-28 20","10","야간","토","1","1","0","0","0","울산","울주군","차대사람","차도통행중","차도통행중","운전자법규위반","안전운전 의무 불이행","단일로","기타단일로","승용차","승용차","보행자","보행자","1163462","1714860","129.30039537","35.41608074"
"2017","2017-10-28 21","05","야간","토","2","2","0","0","0","경기","양평군","차량단독","공작물충돌","공작물충돌","운전자법규위반","안전운전 의무 불이행","단일로","기타단일로","화물차","화물차","없음","없음","997917","1947614","127.47642525","37.52782888"
"2017","2017-10-29 03","30","야간","일","1","3","1","1","0","광주","북구","차량단독","공작물충돌","공작물충돌","운전자법규위반","안전운전 의무 불이행","단일로","기타단일로","승용차","승용차","없음","없음","945999","1684660","126.90709697","35.15573887"
"2017","2017-10-29 09","50","주간","일","1","1","0","0","0","경북","상주시","차대차","측면충돌","측면충돌","운전자법규위반","안전운전 의무 불이행","단일로","기타단일로","이륜차","이륜차","화물차","화물차","1054178","1816593","128.10376437","36.34521404"
"2017","2017-10-29 10","40","주간","일","1","3","2","0","0","경북","문경시","차대차","기타","기타","운전자법규위반","서행 및 일시정지위반","교차로","교차로내","화물차","화물차","농기계","농기계","1066627","1848275","128.2452182","36.63002832"
"2017","2017-10-29 14","10","주간","일","1","1","0","0","0","경북","문경시","차량단독","공작물충돌","공작물충돌","운전자법규위반","안전운전 의무 불이행","단일로","기타단일로","이륜차","이륜차","없음","없음","1061328","1844998","128.18569165","36.6008442"
"2017","2017-10-29 18","20","야간","일","1","3","1","1","0","전북","부안군","차대차","추돌","추돌","운전자법규위반","안전운전 의무 불이행","교차로","교차로부근","승용차","승용차","농기계","농기계","927381","1745172","126.69730102","35.70013765"
"2017","2017-10-29 18","15","야간","일","1","1","0","0","0","전남","영암군","차대사람","횡단중","횡단중","운전자법규위반","안전운전 의무 불이행","단일로","기타단일로","승용차","승용차","보행자","보행자","924736","1644617","126.6772827","34.79332577"
"2017","2017-10-29 20","16","야간","일","1","1","0","0","0","강원","정선군","차대사람","차도통행중","차도통행중","운전자법규위반","안전운전 의무 불이행","단일로","기타단일로","화물차","화물차","보행자","보행자","1096972","1934027","128.59561855","37.40028549"
"2017","2017-10-30 00","37","야간","월","1","1","0","0","0","대구","수성구","차대사람","기타","기타","운전자법규위반","안전운전 의무 불이행","단일로","기타단일로","화물차","화물차","보행자","보행자","1104331","1764891","128.65574656","35.87504558"
"2017","2017-10-30 00","30","야간","월","1","1","0","0","0","경기","용인시","차량단독","공작물충돌","공작물충돌","운전자법규위반","안전운전 의무 불이행","단일로","기타단일로","화물차","화물차","없음","없음","964282","1917358","127.09722112","37.25442365"
"2017","2017-10-30 01","28","야간","월","1","1","0","0","0","서울","광진구","차대사람","횡단중","횡단중","운전자법규위반","안전운전 의무 불이행","교차로","교차로내","화물차","화물차","보행자","보행자","963625","1950866","127.08816271","37.55642521"
"2017","2017-10-30 06","05","주간","월","1","1","0","0","0","강원","속초시","차대사람","횡단중","횡단중","운전자법규위반","안전운전 의무 불이행","단일로","기타단일로","승용차","승용차","보행자","보행자","1096755","2019811","128.60461579","38.17335628"
"2017","2017-10-30 06","30","주간","월","1","1","0","0","0","충남","서산시","차대사람","횡단중","횡단중","운전자법규위반","안전운전 의무 불이행","교차로","교차로부근","승용차","승용차","보행자","보행자","904873","1888490","126.43102605","36.99007229"
"2017","2017-10-30 07","40","주간","월","1","2","1","0","0","경기","용인시","차대차","측면충돌","측면충돌","운전자법규위반","안전운전 의무 불이행","단일로","기타단일로","화물차","화물차","건설기계","건설기계","975992","1914931","127.2293471","37.23292233"
"2017","2017-10-30 07","30","주간","월","1","1","0","0","0","경남","진주시","차대차","정면충돌","정면충돌","운전자법규위반","안전운전 의무 불이행","단일로","기타단일로","자전거","자전거","승용차","승용차","1055346","1686137","128.10776877","35.16898336"
"2017","2017-10-30 11","54","주간","월","1","1","0","0","0","전남","순천시","차량단독","전복","전복","운전자법규위반","안전운전 의무 불이행","단일로","기타단일로","농기계","농기계","없음","없음","984968","1673128","127.33516228","35.05309028"
"2017","2017-10-30 11","25","주간","월","1","1","0","0","0","서울","강북구","차대사람","횡단중","횡단중","운전자법규위반","안전운전 의무 불이행","교차로","교차로부근","건설기계","건설기계","보행자","보행자","959345","1958899","127.03925981","37.62864955"
"2017","2017-10-30 15","34","주간","월","1","1","0","0","0","서울","은평구","차대사람","횡단중","횡단중","운전자법규위반","보행자 보호의무 위반","교차로","교차로내","승용차","승용차","보행자","보행자","950164","1959937","126.93514559","37.63755292"
"2017","2017-10-30 16","45","주간","월","1","1","0","0","0","충북","청주시","차대차","측면충돌","측면충돌","운전자법규위반","신호위반","교차로","교차로내","이륜차","이륜차","승용차","승용차","1000519","1847955","127.50580498","36.62947403"
"2017","2017-10-30 16","23","주간","월","1","1","0","0","0","서울","강남구","차대차","측면충돌","측면충돌","운전자법규위반","안전운전 의무 불이행","단일로","기타단일로","승용차","승용차","승용차","승용차","960990","1946503","127.05856194","37.51699217"
"2017","2017-10-30 18","35","야간","월","1","1","0","0","0","충남","논산시","차대사람","횡단중","횡단중","운전자법규위반","안전운전 의무 불이행","단일로","기타단일로","승용차","승용차","보행자","보행자","972491","1802184","127.19393918","36.21644326"
"2017","2017-10-30 19","40","야간","월","1","1","0","0","0","경남","진주시","차량단독","전도","전도","운전자법규위반","안전운전 의무 불이행","교차로","교차로부근","원동기장치자전거","원동기장치자전거","없음","없음","1060930","1681943","128.16877509","35.13084458"
"2017","2017-10-30 19","00","야간","월","1","1","0","0","0","전북","군산시","차대사람","횡단중","횡단중","운전자법규위반","안전운전 의무 불이행","단일로","기타단일로","승용차","승용차","보행자","보행자","927715","1777208","126.6980904","35.98897623"
"2017","2017-10-30 20","30","야간","월","1","1","0","0","0","경남","거창군","차량단독","전복","전복","운전자법규위반","안전운전 의무 불이행","단일로","기타단일로","승합차","승합차","없음","없음","1030255","1762306","127.83508543","35.8568318"
"2017","2017-10-30 20","40","야간","월","1","1","0","0","0","충북","청주시","차대차","측면충돌","측면충돌","운전자법규위반","안전운전 의무 불이행","교차로","교차로내","승합차","승합차","자전거","자전거","983645","1843613","127.31716316","36.59019071"
"2017","2017-10-31 03","56","야간","화","1","1","0","0","0","경기","안산시","차대사람","횡단중","횡단중","운전자법규위반","안전운전 의무 불이행","단일로","기타단일로","승용차","승용차","보행자","보행자","944690","1929290","126.87541013","37.36101421"
"2017","2017-10-31 04","53","야간","화","1","1","0","0","0","서울","동작구","차대사람","횡단중","횡단중","운전자법규위반","보행자 보호의무 위반","교차로","교차로부근","화물차","화물차","보행자","보행자","953984","1952006","126.94272283","37.49539269"
"2017","2017-10-31 04","21","야간","화","1","1","0","0","0","인천","남동구","차대사람","횡단중","횡단중","운전자법규위반","과속","단일로","기타단일로","승용차","승용차","보행자","보행자","930231","1942520","126.71089382","37.4792805"
"2017","2017-10-31 04","27","야간","화","1","1","0","0","0","부산","기장군","차량단독","공작물충돌","공작물충돌","운전자법규위반","안전운전 의무 불이행","교차로","교차로내","승용차","승용차","없음","없음","1155952","1689643","129.21292592","35.1900123"
"2017","2017-10-31 05","41","야간","화","1","4","2","1","0","경기","부천시","차대차","측면충돌","측면충돌","운전자법규위반","차로위반(진로변경 위반)","단일로","교량위","화물차","화물차","승용차","승용차","933390","1944329","126.74989944","37.51474299"
"2017","2017-10-31 05","30","야간","화","1","1","0","0","0","대전","대덕구","차대사람","횡단중","횡단중","운전자법규위반","과속","단일로","기타단일로","승용차","승용차","보행자","보행자","993276","1819547","127.42503977","36.37334723"
"2017","2017-10-31 06","20","주간","화","1","1","0","0","0","전북","군산시","차대사람","기타","기타","운전자법규위반","안전운전 의무 불이행","단일로","기타단일로","승합차","승합차","보행자","보행자","929422","1776193","126.71711617","35.97995095"
"2017","2017-10-31 07","05","주간","화","1","1","0","0","0","충남","아산시","차대사람","횡단중","횡단중","운전자법규위반","보행자 보호의무 위반","교차로","교차로횡단보도내","화물차","화물차","보행자","보행자","955244","1865084","126.99841304","36.78283249"
"2017","2017-10-31 10","30","주간","화","1","1","0","0","0","경북","예천군","차량단독","도로이탈","도로이탈 추락","운전자법규위반","안전운전 의무 불이행","단일로","기타단일로","이륜차","이륜차","없음","없음","1076596","1845775","128.35646088","36.60674376"
"2017","2017-10-31 10","00","주간","화","1","1","0","0","0","전남","순천시","차대사람","횡단중","횡단중","운전자법규위반","안전운전 의무 불이행","단일로","기타단일로","화물차","화물차","보행자","보행자","979075","1674667","127.27050246","35.06686286"
"2017","2017-10-31 11","55","주간","화","1","6","2","3","0","전남","함평군","차대차","추돌","추돌","운전자법규위반","안전운전 의무 불이행","단일로","기타단일로","화물차","화물차","농기계","농기계","911844","1674105","126.53325556","35.0581598"
"2017","2017-10-31 11","28","주간","화","1","2","0","1","0","전남","장성군","차대차","기타","기타","운전자법규위반","안전운전 의무 불이행","단일로","기타단일로","이륜차","이륜차","건설기계","건설기계","939612","1697446","126.83620962","35.2702486"
"2017","2017-10-31 12","10","주간","화","1","1","0","0","0","경북","의성군","차량단독","도로이탈","도로이탈 추락","운전자법규위반","안전운전 의무 불이행","단일로","기타단일로","농기계","농기계","없음","없음","1079379","1819231","128.38485022","36.36724507"
"2017","2017-10-31 13","10","주간","화","1","1","0","0","0","경남","의령군","차대차","측면충돌","측면충돌","운전자법규위반","안전운전 의무 불이행","단일로","기타단일로","이륜차","이륜차","화물차","화물차","1071754","1704348","128.28952621","35.33213967"
"2017","2017-10-31 14","03","주간","화","1","1","0","0","0","제주","서귀포시","차대사람","횡단중","횡단중","운전자법규위반","안전운전 의무 불이행","교차로","교차로내","화물차","화물차","보행자","보행자","944793","1494960","126.90602361","33.44496258"
"2017","2017-10-31 15","30","주간","화","1","1","0","0","0","충남","부여군","차대사람","기타","기타","운전자법규위반","안전운전 의무 불이행","단일로","기타단일로","건설기계","건설기계","보행자","보행자","944885","1806130","126.88653321","36.25083714"
"2017","2017-10-31 15","30","주간","화","1","1","0","0","0","전남","보성군","차대차","측면충돌","측면충돌","운전자법규위반","직진 및 우회전차의 통행방해","교차로","교차로내","이륜차","이륜차","승용차","승용차","974653","1642378","127.22298422","34.77559687"
"2017","2017-10-31 18","05","야간","화","1","1","0","0","0","서울","구로구","차대차","기타","기타","운전자법규위반","신호위반","교차로","교차로횡단보도내","승용차","승용차","자전거","자전거","942333","1944944","126.84757172","37.5019631"
"2017","2017-10-31 19","20","야간","화","1","1","0","0","0","경북","성주군","차량단독","도로이탈","도로이탈 추락","운전자법규위반","안전운전 의무 불이행","단일로","기타단일로","이륜차","이륜차","없음","없음","1062099","1760708","128.18762829","35.84092388"
"2017","2017-10-31 20","02","야간","화","1","1","0","0","0","경기","포천시","차대사람","차도통행중","차도통행중","운전자법규위반","안전운전 의무 불이행","단일로","기타단일로","승용차","승용차","보행자","보행자","977097","1994758","127.23930625","37.95246537"
"2017","2017-10-31 21","20","야간","화","1","2","0","1","0","경북","포항시","차대사람","기타","기타","운전자법규위반","안전운전 의무 불이행","단일로","기타단일로","승합차","승합차","보행자","보행자","1175250","1778568","129.44405797","35.98816303"
"2017","2017-10-31 21","00","야간","화","1","1","0","0","0","강원","양양군","차대사람","차도통행중","차도통행중","운전자법규위반","안전운전 의무 불이행","단일로","기타단일로","화물차","화물차","보행자","보행자","1097637","2009099","128.61232943","38.07612185"
"2017","2017-11-01 04","30","야간","수","1","1","0","0","0","경기","수원시","차대차","추돌","추돌","운전자법규위반","안전운전 의무 불이행","기타","기타","이륜차","이륜차","화물차","화물차","957755","1915263","127.02373951","37.23526661"
"2017","2017-11-01 09","05","주간","수","1","2","0","1","0","전남","장성군","차대차","후진중충돌","후진중충돌","운전자법규위반","기타(운전자법규위반)","교차로","교차로부근","승용차","승용차","화물차","화물차","937137","1704452","126.80828876","35.33367665"
"2017","2017-11-01 13","20","주간","수","1","2","1","0","0","경북","영천시","차대사람","횡단중","횡단중","운전자법규위반","안전운전 의무 불이행","단일로","기타단일로","이륜차","이륜차","보행자","보행자","1129106","1774188","128.93163626","35.95588822"
"2017","2017-11-01 14","10","주간","수","1","1","0","0","0","경기","안산시","차대차","측면충돌","측면충돌","운전자법규위반","안전운전 의무 불이행","단일로","기타단일로","원동기장치자전거","원동기장치자전거","승용차","승용차","943437","1920627","126.8619219","37.28285575"
"2017","2017-11-01 15","10","주간","수","1","1","0","0","0","경북","안동시","차량단독","도로이탈","도로이탈 추락","운전자법규위반","안전운전 의무 불이행","교차로","교차로내","농기계","농기계","없음","없음","1120682","1858518","128.85131502","36.71702775"
"2017","2017-11-01 16","20","주간","수","1","1","0","0","0","경북","상주시","차량단독","전도","전도","운전자법규위반","안전운전 의무 불이행","단일로","기타단일로","이륜차","이륜차","없음","없음","1052589","1810702","128.08565982","36.29219488"
"2017","2017-11-01 18","00","야간","수","1","1","0","0","0","경북","상주시","차대사람","횡단중","횡단중","운전자법규위반","안전운전 의무 불이행","교차로","교차로내","승합차","승합차","보행자","보행자","1055413","1840573","128.11924267","36.56131701"
"2017","2017-11-01 18","30","야간","수","1","1","0","0","0","전남","진도군","차대사람","횡단중","횡단중","운전자법규위반","안전운전 의무 불이행","단일로","기타단일로","승용차","승용차","보행자","보행자","893352","1611997","126.33837665","34.4964147"
"2017","2017-11-01 20","47","야간","수","1","3","0","2","0","전북","김제시","차대차","추돌","추돌","운전자법규위반","안전운전 의무 불이행","단일로","기타단일로","화물차","화물차","화물차","화물차","954625","1752287","126.99802855","35.76591799"
"2017","2017-11-01 21","30","야간","수","1","1","0","0","0","경남","진주시","차대차","추돌","추돌","운전자법규위반","안전운전 의무 불이행","단일로","기타단일로","승용차","승용차","건설기계","건설기계","1063638","1687570","128.19893032","35.18141297"
"2017","2017-11-01 22","03","야간","수","1","1","0","0","0","경남","거제시","차대사람","횡단중","횡단중","운전자법규위반","안전운전 의무 불이행","단일로","기타단일로","승용차","승용차","보행자","보행자","1102783","1655828","128.62486735","34.89199498"
"2017","2017-11-02 00","40","야간","목","1","1","0","0","0","경기","이천시","차대차","기타","기타","운전자법규위반","보행자 보호의무 위반","교차로","교차로내","승용차","승용차","승용차","승용차","995328","1920378","127.447296","37.28231932"
"2017","2017-11-02 05","20","야간","목","1","1","0","0","0","부산","북구","차대사람","횡단중","횡단중","운전자법규위반","신호위반","단일로","기타단일로","승합차","승합차","보행자","보행자","1137515","1691720","129.01082372","35.21142297"
"2017","2017-11-02 06","10","주간","목","1","1","0","0","0","경남","김해시","차대사람","차도통행중","차도통행중","운전자법규위반","안전운전 의무 불이행","단일로","기타단일로","승용차","승용차","보행자","보행자","1128378","1695123","128.91099818","35.24330979"
"2017","2017-11-02 07","38","주간","목","1","1","0","0","0","제주","제주시","차대차","추돌","추돌","운전자법규위반","안전운전 의무 불이행","단일로","기타단일로","승용차","승용차","농기계","농기계","941514","1503307","126.87020181","33.52007128"
"2017","2017-11-02 08","47","주간","목","1","1","0","0","0","전남","무안군","차대차","측면충돌","측면충돌","운전자법규위반","안전운전 의무 불이행","교차로","교차로부근","승용차","승용차","이륜차","이륜차","897393","1673566","126.37487358","35.05193403"
"2017","2017-11-02 09","24","주간","목","1","1","0","0","0","충남","부여군","차량단독","도로이탈","도로이탈 추락","운전자법규위반","안전운전 의무 불이행","단일로","기타단일로","건설기계","건설기계","없음","없음","942449","1788536","126.86070999","36.09208296"
"2017","2017-11-02 09","40","주간","목","1","1","0","0","0","세종","세종","차량단독","전도","전도","운전자법규위반","안전운전 의무 불이행","단일로","기타단일로","이륜차","이륜차","없음","없음","981133","1847851","127.28897695","36.62834974"
"2017","2017-11-02 12","46","주간","목","1","1","0","0","0","전남","보성군","차대사람","기타","기타","운전자법규위반","안전운전 의무 불이행","단일로","기타단일로","승합차","승합차","보행자","보행자","971700","1657423","127.19020352","34.91118809"
"2017","2017-11-02 13","23","주간","목","3","10","3","4","0","경남","창원시(통합)","차대차","기타","기타","운전자법규위반","안전운전 의무 불이행","단일로","기타단일로","화물차","화물차","화물차","화물차","1107682","1692893","128.7142335","35.19412626"