"발생년","발생년월일시","발생분","주야","요일","사망자수","사상자수","중상자수","경상자수","부상신고자수","발생지시도","발생지시군구","사고유형_대분류","사고유형_중분류","사고유형","법규위반_대분류","법규위반","도로형태_대분류","도로형태","당사자종별_1당_대분류","당사자종별_1당","당사자종별_2당_대분류","당사자종별_2당","발생위치X_UTMK","발생위치Y_UTMK","경도","위도"
"2017","2017-11-12 09","20","주간","일","1","1","0","0","0","전남","해남군","차대사람","기타","기타","운전자법규위반","안전운전 의무 불이행","교차로","교차로내","승합차","승합차","보행자","보행자","912638","1606168","126.54896428","34.44569248"
"2017","2017-11-12 13","45","주간","일","1","1","0","0","0","전남","나주시","차대차","기타","기타","운전자법규위반","부당한 회전","단일로","기타단일로","원동기장치자전거","원동기장치자전거","승용차","승용차","923459","1661778","126.66175044","34.94796201"
"2017","2017-11-12 17","58","주간","일","1","1","0","0","0","충남","서산시","차대차","추돌","추돌","운전자법규위반","안전거리 미확보","단일로","기타단일로","이륜차","이륜차","농기계","농기계","903116","1887513","126.41141075","36.98108734"
"2017","2017-11-12 18","35","야간","일","1","1","0","0","0","광주","서구","차대차","측면충돌","측면충돌","운전자법규위반","신호위반","단일로","기타단일로","승합차","승합차","이륜차","이륜차","941444","1684064","126.85713039","35.1501099"
"2017","2017-11-12 18","05","야간","일","1","1","0","0","0","경북","경주시","차대사람","차도통행중","차도통행중","운전자법규위반","안전운전 의무 불이행","단일로","기타단일로","화물차","화물차","보행자","보행자","1142094","1759206","129.07293829","35.81905576"
"2017","2017-11-12 23","30","야간","일","1","1","0","0","0","충북","청주시","차대사람","기타","기타","운전자법규위반","안전운전 의무 불이행","단일로","교량위","승용차","승용차","보행자","보행자","1003735","1858936","127.54182931","36.72845963"
"2017","2017-11-12 23","50","야간","일","1","1","0","0","0","경기","성남시","차대사람","기타","기타","운전자법규위반","안전운전 의무 불이행","교차로","교차로내","이륜차","이륜차","보행자","보행자","968461","1938154","127.14346","37.44202398"
"2017","2017-11-13 00","25","야간","월","1","1","0","0","0","서울","강남구","차대차","측면충돌","측면충돌","운전자법규위반","신호위반","교차로","교차로내","승합차","승합차","이륜차","이륜차","960395","1946386","127.0518354","37.51591225"
"2017","2017-11-13 03","20","야간","월","1","2","0","1","0","전북","고창군","차대차","추돌","추돌","운전자법규위반","안전운전 의무 불이행","단일로","기타단일로","화물차","화물차","농기계","농기계","930736","1727209","126.73592478","35.53843003"
"2017","2017-11-13 06","10","주간","월","2","3","1","0","0","충남","보령시","차대차","추돌","추돌","운전자법규위반","안전운전 의무 불이행","단일로","기타단일로","승용차","승용차","화물차","화물차","915998","1801958","126.56548117","36.21114825"
"2017","2017-11-13 06","50","주간","월","1","1","0","0","0","전남","영암군","차대사람","횡단중","횡단중","운전자법규위반","안전운전 의무 불이행","교차로","교차로내","승용차","승용차","보행자","보행자","926103","1649947","126.69174411","34.84148179"
"2017","2017-11-13 09","15","주간","월","1","1","0","0","0","경남","진주시","차대사람","기타","기타","운전자법규위반","안전운전 의무 불이행","기타","기타","화물차","화물차","보행자","보행자","1052433","1696343","128.07643203","35.26116369"
"2017","2017-11-13 10","30","주간","월","1","1","0","0","0","경기","성남시","차대사람","횡단중","횡단중","운전자법규위반","안전운전 의무 불이행","단일로","기타단일로","화물차","화물차","보행자","보행자","971019","1939930","127.17230724","37.45811581"
"2017","2017-11-13 22","15","야간","월","1","2","0","1","0","경북","군위군","차대차","추돌","추돌","운전자법규위반","안전운전 의무 불이행","단일로","기타단일로","승용차","승용차","농기계","농기계","1096142","1799648","128.56927274","36.18919502"
"2017","2017-11-13 22","50","야간","월","1","1","0","0","0","전남","해남군","차량단독","기타","기타","운전자법규위반","안전운전 의무 불이행","단일로","기타단일로","화물차","화물차","없음","없음","918042","1600231","126.6083981","34.3925794"
"2017","2017-11-13 23","03","야간","월","1","1","0","0","0","대구","중구","차대사람","차도통행중","차도통행중","운전자법규위반","안전운전 의무 불이행","단일로","기타단일로","승용차","승용차","보행자","보행자","1098558","1764888","128.5918054","35.87561676"
"2017","2017-11-14 01","15","야간","화","1","1","0","0","0","부산","수영구","차대사람","횡단중","횡단중","운전자법규위반","안전운전 의무 불이행","교차로","교차로내","승용차","승용차","보행자","보행자","1146672","1687302","129.11046242","35.17051686"
"2017","2017-11-14 01","40","야간","화","1","2","0","0","1","대전","대덕구","차량단독","공작물충돌","공작물충돌","운전자법규위반","안전운전 의무 불이행","단일로","기타단일로","승용차","승용차","없음","없음","996770","1817726","127.463999","36.35694829"
"2017","2017-11-14 03","30","야간","화","1","1","0","0","0","전북","군산시","차량단독","공작물충돌","공작물충돌","운전자법규위반","안전운전 의무 불이행","단일로","기타단일로","승용차","승용차","없음","없음","924960","1769431","126.6683182","35.91858707"
"2017","2017-11-14 04","40","야간","화","1","1","0","0","0","광주","남구","차대사람","횡단중","횡단중","운전자법규위반","안전운전 의무 불이행","교차로","교차로부근","승용차","승용차","보행자","보행자","945129","1681379","126.89776323","35.12610785"
"2017","2017-11-14 05","25","야간","화","1","1","0","0","0","경기","남양주시","차대차","기타","기타","운전자법규위반","안전운전 의무 불이행","단일로","기타단일로","자전거","자전거","승용차","승용차","967023","1961857","127.12613854","37.65561845"
"2017","2017-11-14 05","15","야간","화","1","1","0","0","0","전남","순천시","차대차","추돌","추돌","운전자법규위반","과속","단일로","기타단일로","승용차","승용차","이륜차","이륜차","1002844","1657987","127.53113502","34.91666486"
"2017","2017-11-14 08","30","주간","화","1","1","0","0","0","강원","강릉시","차대사람","횡단중","횡단중","운전자법규위반","보행자 보호의무 위반","단일로","기타단일로","승용차","승용차","보행자","보행자","1124042","1973073","128.90799863","37.74889366"
"2017","2017-11-14 08","05","주간","화","2","2","0","0","0","서울","성동구","차량단독","공작물충돌","공작물충돌","운전자법규위반","안전운전 의무 불이행","단일로","기타단일로","원동기장치자전거","원동기장치자전거","없음","없음","961129","1949480","127.05997722","37.54383079"
"2017","2017-11-14 09","10","주간","화","1","1","0","0","0","전남","화순군","차대사람","기타","기타","운전자법규위반","안전운전 의무 불이행","단일로","기타단일로","화물차","화물차","보행자","보행자","952037","1661240","126.97474223","34.94486734"
"2017","2017-11-14 09","30","주간","화","1","1","0","0","0","전북","부안군","차대차","측면충돌","측면충돌","운전자법규위반","안전운전 의무 불이행","단일로","기타단일로","승용차","승용차","이륜차","이륜차","924767","1735605","126.6693034","35.61369014"
"2017","2017-11-14 10","55","주간","화","1","1","0","0","0","충남","공주시","차대차","추돌","추돌","운전자법규위반","안전운전 의무 불이행","단일로","기타단일로","승합차","승합차","이륜차","이륜차","966369","1847108","127.12388007","36.62124485"
"2017","2017-11-14 13","05","주간","화","2","3","1","0","0","경기","용인시","차대차","정면충돌","정면충돌","운전자법규위반","중앙선 침범","단일로","기타단일로","화물차","화물차","승합차","승합차","983501","1906700","127.31418084","37.15889061"
"2017","2017-11-14 14","35","주간","화","1","4","3","0","0","강원","강릉시","차대차","측면충돌","측면충돌","운전자법규위반","과속","교차로","교차로내","건설기계","건설기계","승용차","승용차","1132972","1965953","129.00803056","37.68348669"
"2017","2017-11-14 14","44","주간","화","1","1","0","0","0","부산","서구","차대차","측면충돌","측면충돌","운전자법규위반","신호위반","교차로","교차로부근","특수차","특수차","이륜차","이륜차","1138663","1680645","129.02157169","35.1114348"
"2017","2017-11-14 17","10","주간","화","1","1","0","0","0","경기","고양시","차대차","측면충돌","측면충돌","운전자법규위반","신호위반","교차로","교차로내","승합차","승합차","이륜차","이륜차","939444","1964881","126.81323921","37.68146782"
"2017","2017-11-14 19","18","야간","화","1","1","0","0","0","경기","안산시","차대차","측면충돌","측면충돌","운전자법규위반","신호위반","교차로","교차로내","승용차","승용차","이륜차","이륜차","939279","1924006","126.81474289","37.31304967"
"2017","2017-11-14 19","40","야간","화","1","1","0","0","0","울산","동구","차대차","기타","기타","운전자법규위반","안전운전 의무 불이행","교차로","교차로내","화물차","화물차","이륜차","이륜차","1174820","1724860","129.42758239","35.50426788"
"2017","2017-11-14 21","00","야간","화","1","1","0","0","0","경북","경주시","차대사람","길가장자리구역통행중","길가장자리구역통행중","운전자법규위반","안전운전 의무 불이행","단일로","기타단일로","화물차","화물차","보행자","보행자","1146218","1761077","129.11891614","35.83531236"
"2017","2017-11-14 23","35","야간","화","1","1","0","0","0","경기","수원시","차대차","정면충돌","정면충돌","운전자법규위반","안전운전 의무 불이행","단일로","기타단일로","화물차","화물차","승용차","승용차","958121","1920826","127.02755249","37.28542648"
"2017","2017-11-14 23","28","야간","화","1","1","0","0","0","전북","전주시","차대사람","차도통행중","차도통행중","운전자법규위반","과속","단일로","기타단일로","승용차","승용차","보행자","보행자","965929","1757777","127.12284503","35.81587306"
"2017","2017-11-15 00","00","야간","수","1","1","0","0","0","충남","천안시","차량단독","도로이탈","도로이탈 추락","운전자법규위반","안전운전 의무 불이행","단일로","기타단일로","화물차","화물차","없음","없음","980098","1856504","127.27717602","36.70633432"
"2017","2017-11-15 00","15","야간","수","1","1","0","0","0","경남","양산시","차대사람","횡단중","횡단중","운전자법규위반","안전운전 의무 불이행","교차로","교차로부근","승용차","승용차","보행자","보행자","1151147","1713571","129.16457028","35.40640864"
"2017","2017-11-15 14","45","주간","수","1","1","0","0","0","경기","부천시","차대사람","횡단중","횡단중","운전자법규위반","보행자 보호의무 위반","교차로","교차로내","화물차","화물차","보행자","보행자","935951","1946986","126.77519463","37.51994666"
"2017","2017-11-15 15","00","주간","수","1","1","0","0","0","부산","북구","차대차","기타","기타","운전자법규위반","부당한 회전","교차로","교차로부근","자전거","자전거","화물차","화물차","1135724","1690109","128.99088718","35.19714521"
"2017","2017-11-15 17","40","주간","수","1","1","0","0","0","인천","서구","차대차","측면충돌","측면충돌","운전자법규위반","직진 및 우회전차의 통행방해","교차로","교차로내","승용차","승용차","자전거","자전거","925363","1951355","126.65494316","37.55852679"
"2017","2017-11-15 18","20","야간","수","1","1","0","0","0","강원","횡성군","차대사람","횡단중","횡단중","운전자법규위반","안전운전 의무 불이행","단일로","기타단일로","승용차","승용차","보행자","보행자","1057420","1934505","128.14841345","37.40810512"
"2017","2017-11-15 18","00","야간","수","1","2","1","0","0","경남","창녕군","차대사람","횡단중","횡단중","운전자법규위반","보행자 보호의무 위반","교차로","교차로횡단보도내","화물차","화물차","보행자","보행자","1093173","1718242","128.52676141","35.45563104"
"2017","2017-11-15 22","40","야간","수","1","1","0","0","0","대구","달서구","차대사람","횡단중","횡단중","운전자법규위반","안전운전 의무 불이행","교차로","교차로내","승합차","승합차","보행자","보행자","1094141","1758061","128.54207676","35.81450827"
"2017","2017-11-15 23","35","야간","수","1","1","0","0","0","제주","서귀포시","차대사람","횡단중","횡단중","운전자법규위반","안전운전 의무 불이행","단일로","기타단일로","승용차","승용차","보행자","보행자","912182","1475151","126.55712137","33.2641356"
"2017","2017-11-15 23","50","야간","수","1","1","0","0","0","충북","진천군","차대사람","차도통행중","차도통행중","운전자법규위반","안전운전 의무 불이행","교차로","교차로부근","승용차","승용차","보행자","보행자","994807","1881719","127.44168648","36.93383427"
"2017","2017-11-16 00","00","야간","목","1","1","0","0","0","경기","김포시","차대차","정면충돌","정면충돌","운전자법규위반","중앙선 침범","단일로","터널안","승용차","승용차","이륜차","이륜차","925888","1960587","126.6599517","37.64177298"
"2017","2017-11-16 01","20","야간","목","1","3","2","0","0","경남","양산시","차대차","측면충돌","측면충돌","운전자법규위반","신호위반","교차로","교차로내","승용차","승용차","승용차","승용차","1138955","1705419","129.02895857","35.33470486"
"2017","2017-11-16 03","40","야간","목","1","1","0","0","0","충남","청양군","차량단독","공작물충돌","공작물충돌","운전자법규위반","안전운전 의무 불이행","교차로","교차로내","승용차","승용차","없음","없음","937084","1829676","126.7978043","36.46262116"
"2017","2017-11-16 04","23","야간","목","1","2","1","0","0","경기","남양주시","차대차","기타","기타","운전자법규위반","중앙선 침범","단일로","고가도로위","승용차","승용차","승용차","승용차","973383","1971637","127.19788355","37.74397437"
"2017","2017-11-16 06","00","주간","목","1","1","0","0","0","서울","은평구","차대사람","횡단중","횡단중","운전자법규위반","안전운전 의무 불이행","단일로","기타단일로","승합차","승합차","보행자","보행자","945652","1954633","126.8844022","37.5894922"
"2017","2017-11-16 06","45","주간","목","1","1","0","0","0","광주","남구","차대사람","기타","기타","운전자법규위반","안전운전 의무 불이행","교차로","교차로부근","화물차","화물차","보행자","보행자","945741","1679059","126.9044795","35.10523489"
"2017","2017-11-16 06","25","주간","목","1","1","0","0","0","충남","당진시","차대사람","횡단중","횡단중","운전자법규위반","안전운전 의무 불이행","교차로","교차로횡단보도내","화물차","화물차","보행자","보행자","919505","1886220","126.59567259","36.97097876"
"2017","2017-11-16 10","01","주간","목","1","2","0","1","0","전북","순창군","차대차","측면충돌","측면충돌","운전자법규위반","앞지르기 금지위반","단일로","교량위","승용차","승용차","이륜차","이륜차","966702","1708865","127.13341806","35.37489111"
"2017","2017-11-16 10","40","주간","목","1","1","0","0","0","전남","곡성군","차량단독","전도전복","전도전복","운전자법규위반","안전운전 의무 불이행","단일로","기타단일로","화물차","화물차","없음","없음","979245","1692918","127.27190818","35.23143834"
"2017","2017-11-16 11","15","주간","목","1","1","0","0","0","전남","무안군","차대차","기타","기타","운전자법규위반","서행 및 일시정지위반","교차로","교차로내","승용차","승용차","건설기계","건설기계","887224","1674996","126.26319409","35.06374053"
"2017","2017-11-16 17","10","주간","목","1","1","0","0","0","전북","익산시","차량단독","공작물충돌","공작물충돌","운전자법규위반","안전운전 의무 불이행","단일로","기타단일로","이륜차","이륜차","없음","없음","949868","1771711","126.94418432","35.9408086"
"2017","2017-11-16 18","08","야간","목","1","1","0","0","0","전남","무안군","차대사람","횡단중","횡단중","운전자법규위반","안전운전 의무 불이행","교차로","교차로부근","승용차","승용차","보행자","보행자","897935","1673304","126.38084804","35.0496269"
"2017","2017-11-16 21","30","야간","목","1","1","0","0","0","부산","북구","차량단독","기타","기타","운전자법규위반","안전운전 의무 불이행","단일로","기타단일로","승용차","승용차","없음","없음","1136149","1691030","128.99571767","35.20540028"
"2017","2017-11-16 22","40","야간","목","1","1","0","0","0","경기","파주시","차량단독","전도","전도","운전자법규위반","안전운전 의무 불이행","단일로","기타단일로","승용차","승용차","없음","없음","950103","1994357","126.93208459","37.94776937"
"2017","2017-11-16 23","05","야간","목","1","1","0","0","0","강원","강릉시","차대차","측면충돌","측면충돌","운전자법규위반","안전운전 의무 불이행","교차로","교차로내","승용차","승용차","자전거","자전거","1123470","1973646","128.9015256","37.75413414"
"2017","2017-11-16 23","13","야간","목","1","1","0","0","0","경기","남양주시","차대차","기타","기타","운전자법규위반","안전운전 의무 불이행","교차로","교차로내","승용차","승용차","승합차","승합차","976807","1950717","127.23741202","37.55550845"
"2017","2017-11-17 06","40","주간","금","1","1","0","0","0","전남","여수시","차대사람","차도통행중","차도통행중","운전자법규위반","안전운전 의무 불이행","교차로","교차로내","승용차","승용차","보행자","보행자","1017596","1639905","127.69225439","34.75345928"
"2017","2017-11-17 10","40","주간","금","1","1","0","0","0","부산","북구","차대사람","횡단중","횡단중","운전자법규위반","안전운전 의무 불이행","교차로","교차로내","화물차","화물차","보행자","보행자","1139563","1691867","129.03333123","35.21247163"
"2017","2017-11-17 11","00","주간","금","1","1","0","0","0","경북","안동시","차량단독","전도","전도","운전자법규위반","안전운전 의무 불이행","단일로","기타단일로","건설기계","건설기계","없음","없음","1095607","1830201","128.5670723","36.46464935"
"2017","2017-11-17 11","50","주간","금","1","2","0","1","0","전남","여수시","차량단독","전도","전도","운전자법규위반","안전운전 의무 불이행","단일로","기타단일로","농기계","농기계","없음","없음","1007511","1634674","127.57958352","34.70722702"
"2017","2017-11-17 16","50","주간","금","1","1","0","0","0","경북","경주시","차량단독","공작물충돌","공작물충돌","운전자법규위반","안전운전 의무 불이행","단일로","기타단일로","농기계","농기계","없음","없음","1174321","1760683","129.42983914","35.82716882"
"2017","2017-11-17 16","04","주간","금","1","1","0","0","0","전북","고창군","차대사람","차도통행중","차도통행중","운전자법규위반","안전운전 의무 불이행","단일로","기타단일로","화물차","화물차","보행자","보행자","907865","1715776","126.48495486","35.43349591"
"2017","2017-11-17 17","50","주간","금","1","1","0","0","0","충북","단양군","차대차","추돌","추돌","운전자법규위반","안전운전 의무 불이행","교차로","교차로내","승용차","승용차","건설기계","건설기계","1073979","1891135","128.33161246","37.01581504"
"2017","2017-11-17 18","00","야간","금","1","2","0","1","0","전북","진안군","차대차","기타","기타","운전자법규위반","신호위반","교차로","교차로내","승용차","승용차","원동기장치자전거","원동기장치자전거","986252","1760171","127.34777163","35.8379531"
"2017","2017-11-17 20","30","야간","금","1","1","0","0","0","충북","청주시","차대사람","횡단중","횡단중","운전자법규위반","과속","교차로","교차로부근","화물차","화물차","보행자","보행자","998349","1846722","127.48153632","36.61835724"
"2017","2017-11-18 00","01","야간","토","1","1","0","0","0","부산","사상구","차대사람","기타","기타","운전자법규위반","안전운전 의무 불이행","단일로","기타단일로","승용차","승용차","보행자","보행자","1137015","1684976","129.00422228","35.15069417"
"2017","2017-11-18 02","39","야간","토","1","2","1","0","0","경기","김포시","차대차","기타","기타","운전자법규위반","안전운전 의무 불이행","단일로","기타단일로","승용차","승용차","승용차","승용차","924533","1963729","126.64426959","37.66997965"
"2017","2017-11-18 07","00","주간","토","1","1","0","0","0","강원","정선군","차량단독","기타","기타","운전자법규위반","안전운전 의무 불이행","단일로","기타단일로","화물차","화물차","없음","없음","1123977","1912843","128.89711843","37.20617026"
"2017","2017-11-18 07","15","주간","토","1","1","0","0","0","전북","완주군","차량단독","도로이탈","도로이탈 추락","운전자법규위반","안전운전 의무 불이행","단일로","기타단일로","화물차","화물차","없음","없음","968969","1766999","127.15625773","35.89896922"
"2017","2017-11-18 07","30","주간","토","1","2","0","1","0","강원","정선군","차량단독","도로이탈","도로이탈 추락","운전자법규위반","안전운전 의무 불이행","단일로","기타단일로","승용차","승용차","없음","없음","1118334","1913668","128.83354514","37.21428424"
"2017","2017-11-18 13","42","주간","토","1","1","0","0","0","경기","안성시","차대차","측면충돌","측면충돌","운전자법규위반","신호위반","교차로","교차로내","이륜차","이륜차","화물차","화물차","976567","1892072","127.23654452","37.02688283"
"2017","2017-11-18 14","33","주간","토","1","3","2","0","0","전남","강진군","차량단독","공작물충돌","공작물충돌","운전자법규위반","안전운전 의무 불이행","단일로","교량위","승용차","승용차","없음","없음","935395","1628002","126.79524491","34.64430231"
"2017","2017-11-18 15","19","주간","토","1","1","0","0","0","경남","합천군","차대차","정면충돌","정면충돌","운전자법규위반","중앙선 침범","단일로","기타단일로","건설기계","건설기계","화물차","화물차","1056497","1750376","128.12487051","35.74811244"
"2017","2017-11-18 16","33","주간","토","1","1","0","0","0","광주","남구","차대차","측면충돌","측면충돌","운전자법규위반","신호위반","교차로","교차로내","이륜차","이륜차","승용차","승용차","945710","1679819","126.9042421","35.1120732"
"2017","2017-11-18 18","05","야간","토","1","2","0","1","0","경기","포천시","차대차","추돌","추돌","운전자법규위반","안전운전 의무 불이행","단일로","기타단일로","화물차","화물차","화물차","화물차","983953","1996556","127.31730419","37.96881762"
"2017","2017-11-18 20","40","야간","토","1","1","0","0","0","충북","옥천군","차대사람","횡단중","횡단중","운전자법규위반","안전운전 의무 불이행","교차로","교차로내","화물차","화물차","보행자","보행자","1006136","1810547","127.56833422","36.29221224"
"2017","2017-11-18 23","43","야간","토","1","1","0","0","0","충북","청주시","차량단독","기타","기타","운전자법규위반","안전운전 의무 불이행","단일로","기타단일로","화물차","화물차","없음","없음","1015030","1849428","127.66813817","36.64263459"
"2017","2017-11-19 02","51","야간","일","1","1","0","0","0","경남","창원시(통합)","차대차","추돌","추돌","운전자법규위반","안전운전 의무 불이행","단일로","기타단일로","이륜차","이륜차","승용차","승용차","1108843","1693293","128.69609284","35.22912478"
"2017","2017-11-19 02","53","야간","일","1","3","2","0","0","대구","달서구","차대차","기타","기타","운전자법규위반","안전운전 의무 불이행","기타","기타","승용차","승용차","화물차","화물차","1094129","1760830","128.5422703","35.83947115"
"2017","2017-11-19 06","00","주간","일","1","1","0","0","0","대구","수성구","차대사람","횡단중","횡단중","운전자법규위반","안전운전 의무 불이행","단일로","기타단일로","화물차","화물차","보행자","보행자","1100131","1762383","128.60891323","35.85287592"
"2017","2017-11-19 07","00","주간","일","1","1","0","0","0","강원","원주시","차량단독","전도전복","전도전복","운전자법규위반","안전운전 의무 불이행","단일로","기타단일로","화물차","화물차","없음","없음","1057145","1916958","128.14436132","37.24974983"
"2017","2017-11-19 10","16","주간","일","1","2","0","1","0","경남","산청군","차량단독","도로이탈","도로이탈 추락","운전자법규위반","안전운전 의무 불이행","단일로","기타단일로","승용차","승용차","없음","없음","1037286","1709621","127.91051991","35.38156653"
"2017","2017-11-19 15","30","주간","일","1","1","0","0","0","부산","금정구","차대사람","기타","기타","운전자법규위반","안전운전 의무 불이행","단일로","기타단일로","승용차","승용차","보행자","보행자","1145391","1692597","129.09748003","35.21821736"
"2017","2017-11-19 18","15","야간","일","1","1","0","0","0","경기","오산시","차대차","측면충돌","측면충돌","운전자법규위반","교차로 통행방법 위반","교차로","교차로내","승용차","승용차","이륜차","이륜차","961643","1907561","127.0679666","37.16600997"
"2017","2017-11-19 18","22","야간","일","1","1","0","0","0","경기","안성시","차대차","추돌","추돌","운전자법규위반","안전운전 의무 불이행","단일로","기타단일로","승용차","승용차","승용차","승용차","987909","1894701","127.36401905","37.05079613"
"2017","2017-11-19 18","35","야간","일","1","1","0","0","0","충남","천안시","차량단독","전도전복","전도전복","운전자법규위반","기타(운전자법규위반)","단일로","기타단일로","화물차","화물차","없음","없음","965418","1857516","127.11277478","36.71503609"
"2017","2017-11-20 05","30","야간","월","1","1","0","0","0","대전","대덕구","차대차","추돌","추돌","운전자법규위반","안전운전 의무 불이행","교차로","교차로내","원동기장치자전거","원동기장치자전거","화물차","화물차","990331","1826554","127.3921212","36.43649244"
"2017","2017-11-20 06","10","주간","월","1","1","0","0","0","경기","안산시","차대사람","보도통행중","보도통행중","운전자법규위반","과속","단일로","기타단일로","승용차","승용차","보행자","보행자","943387","1919626","126.86143412","37.27383026"
"2017","2017-11-20 06","20","주간","월","1","1","0","0","0","경기","평택시","차대사람","차도통행중","차도통행중","운전자법규위반","안전운전 의무 불이행","단일로","기타단일로","승용차","승용차","보행자","보행자","961726","1888762","127.06985989","36.99655823"
"2017","2017-11-20 06","00","주간","월","1","2","1","0","0","충남","아산시","차대차","추돌","추돌","운전자법규위반","안전운전 의무 불이행","단일로","기타단일로","승용차","승용차","농기계","농기계","942992","1860886","126.86142385","36.74433256"
"2017","2017-11-20 08","30","주간","월","1","1","0","0","0","강원","고성군","차량단독","전도전복","전도전복","운전자법규위반","안전운전 의무 불이행","기타","기타","승용차","승용차","없음","없음","1093791","2026816","128.57170759","38.23679178"
"2017","2017-11-20 10","10","주간","월","1","1","0","0","0","경북","영양군","차대사람","보도통행중","보도통행중","운전자법규위반","기타(운전자법규위반)","단일로","기타단일로","승용차","승용차","보행자","보행자","1144179","1852804","129.11325531","36.66226008"
"2017","2017-11-20 13","00","주간","월","1","1","0","0","0","전남","해남군","차대사람","기타","기타","운전자법규위반","안전운전 의무 불이행","단일로","기타단일로","화물차","화물차","보행자","보행자","913934","1616505","126.56207323","34.53898866"
"2017","2017-11-20 14","15","주간","월","1","1","0","0","0","강원","춘천시","차량단독","전도전복","전도전복","운전자법규위반","안전운전 의무 불이행","단일로","기타단일로","건설기계","건설기계","없음","없음","1022629","1973507","127.75690936","37.76093636"
"2017","2017-11-20 15","05","주간","월","1","2","1","0","0","제주","서귀포시","차량단독","기타","기타","운전자법규위반","안전운전 의무 불이행","교차로","교차로내","승용차","승용차","없음","없음","923029","1476260","126.67347724","33.27496629"
"2017","2017-11-20 17","42","주간","월","1","1","0","0","0","광주","남구","차대사람","횡단중","횡단중","운전자법규위반","보행자 보호의무 위반","단일로","기타단일로","승용차","승용차","보행자","보행자","944310","1679496","126.88890154","35.10908431"
"2017","2017-11-20 19","25","야간","월","1","1","0","0","0","충남","보령시","차대사람","횡단중","횡단중","운전자법규위반","안전운전 의무 불이행","단일로","기타단일로","승용차","승용차","보행자","보행자","919361","1815022","126.60154196","36.32919901"
"2017","2017-11-20 20","36","야간","월","1","1","0","0","0","경남","고성군","차량단독","공작물충돌","공작물충돌","운전자법규위반","과속","단일로","기타단일로","승용차","승용차","없음","없음","1085390","1672617","128.4362622","35.04498169"
"2017","2017-11-21 01","48","야간","화","1","1","0","0","0","서울","용산구","차대사람","기타","기타","운전자법규위반","안전운전 의무 불이행","단일로","기타단일로","승용차","승용차","보행자","보행자","953230","1948206","126.9706443","37.5319809"
"2017","2017-11-21 04","45","야간","화","1","1","0","0","0","경북","문경시","차량단독","기타","기타","운전자법규위반","안전운전 의무 불이행","교차로","교차로부근","승합차","승합차","없음","없음","1061625","1844197","128.18894791","36.59360453"
"2017","2017-11-21 05","44","야간","화","1","1","0","0","0","서울","성북구","차대사람","횡단중","횡단중","운전자법규위반","안전운전 의무 불이행","교차로","교차로내","승용차","승용차","보행자","보행자","956821","1956482","127.01079918","37.60674959"
"2017","2017-11-21 06","40","주간","화","1","4","0","0","3","경기","고양시","차대차","추돌","추돌","운전자법규위반","안전운전 의무 불이행","단일로","기타단일로","승합차","승합차","화물차","화물차","934720","1960274","126.76008089","37.63962234"
"2017","2017-11-21 06","00","주간","화","1","2","1","0","0","경남","창원시(통합)","차대차","추돌","추돌","운전자법규위반","안전운전 의무 불이행","단일로","기타단일로","승용차","승용차","이륜차","이륜차","1093645","1694820","128.52927949","35.24442666"
"2017","2017-11-21 08","18","주간","화","1","1","0","0","0","경북","포항시","차량단독","기타","기타","운전자법규위반","기타(운전자법규위반)","단일로","기타단일로","화물차","화물차","없음","없음","1143534","1797096","129.09573706","36.16032857"
"2017","2017-11-21 13","30","주간","화","1","6","0","5","0","경기","평택시","차대차","기타","기타","운전자법규위반","안전거리 미확보","단일로","기타단일로","승용차","승용차","승용차","승용차","966993","1888323","127.12907077","36.99280071"
"2017","2017-11-21 14","50","주간","화","1","5","0","4","0","경기","화성시","차대차","기타","기타","운전자법규위반","안전거리 미확보","단일로","기타단일로","승용차","승용차","승합차","승합차","964104","1909433","127.09559545","37.18298187"
"2017","2017-11-21 15","20","주간","화","1","3","1","1","0","경기","의정부시","차대차","측면충돌","측면충돌","운전자법규위반","안전운전 의무 불이행","교차로","교차로내","승용차","승용차","승용차","승용차","961605","1969773","127.06429874","37.72675559"
"2017","2017-11-21 16","30","주간","화","1","1","0","0","0","전남","함평군","차대차","측면충돌","측면충돌","운전자법규위반","안전운전 의무 불이행","교차로","교차로내","이륜차","이륜차","화물차","화물차","910859","1674264","126.52243806","35.05950679"
"2017","2017-11-21 16","25","주간","화","1","1","0","0","0","인천","남구","차대사람","횡단중","횡단중","운전자법규위반","안전운전 의무 불이행","교차로","교차로부근","승용차","승용차","보행자","보행자","928781","1940767","126.69466493","37.46337037"
"2017","2017-11-21 17","10","주간","화","1","11","2","8","0","충남","서산시","차대차","기타","기타","운전자법규위반","안전운전 의무 불이행","단일로","기타단일로","화물차","화물차","승용차","승용차","917181","1868049","126.57155215","36.80699438"